uid,source_file,created_at,month,shipment_id,reference_id,fc,kind,n_lines,units,notes
S00001,2020-09.docx,2020-09-01T12:30:00,2020-09,FBA15D52DVJR,,,,1,5,
S00002,2020-09.docx,2020-09-01T16:31:00,2020-09,FBA15D53M179,,,,4,158,
S00003,2020-09.docx,2020-09-02T13:12:00,2020-09,FBA15D55ZX5P,,,,3,113,
S00004,2020-09.docx,2020-09-03T10:50:00,2020-09,FBA15D57PD81,,,,1,14,
S00005,2020-09.docx,2020-09-03T14:33:00,2020-09,FBA15D58KPW6,,,,6,220,
S00006,2020-09.docx,2020-09-03T19:25:00,2020-09,FBA15D58YH34,,,,1,10,
S00007,2020-09.docx,2020-09-03T19:29:00,2020-09,FBA15D58ZBDM,,,,1,10,
S00008,2020-09.docx,2020-09-03T20:28:00,2020-09,FBA15D590K0F,,,,1,4,
S00009,2020-09.docx,2020-09-03T20:34:00,2020-09,FBA15D592HVW,,,,1,4,
S00010,2020-09.docx,2020-09-04T13:29:00,2020-09,FBA15D5BMZPM,,,,1,70,
S00011,2020-09.docx,2020-09-04T14:28:00,2020-09,FBA15D5BS8G3,,,,1,70,
S00012,2020-09.docx,2020-09-04T14:53:00,2020-09,FBA15D5BSF3M,,,,1,70,
S00013,2020-09.docx,2020-09-04T15:06:00,2020-09,FBA15D5BVKSQ,,,,1,155,
S00014,2020-09.docx,2020-09-04T15:20:00,2020-09,FBA15D5BT57D,,,,1,155,
S00015,2020-09.docx,2020-09-07T13:49:00,2020-09,FBA15D5G2XWL,,,,1,76,
S00016,2020-09.docx,2020-09-07T14:00:00,2020-09,FBA15D5GBRWH,,,,1,3,
S00017,2020-09.docx,2020-09-08T11:57:00,2020-09,FBA15D5JFBFW,,,,1,37,
S00018,2020-09.docx,2020-09-08T12:02:00,2020-09,FBA15D5JHN35,,,,1,2,
S00019,2020-09.docx,2020-09-09T09:41:00,2020-09,FBA15D5L8BRZ,,,,2,58,
S00020,2020-09.docx,2020-09-09T12:11:00,2020-09,FBA15D5M219L,,,,2,34,
S00021,2020-09.docx,2020-09-09T13:02:00,2020-09,FBA15D5LY7HB,,,,1,24,
S00022,2020-09.docx,2020-09-09T13:26:00,2020-09,FBA15D5LY6M7,,,,1,19,
S00023,2020-09.docx,2020-09-09T15:43:00,2020-09,FBA15D5MK78L,,,,1,2,
S00024,2020-09.docx,2020-09-14T11:33:00,2020-09,FBA15D5X0RXN,,,,2,4,
S00025,2020-09.docx,2020-09-14T11:52:00,2020-09,FBA15D5WXQG8,,,,1,4,
S00026,2020-09.docx,2020-09-14T12:39:00,2020-09,FBA15D5XBFXN,,,,1,2,
S00027,2020-09.docx,2020-09-14T12:55:00,2020-09,FBA15D5X8JWZ,,,,1,4,
S00028,2020-09.docx,2020-09-14T13:00:00,2020-09,FBA15D5X8HZL,,,,1,2,
S00029,2020-09.docx,2020-09-14T13:27:00,2020-09,FBA15D5XC3Q5,,,,1,4,
S00030,2020-09.docx,2020-09-14T13:31:00,2020-09,FBA15D5XGBRG,,,,1,4,
S00031,2020-09.docx,2020-09-14T13:43:00,2020-09,FBA15D5XGF3C,,,,1,8,
S00032,2020-09.docx,2020-09-14T13:50:00,2020-09,FBA15D5XFRW8,,,,2,8,
S00033,2020-09.docx,2020-09-14T13:53:00,2020-09,FBA15D5XJ410,,,,2,3,
S00034,2020-09.docx,2020-09-14T13:58:00,2020-09,FBA15D5XG6X3,,,,1,8,
S00035,2020-09.docx,2020-09-14T14:02:00,2020-09,FBA15D5XMJF3,,,,1,8,
S00036,2020-09.docx,2020-09-15T10:44:00,2020-09,FBA15D5ZCWMD,,,,1,30,
S00037,2020-09.docx,2020-09-15T11:47:00,2020-09,FBA15D5ZNDVC,,,,1,23,
S00038,2020-09.docx,2020-09-15T12:37:00,2020-09,FBA15D5ZV2VH,,,,1,7,
S00039,2020-09.docx,2020-09-15T12:57:00,2020-09,FBA15D5ZZCX0,,,,1,100,
S00040,2020-09.docx,2020-09-15T13:33:00,2020-09,FBA15D6038XM,,,,1,13,
S00041,2020-09.docx,2020-09-15T13:57:00,2020-09,FBA15D6035MP,,,,1,9,
S00042,2020-09.docx,2020-09-15T14:30:00,2020-09,FBA15D6072GH,,,,1,15,
S00043,2020-09.docx,2020-09-16T09:58:00,2020-09,FBA15D61RYZH,,,,2,6,
S00044,2020-09.docx,2020-09-18T09:18:00,2020-09,FBA15D67LTGS,,,,1,8,
S00045,2020-09.docx,2020-09-18T10:34:00,2020-09,FBA15D67YJL8,,,,1,8,
S00046,2020-09.docx,2020-09-18T11:53:00,2020-09,FBA15D686T9B,,,,4,120,
S00047,2020-09.docx,2020-09-18T13:41:00,2020-09,FBA15D68FWKR,,,,1,8,
S00048,2020-09.docx,2020-09-21T12:37:00,2020-09,FBA15D6D0DQ2,,,,1,3,
S00049,2020-09.docx,2020-09-21T13:00:00,2020-09,FBA15D6D68J6,,,,1,3,
S00050,2020-09.docx,2020-09-21T14:02:00,2020-09,FBA15D6DGW9J,,,,1,2,
S00051,2020-09.docx,2020-09-21T14:10:00,2020-09,FBA15D6DDR92,,,,1,2,
S00052,2020-09.docx,2020-09-22T08:08:00,2020-09,FBA15D6FLSFZ,,,,1,7,
S00053,2020-09.docx,2020-09-22T08:35:00,2020-09,FBA15D6FRMFN,,,,1,8,
S00054,2020-09.docx,2020-09-22T09:36:00,2020-09,FBA15D6FXVN1,,,,1,8,
S00055,2020-09.docx,2020-09-22T10:20:00,2020-09,FBA15D6G2WGC,,,,1,8,
S00056,2020-09.docx,2020-09-22T10:30:00,2020-09,FBA15D6G90P4,,,,1,8,
S00057,2020-09.docx,2020-09-22T11:53:00,2020-09,FBA15D6GH7XG,,,,1,8,
S00058,2020-09.docx,2020-09-22T12:32:00,2020-09,FBA15D6GMV36,,,,1,5,
S00059,2020-09.docx,2020-09-22T13:02:00,2020-09,FBA15D6GT5SB,,,,1,8,
S00060,2020-09.docx,2020-09-22T13:52:00,2020-09,FBA15D6H2VVM,,,,1,8,
S00061,2020-09.docx,2020-09-22T14:06:00,2020-09,FBA15D6GZ7D5,,,,1,5,
S00062,2020-09.docx,2020-09-22T15:00:00,2020-09,FBA15D6H6LM0,,,,2,5,
S00063,2020-09.docx,2020-09-22T15:29:00,2020-09,FBA15D6H8KQ6,,,,1,7,
S00064,2020-09.docx,2020-09-23T11:53:00,2020-09,FBA15D6K33RQ,,,,3,72,
S00065,2020-09.docx,2020-09-23T12:15:00,2020-09,FBA15D6K7860,,,,1,5,
S00066,2020-09.docx,2020-09-23T13:56:00,2020-09,FBA15D6KR03T,,,,4,154,
S00067,2020-09.docx,2020-09-23T14:31:00,2020-09,FBA15D6KPGNV,,,,1,3,
S00068,2020-09.docx,2020-09-23T15:02:00,2020-09,FBA15D6KSZKZ,,,,1,50,
S00069,2020-09.docx,2020-09-23T15:11:00,2020-09,FBA15D6KTKYN,,,,2,43,
S00070,2020-09.docx,2020-09-24T09:54:00,2020-09,FBA15D6M7S3H,,,,1,11,
S00071,2020-09.docx,2020-09-24T09:54:00,2020-09,FBA15D6M5MZ5,,,,1,11,
S00072,2020-09.docx,2020-09-24T10:14:00,2020-09,FBA15D6MFF3N,,,,2,36,
S00073,2020-09.docx,2020-09-24T12:57:00,2020-09,FBA15D6N1PM7,,,,2,16,
S00074,2020-09.docx,2020-09-24T13:44:00,2020-09,FBA15D6N8B46,,,,2,49,
S00075,2020-09.docx,2020-09-24T14:20:00,2020-09,FBA15D6N9XW4,,,,2,26,
S00076,2020-09.docx,2020-09-24T14:47:00,2020-09,FBA15D6NCWR7,,,,4,140,
S00077,2020-09.docx,2020-09-25T10:23:00,2020-09,FBA15D6QSK78,,,,4,140,
S00078,2020-09.docx,2020-09-25T13:32:00,2020-09,FBA15D6RPFYQ,,,,2,50,
S00079,2020-09.docx,2020-09-28T08:42:00,2020-09,FBA15D6VVGLS,,,,1,70,
S00080,2020-09.docx,2020-09-28T15:42:00,2020-09,FBA15D6XF5WH,,,,1,10,
S00081,2020-09.docx,2020-09-29T08:56:00,2020-09,FBA15D6YKX40,,,,1,10,
S00082,2020-09.docx,2020-09-29T14:11:00,2020-09,FBA15D6ZQZTC,,,,1,16,
S00083,2020-09.docx,2020-09-29T14:46:00,2020-09,FBA15D6ZYDDH,,,,1,33,
S00084,2020-09.docx,2020-09-29T15:18:00,2020-09,FBA15D701W8C,,,,1,41,
S00085,2020-09.docx,2020-09-30T10:23:00,2020-09,FBA15D71GW87,,,,1,13,
S00086,2020-09.docx,2020-09-30T11:30:00,2020-09,FBA15D71S9T8,,,,2,151,
S00087,2020-09.docx,2020-09-30T13:16:00,2020-09,FBA15D721L6N,,,,1,17,
S00088,2020-09.docx,2020-09-30T13:45:00,2020-09,FBA15D725BZ0,,,,1,2,
S00089,2020-09.docx,2020-09-30T14:02:00,2020-09,FBA15D725BKR,,,,1,2,
S00090,2020-09.docx,2020-09-30T14:18:00,2020-09,FBA15D724YMF,,,,1,10,
S00091,2020-09.docx,2020-09-30T14:31:00,2020-09,FBA15D72503W,,,,1,10,
S00092,2020-09.docx,2020-09-30T14:46:00,2020-09,FBA15D726W39,,,,1,6,
S00093,2020-09.docx,2020-09-30T14:48:00,2020-09,FBA15D72BWLN,,,,1,6,
S00094,2020-09.docx,2020-09-30T14:57:00,2020-09,FBA15D729LTR,,,,1,4,
S00095,2020-09.docx,2020-09-30T15:29:00,2020-09,FBA15D72B5Y1,,,,2,23,
S00096,2020-10.docx,2020-10-01T10:01:00,2020-10,FBA15D738P6M,,,,1,6,
S00097,2020-10.docx,2020-10-01T10:11:00,2020-10,FBA15D738K5G,,,,2,4,
S00098,2020-10.docx,2020-10-02T10:17:00,2020-10,FBA15D74Y9RD,,,,3,63,
S00099,2020-10.docx,2020-10-02T12:09:00,2020-10,FBA15D756YKB,,,,1,6,
S00100,2020-10.docx,2020-10-02T12:47:00,2020-10,FBA15D759HRT,,,,2,72,
S00101,2020-10.docx,2020-10-02T13:00:00,2020-10,FBA15D75BM0R,,,,2,72,
S00102,2020-10.docx,2020-10-02T13:30:00,2020-10,FBA15D75GK1Z,,,,2,28,
S00103,2020-10.docx,2020-10-02T14:04:00,2020-10,FBA15D75H82K,,,,4,141,
S00104,2020-10.docx,2020-10-02T14:41:00,2020-10,FBA15D75N723,,,,1,11,
S00105,2020-10.docx,2020-10-05T12:34:00,2020-10,FBA15D785RZP,,,,1,41,
S00106,2020-10.docx,2020-10-05T13:19:00,2020-10,FBA15D78C0C7,,,,2,64,
S00107,2020-10.docx,2020-10-05T14:02:00,2020-10,FBA15D78FMY8,,,,1,22,
S00108,2020-10.docx,2020-10-05T14:42:00,2020-10,FBA15D78LJ7L,,,,1,17,
S00109,2020-10.docx,2020-10-05T14:50:00,2020-10,FBA15D78JFVG,,,,2,40,
S00110,2020-10.docx,2020-10-06T15:22:00,2020-10,FBA15D7BT129,,,,3,157,
S00111,2020-10.docx,2020-10-07T14:49:00,2020-10,FBA15D7G7L80,,,,1,24,
S00112,2020-10.docx,2020-10-07T15:13:00,2020-10,FBA15D7GBGJR,,,,1,24,
S00113,2020-10.docx,2020-10-08T08:15:00,2020-10,FBA15D7H9WHC,,,,2,95,
S00114,2020-10.docx,2020-10-09T11:36:00,2020-10,FBA15D7LKXJ8,,,,5,195,
S00115,2020-10.docx,2020-10-09T12:02:00,2020-10,FBA15D7LM1GH,,,,3,160,
S00116,2020-10.docx,2020-10-09T12:13:00,2020-10,FBA15D7LL55P,,,,1,25,
S00117,2020-10.docx,2020-10-09T12:26:00,2020-10,FBA15D7M065K,,,,1,25,
S00118,2020-10.docx,2020-10-09T14:06:00,2020-10,FBA15D7M16J5,,,,1,12,
S00119,2020-10.docx,2020-10-09T14:09:00,2020-10,FBA15D7M75D4,,,,1,3,
S00120,2020-10.docx,2020-10-09T14:14:00,2020-10,FBA15D7M5QMD,,,,1,2,
S00121,2020-10.docx,2020-10-09T14:21:00,2020-10,FBA15D7M6BJ6,,,,1,12,
S00122,2020-10.docx,2020-10-12T12:13:00,2020-10,FBA15D7RCCCP,,,,1,0,
S00123,2020-10.docx,2020-10-12T13:06:00,2020-10,FBA15D7RL19J,,,,1,0,
S00124,2020-10.docx,2020-10-13T12:23:00,2020-10,FBA15D7V3729,,,,1,2,
S00125,2020-10.docx,2020-10-13T12:39:00,2020-10,FBA15D7V705M,,,,1,2,
S00126,2020-10.docx,2020-10-13T12:47:00,2020-10,FBA15D7V57FV,,,,1,2,
S00127,2020-10.docx,2020-10-13T12:54:00,2020-10,FBA15D7VB0SK,,,,1,2,
S00128,2020-10.docx,2020-10-13T13:06:00,2020-10,FBA15D7VB9QB,,,,1,3,
S00129,2020-10.docx,2020-10-13T13:16:00,2020-10,FBA15D7V9S2V,,,,1,3,
S00130,2020-10.docx,2020-10-13T13:23:00,2020-10,FBA15D7VB01Z,,,,1,3,
S00131,2020-10.docx,2020-10-13T13:56:00,2020-10,FBA15D7VDQ0K,,,,1,22,
S00132,2020-10.docx,2020-10-13T14:06:00,2020-10,FBA15D7VFZZX,,,,1,22,
S00133,2020-10.docx,2020-10-13T14:14:00,2020-10,FBA15D7VMBGL,,,,1,17,
S00134,2020-10.docx,2020-10-14T14:33:00,2020-10,FBA15D7YCY35,,,,1,42,
S00135,2020-10.docx,2020-10-15T08:19:00,2020-10,FBA15D7ZK7X5,,,,1,10,
S00136,2020-10.docx,2020-10-15T08:32:00,2020-10,FBA15D7ZQWW1,,,,1,19,
S00137,2020-10.docx,2020-10-15T10:29:00,2020-10,FBA15D8059J6,,,,2,200,
S00138,2020-10.docx,2020-10-15T11:41:00,2020-10,FBA15D80N3NR,,,,1,5,
S00139,2020-10.docx,2020-10-16T10:39:00,2020-10,FBA15D82Z4F7,,,,1,15,
S00140,2020-10.docx,2020-10-16T10:54:00,2020-10,FBA15D830JPJ,,,,1,23,
S00141,2020-10.docx,2020-10-16T12:37:00,2020-10,FBA15D83FW85,,,,1,17,
S00142,2020-10.docx,2020-10-16T13:02:00,2020-10,FBA15D83JTW5,,,,1,6,
S00143,2020-10.docx,2020-10-16T13:30:00,2020-10,FBA15D83MXQ4,,,,1,13,
S00144,2020-10.docx,2020-10-16T13:37:00,2020-10,FBA15D83N3T5,,,,1,0,
S00145,2020-10.docx,2020-10-20T10:49:00,2020-10,FBA15D8F5ML1,,,,1,20,
S00146,2020-10.docx,2020-10-23T09:44:00,2020-10,FBA15D8Q44GQ,,,,1,10,
S00147,2020-10.docx,2020-10-23T10:42:00,2020-10,FBA15D8QB3F8,,,,14,136,
S00148,2020-10.docx,2020-10-23T13:32:00,2020-10,FBA15D8R36W7,,,,5,190,
S00149,2020-10.docx,2020-10-27T12:45:00,2020-10,FBA15D8Z48CR,,,,1,15,
S00150,2020-10.docx,2020-10-28T14:19:00,2020-10,FBA15D92G7WH,,,,1,40,
S00151,2020-11.docx,2020-11-02T13:50:00,2020-11,FBA15D9DBTXN,,,,3,73,
S00152,2020-11.docx,2020-11-03T13:17:00,2020-11,FBA15D9J7Z11,,,,1,42,
S00153,2020-11.docx,2020-11-04T10:43:00,2020-11,FBA15D9LLCK1,,,,1,22,
S00154,2020-11.docx,2020-11-04T11:06:00,2020-11,FBA15D9LQ1Z4,,,,1,50,
S00155,2020-11.docx,2020-11-04T11:39:00,2020-11,FBA15D9LTRRV,,,,1,14,
S00156,2020-11.docx,2020-11-04T11:48:00,2020-11,FBA15D9LZV56,,,,1,22,
S00157,2020-11.docx,2020-11-04T12:20:00,2020-11,FBA15D9M683Y,,,,1,43,
S00158,2020-11.docx,2020-11-04T12:29:00,2020-11,FBA15D9LZ28K,,,,1,43,
S00159,2020-11.docx,2020-11-04T13:43:00,2020-11,FBA15D9MB1Y6,,,,1,33,
S00160,2020-11.docx,2020-11-05T08:12:00,2020-11,FBA15D9NQY1F,,,,1,25,
S00161,2020-11.docx,2020-11-05T08:45:00,2020-11,FBA15D9NXRN4,,,,2,60,
S00162,2020-11.docx,2020-11-05T09:21:00,2020-11,FBA15D9P19XV,,,,1,100,
S00163,2020-11.docx,2020-11-05T13:42:00,2020-11,FBA15D9Q3VBS,,,,1,25,
S00164,2020-11.docx,2020-11-05T13:56:00,2020-11,FBA15D9Q91X5,,,,1,17,
S00165,2020-11.docx,2020-11-05T14:47:00,2020-11,FBA15D9Q9HP8,,,,1,40,
S00166,2020-11.docx,2020-11-06T08:43:00,2020-11,FBA15D9RS0X0,,,,1,150,
S00167,2020-11.docx,2020-11-06T08:59:00,2020-11,FBA15D9RXMCS,,,,1,150,
S00168,2020-11.docx,2020-11-06T09:24:00,2020-11,FBA15D9S0MYF,,,,1,55,
S00169,2020-11.docx,2020-11-09T12:40:00,2020-11,FBA15D9YR8YV,,,,2,48,
S00170,2020-11.docx,2020-11-09T13:14:00,2020-11,FBA15D9YRJG3,,,,2,80,
S00171,2020-11.docx,2020-11-10T09:31:00,2020-11,FBA15DB11HSF,,,,3,63,
S00172,2020-11.docx,2020-11-10T09:47:00,2020-11,FBA15DB14TPR,,,,1,3,
S00173,2020-11.docx,2020-11-10T09:55:00,2020-11,FBA15DB15CCJ,,,,1,3,
S00174,2020-11.docx,2020-11-10T12:28:00,2020-11,FBA15DB1X311,,,,5,330,
S00175,2020-11.docx,2020-11-12T09:05:00,2020-11,FBA15DB6V1Q9,,,,1,41,
S00176,2020-11.docx,2020-11-13T14:55:00,2020-11,FBA15DBBXJF7,,,,1,23,
S00177,2020-11.docx,2020-11-16T14:26:00,2020-11,FBA15DBHLVY6,,,,1,17,
S00178,2020-11.docx,2020-11-17T13:20:00,2020-11,FBA15DBLRCL4,,,,1,8,
S00179,2020-11.docx,2020-11-17T13:29:00,2020-11,FBA15DBLKQJP,,,,1,55,
S00180,2020-11.docx,2020-11-17T15:02:00,2020-11,FBA15DBM12F9,,,,5,150,
S00181,2020-11.docx,2020-11-19T09:12:00,2020-11,FBA15DBRSYK1,,,,1,6,
S00182,2020-11.docx,2020-11-19T09:40:00,2020-11,FBA15DBRX7CT,,,,1,24,
S00183,2020-11.docx,2020-11-19T10:22:00,2020-11,FBA15DBS4DBG,,,,2,102,
S00184,2020-11.docx,2020-11-19T13:03:00,2020-11,FBA15DBSX408,,,,1,6,
S00185,2020-11.docx,2020-11-19T13:13:00,2020-11,FBA15DBSVXZJ,,,,1,6,
S00186,2020-11.docx,2020-11-19T13:59:00,2020-11,FBA15DBT68YV,,,,2,17,
S00187,2020-11.docx,2020-11-20T10:30:00,2020-11,FBA15DBWZTDB,,,,1,42,
S00188,2020-11.docx,2020-11-20T14:29:00,2020-11,FBA15DBY7J75,,,,3,53,
S00189,2020-11.docx,2020-11-23T11:37:00,2020-11,FBA15DC2LYVL,,,,1,42,
S00190,2020-11.docx,2020-11-23T12:07:00,2020-11,FBA15DC2VSN1,,,,6,260,
S00191,2020-11.docx,2020-11-25T09:32:00,2020-11,FBA15DC8RQF7,,,,1,22,
S00192,2020-11.docx,2020-11-25T10:06:00,2020-11,FBA15DC8YPTZ,,,,2,80,
S00193,2020-11.docx,2020-11-25T14:29:00,2020-11,FBA15DCB608Y,,,,1,43,
S00194,2020-11.docx,2020-11-26T14:14:00,2020-11,FBA15DCF08FY,,,,8,103,
S00195,2020-11.docx,2020-11-27T10:42:00,2020-11,FBA15DCH0DFR,,,,1,14,
S00196,2020-11.docx,2020-11-27T11:03:00,2020-11,FBA15DCH4RM2,,,,3,42,
S00197,2020-11.docx,2020-11-27T12:23:00,2020-11,FBA15DCHHDVH,,,,2,116,
S00198,2020-11.docx,2020-11-30T12:04:00,2020-11,FBA15DCNQHZV,,,,1,27,
S00199,2020-11.docx,2020-11-30T12:52:00,2020-11,FBA15DCNW6YC,,,,1,27,
S00200,2020-11.docx,2020-11-30T14:29:00,2020-11,FBA15DCP3VSY,,,,1,27,
S00201,2020-12.docx,2020-12-01T09:49:00,2020-12,FBA15DCR9PVS,,,,2,50,
S00202,2020-12.docx,2020-12-01T11:48:00,2020-12,FBA15DCRSQCR,,,,1,11,
S00203,2020-12.docx,2020-12-02T10:18:00,2020-12,FBA15DCVQSXF,,,,1,22,
S00204,2020-12.docx,2020-12-02T12:30:00,2020-12,FBA15DCWBRHX,,,,1,23,
S00205,2020-12.docx,2020-12-02T13:11:00,2020-12,FBA15DCWH45Q,,,,1,13,
S00206,2020-12.docx,2020-12-02T13:29:00,2020-12,FBA15DCWDNM5,,,,1,23,
S00207,2020-12.docx,2020-12-02T14:04:00,2020-12,FBA15DCWRLSC,,,,1,2,
S00208,2020-12.docx,2020-12-02T14:55:00,2020-12,FBA15DCWP3TK,,,,1,12,
S00209,2020-12.docx,2020-12-03T11:00:00,2020-12,FBA15DD05FQD,,,,1,20,
S00210,2020-12.docx,2020-12-03T12:42:00,2020-12,FBA15DD0BFW2,,,,2,62,
S00211,2020-12.docx,2020-12-03T13:04:00,2020-12,FBA15DD0H69D,,,,1,15,
S00212,2020-12.docx,2020-12-03T14:39:00,2020-12,FBA15DD0QFH2,,,,2,110,
S00213,2020-12.docx,2020-12-04T12:09:00,2020-12,FBA15DD352CP,,,,1,9,
S00214,2020-12.docx,2020-12-04T12:39:00,2020-12,FBA15DD39NVG,,,,2,28,
S00215,2020-12.docx,2020-12-08T13:37:00,2020-12,FBA15DDF5VSS,,,,1,17,
S00216,2020-12.docx,2020-12-08T14:16:00,2020-12,FBA15DDFJD1B,,,,1,9,
S00217,2020-12.docx,2020-12-09T11:00:00,2020-12,FBA15DDHXMSJ,,,,1,16,
S00218,2020-12.docx,2020-12-09T11:48:00,2020-12,FBA15DDJ3QCB,,,,1,16,
S00219,2020-12.docx,2020-12-09T14:39:00,2020-12,FBA15DDJTD54,,,,2,70,
S00220,2020-12.docx,2020-12-10T10:33:00,2020-12,FBA15DDLZVK1,,,,2,42,
S00221,2020-12.docx,2020-12-11T12:19:00,2020-12,FBA15DDPFR4C,,,,1,120,
S00222,2020-12.docx,2020-12-14T12:52:00,2020-12,FBA15DDX82JX,,,,2,69,
S00223,2020-12.docx,2020-12-14T13:25:00,2020-12,FBA15DDX90P4,,,,1,41,
S00224,2020-12.docx,2020-12-15T09:30:00,2020-12,FBA15DDZN2K3,,,,1,9,
S00225,2020-12.docx,2020-12-15T09:48:00,2020-12,FBA15DDZMWG2,,,,1,6,
S00226,2020-12.docx,2020-12-15T10:06:00,2020-12,FBA15DDZMFHT,,,,1,25,
S00227,2020-12.docx,2020-12-15T10:34:00,2020-12,FBA15DDZWQZR,,,,1,9,
S00228,2020-12.docx,2020-12-15T11:01:00,2020-12,FBA15DF00FZ8,,,,1,9,
S00229,2020-12.docx,2020-12-15T11:40:00,2020-12,FBA15DF068PV,,,,1,9,
S00230,2020-12.docx,2020-12-15T12:20:00,2020-12,FBA15DF0HLY9,,,,1,11,
S00231,2020-12.docx,2020-12-15T12:51:00,2020-12,FBA15DF0JJG5,,,,2,110,
S00232,2020-12.docx,2020-12-16T10:04:00,2020-12,FBA15DF3P9F5,,,,2,45,
S00233,2020-12.docx,2020-12-16T10:34:00,2020-12,FBA15DF457W8,,,,2,220,
S00234,2020-12.docx,2020-12-16T11:36:00,2020-12,FBA15DF4GW4Q,,,,1,23,
S00235,2020-12.docx,2020-12-18T09:09:00,2020-12,FBA15DF9X0V8,,,,1,19,
S00236,2020-12.docx,2020-12-18T09:21:00,2020-12,FBA15DFB12TF,,,,1,12,
S00237,2020-12.docx,2020-12-18T09:31:00,2020-12,FBA15DFB4J1Z,,,,1,12,
S00238,2020-12.docx,2020-12-18T10:36:00,2020-12,FBA15DFBBVTZ,,,,1,10,
S00239,2020-12.docx,2020-12-18T10:50:00,2020-12,FBA15DFBD23G,,,,1,5,
S00240,2020-12.docx,2020-12-18T11:56:00,2020-12,FBA15DFBSTFY,,,,1,9,
S00241,2020-12.docx,2020-12-18T12:28:00,2020-12,FBA15DFBXN4Y,,,,1,12,
S00242,2020-12.docx,2020-12-21T12:06:00,2020-12,FBA15DFJX58G,,,,1,9,
S00243,2020-12.docx,2020-12-22T09:36:00,2020-12,FBA15DFMF1ZL,,,,1,9,
S00244,2020-12.docx,2020-12-22T10:02:00,2020-12,FBA15DFML46S,,,,2,80,
S00245,2020-12.docx,2020-12-23T09:49:00,2020-12,FBA15DFQM87H,,,,1,23,
S00246,2020-12.docx,2020-12-23T11:01:00,2020-12,FBA15DFQY208,,,,1,50,
S00247,2020-12.docx,2020-12-23T11:33:00,2020-12,FBA15DFR47VC,,,,1,12,
S00248,2020-12.docx,2020-12-23T14:21:00,2020-12,FBA15DFRN45Y,,,,1,13,
S00249,2020-12.docx,2020-12-28T11:40:00,2020-12,FBA15DFZYDX2,,,,1,33,
S00250,2020-12.docx,2020-12-29T08:54:00,2020-12,FBA15DG1XFPW,,,,1,9,
S00251,2020-12.docx,2020-12-29T09:27:00,2020-12,FBA15DG2539P,,,,2,36,
S00252,2020-12.docx,2020-12-29T10:23:00,2020-12,FBA15DG29SPS,,,,2,50,
S00253,2020-12.docx,2020-12-30T09:01:00,2020-12,FBA15DG4W7GL,,,,1,28,
S00254,2020-12.docx,2020-12-30T09:23:00,2020-12,FBA15DG50960,,,,1,14,
S00255,2020-12.docx,2020-12-30T11:42:00,2020-12,FBA15DG5L1R3,,,,2,75,
S00256,2021-01.docx,2021-01-08T08:53:00,2021-01,FBA15DGS24GJ,,,,1,5,
S00257,2021-01.docx,2021-01-08T09:19:00,2021-01,FBA15DGS369L,,,,1,11,
S00258,2021-01.docx,2021-01-08T09:55:00,2021-01,FBA15DGS9GC2,,,,1,9,
S00259,2021-01.docx,2021-01-08T10:08:00,2021-01,FBA15DGSC3F9,,,,1,9,
S00260,2021-01.docx,2021-01-08T10:40:00,2021-01,FBA15DGSHN8R,,,,1,8,
S00261,2021-01.docx,2021-01-08T12:09:00,2021-01,FBA15DGSZTKG,,,,1,21,
S00262,2021-01.docx,2021-01-08T12:26:00,2021-01,FBA15DGT19LK,,,,1,9,
S00263,2021-01.docx,2021-01-08T13:50:00,2021-01,FBA15DGTB2YS,,,,2,68,
S00264,2021-01.docx,2021-01-11T12:48:00,2021-01,FBA15DGZT5DL,,,,2,205,
S00265,2021-01.docx,2021-01-11T13:42:00,2021-01,FBA15DH01FJ9,,,,1,27,
S00266,2021-01.docx,2021-01-11T14:19:00,2021-01,FBA15DH0867L,,,,1,40,
S00267,2021-01.docx,2021-01-12T09:11:00,2021-01,FBA15DH2798F,,,,1,43,
S00268,2021-01.docx,2021-01-12T09:45:00,2021-01,FBA15DH2DVST,,,,1,55,
S00269,2021-01.docx,2021-01-12T09:59:00,2021-01,FBA15DH2HYS9,,,,1,58,
S00270,2021-01.docx,2021-01-12T10:20:00,2021-01,FBA15DH2N00W,,,,1,75,
S00271,2021-01.docx,2021-01-12T10:59:00,2021-01,FBA15DH2TXNS,,,,1,12,
S00272,2021-01.docx,2021-01-12T11:46:00,2021-01,FBA15DH31QD1,,,,2,63,
S00273,2021-01.docx,2021-01-14T09:04:00,2021-01,FBA15DH9V3F8,,,,3,150,
S00274,2021-01.docx,2021-01-14T09:34:00,2021-01,FBA15DH9VD7T,,,,1,6,
S00275,2021-01.docx,2021-01-14T09:59:00,2021-01,FBA15DHB3J64,,,,1,6,
S00276,2021-01.docx,2021-01-14T10:09:00,2021-01,FBA15DHB4NCG,,,,1,10,
S00277,2021-01.docx,2021-01-14T10:16:00,2021-01,FBA15DHB3DR1,,,,1,10,
S00278,2021-01.docx,2021-01-14T10:30:00,2021-01,FBA15DHBGHB0,,,,1,10,
S00279,2021-01.docx,2021-01-14T10:37:00,2021-01,FBA15DHBBWY3,,,,1,10,
S00280,2021-01.docx,2021-01-15T09:24:00,2021-01,FBA15DHF3BH8,,,,4,160,
S00281,2021-01.docx,2021-01-15T11:12:00,2021-01,FBA15DHFL1D5,,,,8,320,
S00282,2021-01.docx,2021-01-15T09:24:00,2021-01,FBA15DHF3BH8,,,,4,160,
S00283,2021-01.docx,2021-01-15T11:12:00,2021-01,FBA15DHFL1D5,,,,8,320,
S00284,2021-01.docx,2021-01-18T10:27:00,2021-01,FBA15DHLNDXC,,,,1,3,
S00285,2021-01.docx,2021-01-18T10:46:00,2021-01,FBA15DHLP50H,,,,1,3,
S00286,2021-01.docx,2021-01-19T09:54:00,2021-01,FBA15DHPWXL5,,,,2,230,
S00287,2021-01.docx,2021-01-19T10:59:00,2021-01,FBA15DHQ6CC9,,,,1,42,
S00288,2021-01.docx,2021-01-19T11:46:00,2021-01,FBA15DHQNHRM,,,,2,100,
S00289,2021-01.docx,2021-01-19T12:34:00,2021-01,FBA15DHQQZR2,,,,1,2,
S00290,2021-01.docx,2021-01-19T13:37:00,2021-01,FBA15DHQZXN9,,,,2,44,
S00291,2021-01.docx,2021-01-19T14:39:00,2021-01,FBA15DHR6668,,,,2,28,
S00292,2021-01.docx,2021-01-20T09:02:00,2021-01,FBA15DHTWLC8,,,,1,9,
S00293,2021-01.docx,2021-01-20T10:26:00,2021-01,FBA15DHVGC5R,,,,4,150,
S00294,2021-01.docx,2021-01-20T10:45:00,2021-01,FBA15DHVGS3D,,,,1,25,
S00295,2021-01.docx,2021-01-20T13:15:00,2021-01,FBA15DHWB9N3,,,,2,70,
S00296,2021-01.docx,2021-01-20T14:14:00,2021-01,FBA15DHWCCK3,,,,2,40,
S00297,2021-01.docx,2021-01-21T12:10:00,2021-01,FBA15DHZ3Y0K,,,,2,17,
S00298,2021-01.docx,2021-01-22T09:42:00,2021-01,FBA15DJ1P1NT,,,,3,220,
S00299,2021-01.docx,2021-01-22T10:18:00,2021-01,FBA15DJ1Q5DL,,,,1,70,
S00300,2021-01.docx,2021-01-22T14:06:00,2021-01,FBA15DJ2RZ30,,,,1,45,
S00301,2021-01.docx,2021-01-25T10:48:00,2021-01,FBA15DJ73TZR,,,,2,197,
S00302,2021-01.docx,2021-01-25T11:52:00,2021-01,FBA15DJ7J90V,,,,2,60,
S00303,2021-01.docx,2021-01-25T12:17:00,2021-01,FBA15DJ7HKJF,,,,2,32,
S00304,2021-01.docx,2021-01-26T09:18:00,2021-01,FBA15DJB14JK,,,,1,42,
S00305,2021-01.docx,2021-01-26T09:47:00,2021-01,FBA15DJB7LGM,,,,1,11,
S00306,2021-01.docx,2021-01-26T10:34:00,2021-01,FBA15DJBKQ8C,,,,5,190,
S00307,2021-01.docx,2021-01-27T08:35:00,2021-01,FBA15DJFSHBJ,,,,1,25,
S00308,2021-01.docx,2021-01-27T10:59:00,2021-01,FBA15DJG9N4P,,,,1,8,
S00309,2021-01.docx,2021-01-27T12:34:00,2021-01,FBA15DJGN0DD,,,,1,24,
S00310,2021-01.docx,2021-01-27T13:16:00,2021-01,FBA15DJGSYPN,,,,1,24,
S00311,2021-01.docx,2021-01-28T10:09:00,2021-01,FBA15DJKJKX0,,,,8,160,
S00312,2021-02.docx,2021-02-01T12:42:00,2021-02,FBA15DJW075Y,,,,1,16,
S00313,2021-02.docx,2021-02-01T12:54:00,2021-02,FBA15DJVXTSH,,,,1,6,
S00314,2021-02.docx,2021-02-01T13:17:00,2021-02,FBA15DJW0S7Z,,,,1,6,
S00315,2021-02.docx,2021-02-01T13:35:00,2021-02,FBA15DJW6JNY,,,,1,190,
S00316,2021-02.docx,2021-02-01T14:04:00,2021-02,FBA15DJWC2CW,,,,1,10,
S00317,2021-02.docx,2021-02-02T10:29:00,2021-02,FBA15DJYSJ1L,,,,1,42,
S00318,2021-02.docx,2021-02-02T11:36:00,2021-02,FBA15DJZ302F,,,,1,70,
S00319,2021-02.docx,2021-02-02T12:03:00,2021-02,FBA15DJZ3XHQ,,,,1,68,
S00320,2021-02.docx,2021-02-03T09:20:00,2021-02,FBA15DK1KLN1,,,,1,42,
S00321,2021-02.docx,2021-02-03T11:01:00,2021-02,FBA15DK26JDC,,,,2,85,
S00322,2021-02.docx,2021-02-03T12:29:00,2021-02,FBA15DK2J1BL,,,,1,21,
S00323,2021-02.docx,2021-02-04T12:01:00,2021-02,FBA15DK5694R,,,,8,150,
S00324,2021-02.docx,2021-02-04T13:01:00,2021-02,FBA15DK5F8FX,,,,3,182,
S00325,2021-02.docx,2021-02-05T09:53:00,2021-02,FBA15DK7MGW0,,,,4,180,
S00326,2021-02.docx,2021-02-05T14:51:00,2021-02,FBA15DK96FJ3,,,,6,150,
S00327,2021-02.docx,2021-02-08T12:14:00,2021-02,FBA15DKDHDT3,,,,1,15,
S00328,2021-02.docx,2021-02-08T12:32:00,2021-02,FBA15DKDLRHY,,,,1,22,
S00329,2021-02.docx,2021-02-09T13:37:00,2021-02,FBA15DKHM418,,,,1,6,
S00330,2021-02.docx,2021-02-09T13:45:00,2021-02,FBA15DKHL2P1,,,,1,6,
S00331,2021-02.docx,2021-02-09T13:57:00,2021-02,FBA15DKHR153,,,,1,6,
S00332,2021-02.docx,2021-02-09T14:25:00,2021-02,FBA15DKHRCV2,,,,1,6,
S00333,2021-02.docx,2021-02-10T12:18:00,2021-02,FBA15DKK80RY,,,,1,42,
S00334,2021-02.docx,2021-02-10T13:12:00,2021-02,FBA15DKKGYY8,,,,2,33,
S00335,2021-02.docx,2021-02-10T14:05:00,2021-02,FBA15DKKMPG6,,,,2,55,
S00336,2021-02.docx,2021-02-11T10:49:00,2021-02,FBA15DKLXXFZ,,,,1,12,
S00337,2021-02.docx,2021-02-11T11:59:00,2021-02,FBA15DKM5JTQ,,,,1,32,
S00338,2021-02.docx,2021-02-11T12:21:00,2021-02,FBA15DKM7N9D,,,,1,40,
S00339,2021-02.docx,2021-02-11T13:02:00,2021-02,FBA15DKMCDPS,,,,2,47,
S00340,2021-02.docx,2021-02-11T13:56:00,2021-02,FBA15DKMHYR1,,,,2,39,
S00341,2021-02.docx,2021-02-12T09:25:00,2021-02,FBA15DKNMBS4,,,,1,50,
S00342,2021-02.docx,2021-02-12T11:50:00,2021-02,FBA15DKNX1B8,,,,1,5,
S00343,2021-02.docx,2021-02-12T12:14:00,2021-02,FBA15DKNZL5S,,,,7,71,
S00344,2021-02.docx,2021-02-16T12:13:00,2021-02,FBA15DKV78Z6,,,,1,33,
S00345,2021-02.docx,2021-02-16T13:02:00,2021-02,FBA15DKVDT1F,,,,6,40,
S00346,2021-02.docx,2021-02-17T09:55:00,2021-02,FBA15DKWQNSG,,,,11,83,
S00347,2021-02.docx,2021-02-18T09:23:00,2021-02,FBA15DKZ4R5H,,,,1,42,
S00348,2021-02.docx,2021-02-18T10:43:00,2021-02,FBA15DKZBLTG,,,,1,13,
S00349,2021-02.docx,2021-02-18T12:46:00,2021-02,FBA15DKZTXFC,,,,1,9,
S00350,2021-02.docx,2021-02-18T13:15:00,2021-02,FBA15DKZXWQ0,,,,4,115,
S00351,2021-02.docx,2021-02-19T09:17:00,2021-02,FBA15DL1QF3W,,,,1,6,
S00352,2021-02.docx,2021-02-19T09:40:00,2021-02,FBA15DL1T6H9,,,,1,13,
S00353,2021-02.docx,2021-02-19T14:00:00,2021-02,FBA15DL2VTJW,,,,1,40,
S00354,2021-02.docx,2021-02-19T18:03:00,2021-02,FBA15DL39DYR,,,,2,103,
S00355,2021-02.docx,2021-02-23T08:04:00,2021-02,FBA15DL9T8W7,,,,2,155,
S00356,2021-02.docx,2021-02-23T08:54:00,2021-02,FBA15DLB0K9Z,,,,4,250,
S00357,2021-02.docx,2021-02-23T11:40:00,2021-02,FBA15DLBSFQ7,,,,1,5,
S00358,2021-02.docx,2021-02-24T10:50:00,2021-02,FBA15DLFK5M2,,,,1,70,
S00359,2021-02.docx,2021-02-24T11:46:00,2021-02,FBA15DLFRS60,,,,2,40,
S00360,2021-02.docx,2021-02-24T12:03:00,2021-02,FBA15DLFVQLK,,,,1,42,
S00361,2021-02.docx,2021-02-24T12:10:00,2021-02,FBA15DLFZJT2,,,,1,23,
S00362,2021-02.docx,2021-02-24T12:18:00,2021-02,FBA15DLFZYRC,,,,1,42,
S00363,2021-02.docx,2021-02-25T08:57:00,2021-02,FBA15DLHZBPZ,,,,1,97,
S00364,2021-02.docx,2021-02-25T16:03:00,2021-02,FBA15DLKJVGR,,,,3,200,
S00365,2021-02.docx,2021-02-26T10:47:00,2021-02,FBA15DLM4M5M,,,,6,83,
S00366,2021-03-P1.docx,2021-03-01T14:05:00,2021-03,FBA15DLSRYKR,,,,2,160,
S00367,2021-03-P1.docx,2021-03-03T11:26:00,2021-03,FBA15DM0FJXL,,,,6,145,
S00368,2021-03-P1.docx,2021-03-04T13:37:00,2021-03,FBA15DM42STN,,,,10,290,
S00369,2021-03-P1.docx,2021-03-05T11:56:00,2021-03,FBA15DM6SR8S,,,,2,155,
S00370,2021-03-P1.docx,2021-03-05T12:12:00,2021-03,FBA15DM715TW,,,,2,150,
S00371,2021-03-P1.docx,2021-03-09T12:15:00,2021-03,FBA15DMHVQ02,,,,1,10,
S00372,2021-03-P1.docx,2021-03-10T08:26:00,2021-03,FBA15DMKLWRB,,,,9,182,
S00373,2021-03-P1.docx,2021-03-10T10:42:00,2021-03,FBA15DMM1SS7,,,,9,162,
S00374,2021-03-P1.docx,2021-03-15T08:23:00,2021-03,FBA15DMXXXSK,,,,1,120,
S00375,2021-03-P1.docx,2021-03-15T08:34:00,2021-03,FBA15DMXWQRT,,,,1,15,
S00376,2021-03-P1.docx,2021-03-15T08:57:00,2021-03,FBA15DMY1K9Y,,,,1,23,
S00377,2021-03-P1.docx,2021-03-15T09:08:00,2021-03,FBA15DMY07ZM,,,,1,28,
S00378,2021-03-P1.docx,2021-03-16T10:27:00,2021-03,FBA15DN1PN75,,,,6,108,
S00379,2021-03-P1.docx,2021-03-16T11:03:00,2021-03,FBA15DN1X81V,,,,2,230,
S00380,2021-03-P1.docx,2021-03-16T12:08:00,2021-03,FBA15DN28HNY,,,,1,97,
S00381,2021-03-P1.docx,2021-03-16T12:22:00,2021-03,FBA15DN277WC,,,,2,200,
S00382,2021-03-P1.docx,2021-03-16T13:38:00,2021-03,FBA15DN2LX3F,,,,2,155,
S00383,2021-03-P1.docx,2021-03-16T15:06:00,2021-03,FBA15DN2Y84P,,,,1,155,
S00384,2021-03-P1.docx,2021-03-17T09:20:00,2021-03,FBA15DN4KNFN,,,,9,84,
S00385,2021-03-P1.docx,2021-03-17T10:53:00,2021-03,FBA15DN516MR,,,,1,100,
S00386,2021-03-P1.docx,2021-03-17T13:38:00,2021-03,FBA15DN5Q1HP,,,,2,70,
S00387,2021-03-P1.docx,2021-03-17T14:12:00,2021-03,FBA15DN5WL2D,,,,2,52,
S00388,2021-03-P1.docx,2021-03-18T10:11:00,2021-03,FBA15DN80KFV,,,,1,22,
S00389,2021-03-P1.docx,2021-03-18T10:21:00,2021-03,FBA15DN81LD5,,,,1,22,
S00390,2021-03-P1.docx,2021-03-18T11:05:00,2021-03,FBA15DN83KB6,,,,12,204,
S00391,2021-03-P1.docx,2021-03-18T14:26:00,2021-03,FBA15DN91PCD,,,,7,170,
S00392,2021-03-P1.docx,2021-03-19T10:57:00,2021-03,FBA15DND4HC2,,,,1,25,
S00393,2021-03-P1.docx,2021-03-19T11:39:00,2021-03,FBA15DND70RD,,,,1,17,
S00394,2021-03-P1.docx,2021-03-19T11:44:00,2021-03,FBA15DNDF4D3,,,,1,17,
S00395,2021-03-P1.docx,2021-03-19T12:03:00,2021-03,FBA15DNDJ7PX,,,,1,40,
S00396,2021-03-P1.docx,2021-03-19T12:10:00,2021-03,FBA15DNDDKR0,,,,1,25,
S00397,2021-03-P1.docx,2021-03-19T14:44:00,2021-03,FBA15DNDYG8P,,,,2,33,
S00398,2021-03-P2.docx,2021-03-22T07:59:00,2021-03,FBA15DNJB6W5,,,,2,33,
S00399,2021-03-P2.docx,2021-03-22T09:27:00,2021-03,FBA15DNJM9NN,,,,3,77,
S00400,2021-03-P2.docx,2021-03-22T09:49:00,2021-03,FBA15DNJR9SD,,,,2,83,
S00401,2021-03-P2.docx,2021-03-22T10:41:00,2021-03,FBA15DNK3WKB,,,,3,46,
S00402,2021-03-P2.docx,2021-03-22T12:41:00,2021-03,FBA15DNKLKBD,,,,4,125,
S00403,2021-03-P2.docx,2021-03-22T12:58:00,2021-03,FBA15DNKKVNS,,,,1,12,
S00404,2021-03-P2.docx,2021-03-23T09:41:00,2021-03,FBA15DNN0PX5,,,,10,486,
S00405,2021-03-P2.docx,2021-03-23T09:51:00,2021-03,FBA15DNN429Y,,,,1,42,
S00406,2021-03-P2.docx,2021-03-23T10:07:00,2021-03,FBA15DNN8VP9,,,,3,230,
S00407,2021-03-P2.docx,2021-03-23T14:57:00,2021-03,FBA15DNP9PXT,,,,2,70,
S00408,2021-03-P2.docx,2021-03-24T11:54:00,2021-03,FBA15DNRXM40,,,,1,5,
S00409,2021-03-P2.docx,2021-03-24T12:23:00,2021-03,FBA15DNS97LV,,,,2,155,
S00410,2021-03-P2.docx,2021-03-25T08:59:00,2021-03,FBA15DNW68VW,,,,1,30,
S00411,2021-03-P2.docx,2021-03-25T09:06:00,2021-03,FBA15DNWD6V3,,,,1,23,
S00412,2021-03-P2.docx,2021-03-25T09:15:00,2021-03,FBA15DNW8WK5,,,,1,15,
S00413,2021-03-P2.docx,2021-03-25T13:26:00,2021-03,FBA15DNXLP43,,,,3,60,
S00414,2021-03-P2.docx,2021-03-26T11:25:00,2021-03,FBA15DP08564,,,,1,6,
S00415,2021-03-P2.docx,2021-03-26T12:48:00,2021-03,FBA15DP08X43,,,,1,17,
S00416,2021-03-P2.docx,2021-03-26T13:04:00,2021-03,FBA15DP0DVN5,,,,1,16,
S00417,2021-03-P2.docx,2021-03-26T13:13:00,2021-03,FBA15DP0FBVS,,,,1,16,
S00418,2021-03-P2.docx,2021-03-30T09:30:00,2021-03,FBA15DP7CM51,,,,4,155,
S00419,2021-03-P2.docx,2021-03-31T10:04:00,2021-03,FBA15DPBRYGK,,,,1,160,
S00420,2021-04.docx,2021-04-01T11:58:00,2021-04,FBA15DPGPBKP,,,,1,70,
S00421,2021-04.docx,2021-04-01T12:09:00,2021-04,FBA15DPGKLGZ,,,,1,70,
S00422,2021-04.docx,2021-04-01T12:26:00,2021-04,FBA15DPGT581,,,,1,70,
S00423,2021-04.docx,2021-04-01T12:34:00,2021-04,FBA15DPGTZMH,,,,2,46,
S00424,2021-04.docx,2021-04-01T13:20:00,2021-04,FBA15DPGYDG4,,,,2,150,
S00425,2021-04.docx,2021-04-01T13:29:00,2021-04,FBA15DPGZWPP,,,,1,97,
S00426,2021-04.docx,2021-04-02T09:10:00,2021-04,FBA15DPJJT42,,,,7,190,
S00427,2021-04.docx,2021-04-02T09:57:00,2021-04,FBA15DPJP72W,,,,1,13,
S00428,2021-04.docx,2021-04-02T10:06:00,2021-04,FBA15DPJQRJV,,,,1,8,
S00429,2021-04.docx,2021-04-02T10:29:00,2021-04,FBA15DPJSW1T,,,,2,200,
S00430,2021-04.docx,2021-04-02T12:26:00,2021-04,FBA15DPK5TMK,,,,2,260,
S00431,2021-04.docx,2021-04-02T12:54:00,2021-04,FBA15DPK72N7,,,,1,22,
S00432,2021-04.docx,2021-04-02T13:55:00,2021-04,FBA15DPKBV4V,,,,1,42,
S00433,2021-04.docx,2021-04-02T14:04:00,2021-04,FBA15DPK9SG9,,,,1,42,
S00434,2021-04.docx,2021-04-07T15:07:00,2021-04,FBA15DPVZ0S3,,,,1,23,
S00435,2021-04.docx,2021-04-07T15:15:00,2021-04,FBA15DPVWR70,,,,1,15,
S00436,2021-04.docx,2021-04-08T11:42:00,2021-04,FBA15DPYFX76,,,,7,130,
S00437,2021-04.docx,2021-04-08T15:30:00,2021-04,FBA15DPZD6Z5,,,,9,130,
S00438,2021-04.docx,2021-04-09T11:35:00,2021-04,FBA15DQ1LZRZ,,,,1,5,
S00439,2021-04.docx,2021-04-09T11:58:00,2021-04,FBA15DQ1QZMB,,,,1,5,
S00440,2021-04.docx,2021-04-13T10:41:00,2021-04,FBA15DQ9ZDNP,,,,1,14,
S00441,2021-04.docx,2021-04-13T10:58:00,2021-04,FBA15DQB03FJ,,,,1,9,
S00442,2021-04.docx,2021-04-13T11:53:00,2021-04,FBA15DQBDTVM,,,,4,100,
S00443,2021-04.docx,2021-04-13T12:46:00,2021-04,FBA15DQBMT4S,,,,1,145,
S00444,2021-04.docx,2021-04-13T14:32:00,2021-04,FBA15DQC00HJ,,,,2,52,
S00445,2021-04.docx,2021-04-14T10:19:00,2021-04,FBA15DQF1RYV,,,,1,5,
S00446,2021-04.docx,2021-04-14T10:58:00,2021-04,FBA15DQF92GS,,,,1,25,
S00447,2021-04.docx,2021-04-14T14:51:00,2021-04,FBA15DQGGFFX,,,,1,5,
S00448,2021-04.docx,2021-04-15T09:05:00,2021-04,FBA15DQJLSG0,,,,2,20,
S00449,2021-04.docx,2021-04-15T09:17:00,2021-04,FBA15DQJCMMW,,,,2,30,
S00450,2021-04.docx,2021-04-15T14:59:00,2021-04,FBA15DQLDC6T,,,,2,18,
S00451,2021-04.docx,2021-04-16T10:52:00,2021-04,FBA15DQNJGQ0,,,,17,587,
S00452,2021-04.docx,2021-04-16T14:29:00,2021-04,FBA15DQPGND5,,,,1,15,
S00453,2021-04.docx,2021-04-19T11:46:00,2021-04,FBA15DQTPSB2,,,,7,156,
S00454,2021-04.docx,2021-04-20T13:14:00,2021-04,FBA15DQYY7BW,,,,2,95,
S00455,2021-04.docx,2021-04-21T10:02:00,2021-04,FBA15DR183NY,,,,8,1085,
S00456,2021-04.docx,2021-04-21T13:49:00,2021-04,FBA15DR2C61P,,,,1,22,
S00457,2021-04.docx,2021-04-23T10:57:00,2021-04,FBA15DR8ZFRK,,,,1,23,
S00458,2021-04.docx,2021-04-23T11:35:00,2021-04,FBA15DR95H0Q,,,,1,15,
S00459,2021-04.docx,2021-04-23T11:44:00,2021-04,FBA15DR9DPR6,,,,1,5,
S00460,2021-04.docx,2021-04-23T11:52:00,2021-04,FBA15DR986PW,,,,1,30,
S00461,2021-04.docx,2021-04-27T10:41:00,2021-04,FBA15DRRHG0M,,,,6,40,
S00462,2021-04.docx,2021-04-27T11:02:00,2021-04,FBA15DRRLTD3,,,,12,89,
S00463,2021-04.docx,2021-04-27T14:06:00,2021-04,FBA15DRSHVF3,,,,2,65,
S00464,2021-04.docx,2021-04-30T14:04:00,2021-04,FBA15DS824HC,,,,3,220,
S00465,2021-05.docx,2021-05-06T13:44:00,2021-05,FBA15DT6BTW1,,,,3,150,
S00466,2021-05.docx,2021-05-10T14:05:00,2021-05,FBA15DTNLC28,,,,2,64,
S00467,2021-05.docx,2021-05-11T10:08:00,2021-05,FBA15DTRH69V,,,,7,54,
S00468,2021-05.docx,2021-05-11T10:24:00,2021-05,FBA15DTRMV01,,,,1,10,
S00469,2021-05.docx,2021-05-11T10:35:00,2021-05,FBA15DTRMCKY,,,,1,5,
S00470,2021-05.docx,2021-05-11T14:06:00,2021-05,FBA15DTSPZNG,,,,2,140,
S00471,2021-05.docx,2021-05-12T14:20:00,2021-05,FBA15DTXRRG1,,,,6,57,
S00472,2021-05.docx,2021-05-12T14:48:00,2021-05,FBA15DTXYHB7,,,,4,235,
S00473,2021-05.docx,2021-05-18T13:50:00,2021-05,FBA15DVKBLTX,,,,1,23,
S00474,2021-05.docx,2021-05-18T14:47:00,2021-05,FBA15DVKP7D1,,,,5,180,
S00475,2021-05.docx,2021-05-19T12:21:00,2021-05,FBA15DVNSS0N,,,,3,135,
S00476,2021-05.docx,2021-05-19T12:31:00,2021-05,FBA15DVNPLZY,,,,1,70,
S00477,2021-05.docx,2021-05-19T12:42:00,2021-05,FBA15DVNT2ZP,,,,1,21,
S00478,2021-08.docx,2021-08-05T13:03:00,2021-08,FBA15F5MPXHH,,LBA4,,9,45,
S00479,2021-08.docx,2021-08-10T12:52:00,2021-08,FBA15F60363H,,,,1,10,
S00480,2021-08.docx,2021-08-10T13:22:00,2021-08,FBA15F6045MY,,,,1,5,
S00481,2021-08.docx,2021-08-10T13:33:00,2021-08,FBA15F604SR6,,,,1,5,
S00482,2021-08.docx,2021-08-10T13:40:00,2021-08,FBA15F606T0J,,,,1,5,
S00483,2021-08.docx,2021-08-10T13:48:00,2021-08,FBA15F6058QQ,,,,1,210,
S00484,2021-08.docx,2021-08-10T13:54:00,2021-08,FBA15F608MD8,,,,1,10,
S00485,2021-08.docx,2021-08-10T14:29:00,2021-08,FBA15F607LSX,,,,1,9,
S00486,2021-08.docx,2021-08-11T11:44:00,2021-08,FBA15F63MCNS,,,,1,17,
S00487,2021-08.docx,2021-08-11T12:02:00,2021-08,FBA15F63KXH4,,,,2,33,
S00488,2021-08.docx,2021-08-11T12:23:00,2021-08,FBA15F63T8Y2,,,,1,17,
S00489,2021-08.docx,2021-08-11T12:44:00,2021-08,FBA15F63SCJF,,,,1,25,
S00490,2021-08.docx,2021-08-11T14:20:00,2021-08,FBA15F6430JG,,,,1,9,
S00491,2021-08.docx,2021-08-12T09:50:00,2021-08,FBA15F667KKN,,,,1,19,
S00492,2021-08.docx,2021-08-12T10:12:00,2021-08,FBA15F6690CP,,,,1,8,
S00493,2021-08.docx,2021-08-12T10:47:00,2021-08,FBA15F66JXR4,,,,2,45,
S00494,2021-08.docx,2021-08-13T12:11:00,2021-08,FBA15F6B1FVW,,,,1,18,
S00495,2021-08.docx,2021-08-13T12:21:00,2021-08,FBA15F69ZCXY,,,,1,11,
S00496,2021-08.docx,2021-08-17T10:11:00,2021-08,FBA15F6S46MS,,,,5,100,
S00497,2021-08.docx,2021-08-17T11:53:00,2021-08,FBA15F6SXTNB,,,,1,10,
S00498,2021-08.docx,2021-08-17T13:56:00,2021-08,FBA15F6TGM81,,,,1,25,
S00499,2021-08.docx,2021-08-18T10:19:00,2021-08,FBA15F6WYMVJ,,,,6,65,
S00500,2021-08.docx,2021-08-18T13:27:00,2021-08,FBA15F6XTDDN,,,,1,33,
S00501,2021-08.docx,2021-08-18T15:07:00,2021-08,FBA15F6Y7KQQ,,,,2,7,
S00502,2021-08.docx,2021-08-24T14:34:00,2021-08,FBA15F7NT6WL,,,,9,99,
S00503,2021-08.docx,2021-08-24T14:50:00,2021-08,,,,,7,87,
S00504,2021-08.docx,2021-08-25T10:34:00,2021-08,FBA15F7SLSBN,,,,1,9,
S00505,2021-08.docx,2021-08-25T15:29:00,2021-08,FBA15F7TW563,,,,1,24,
S00506,2021-08.docx,2021-08-25T15:44:00,2021-08,FBA15F7V0JR1,,,,4,24,
S00507,2021-08.docx,2021-08-25T15:51:00,2021-08,FBA15F7TZFZL,,,,2,4,
S00508,2021-08.docx,2021-08-27T10:09:00,2021-08,FBA15F81M8BK,,,,6,121,
S00509,2021-08.docx,2021-08-27T10:18:00,2021-08,FBA15F81PJMX,,,,1,10,
S00510,2021-08.docx,2021-08-27T10:56:00,2021-08,FBA15F81XPMV,,,,2,15,
S00511,2021-08.docx,2021-08-27T11:04:00,2021-08,FBA15F81VTFZ,,,,3,34,
S00512,2021-08.docx,2021-08-31T10:43:00,2021-08,FBA15F8H5SCB,,,,1,155,
S00513,2021-08.docx,2021-08-31T11:50:00,2021-08,FBA15F8HF60P,,,,5,156,
S00514,2021-08.docx,2021-08-31T12:37:00,2021-08,FBA15F8HTB05,,,,2,33,
S00515,2021-08.docx,2021-08-31T13:30:00,2021-08,FBA15F8J0KFY,,,,10,75,
S00516,2021-09.docx,2021-09-01T08:50:00,2021-09,FBA15F8LJ86K,,,,2,70,
S00517,2021-09.docx,2021-09-01T09:17:00,2021-09,FBA15F8LMYH4,,,,1,7,
S00518,2021-09.docx,2021-09-01T10:02:00,2021-09,FBA15F8LVCGJ,,,,3,180,
S00519,2021-09.docx,2021-09-01T13:58:00,2021-09,FBA15F8MWT0S,,,,2,32,
S00520,2021-09.docx,2021-09-02T09:54:00,2021-09,FBA15F8RJGRM,,,,1,70,
S00521,2021-09.docx,2021-09-02T12:05:00,2021-09,FBA15F8S37DY,,,,2,57,
S00522,2021-09.docx,2021-09-03T14:01:00,2021-09,FBA15F8WFFDZ,,,,1,9,
S00523,2021-09.docx,2021-09-06T10:16:00,2021-09,FBA15F940QXN,,,,1,4,
S00524,2021-09.docx,2021-09-06T11:51:00,2021-09,FBA15F94QTVK,,,,14,152,
S00525,2021-09.docx,2021-09-06T12:02:00,2021-09,FBA15F94T5YC,,,,1,10,
S00526,2021-09.docx,2021-09-06T12:10:00,2021-09,FBA15F94PK39,,,,1,10,
S00527,2021-09.docx,2021-09-07T09:57:00,2021-09,FBA15F98XW4W,,,,1,9,
S00528,2021-09.docx,2021-09-07T10:38:00,2021-09,FBA15F998RR1,,,,1,13,
S00529,2021-09.docx,2021-09-07T10:58:00,2021-09,FBA15F99GPTH,,,,3,40,
S00530,2021-09.docx,2021-09-07T13:26:00,2021-09,FBA15F9B4CYB,,,,1,155,
S00531,2021-09.docx,2021-09-07T13:56:00,2021-09,FBA15F9BFH60,,,,1,155,
S00532,2021-09.docx,2021-09-07T14:04:00,2021-09,FBA15F9B83YG,,,,1,155,
S00533,2021-09.docx,2021-09-07T14:33:00,2021-09,FBA15F9BCBFB,,,,4,260,
S00534,2021-09.docx,2021-09-09T12:30:00,2021-09,FBA15F9JYVZ3,,,,1,19,
S00535,2021-09.docx,2021-09-09T12:39:00,2021-09,FBA15F9K08RJ,,,,1,13,
S00536,2021-09.docx,2021-09-13T12:58:00,2021-09,FBA15F9YCS91,,,,1,10,
S00537,2021-09.docx,2021-09-13T13:18:00,2021-09,FBA15F9Y6V67,,,,1,70,
S00538,2021-09.docx,2021-09-14T10:25:00,2021-09,FBA15FB22FFR,,,,3,37,
S00539,2021-09.docx,2021-09-14T10:57:00,2021-09,FBA15FB25LHR,,,,9,136,
S00540,2021-09.docx,2021-09-14T12:56:00,2021-09,FBA15FB30SJN,,,,1,18,
S00541,2021-09.docx,2021-09-14T14:14:00,2021-09,FBA15FB3N550,,,,6,51,
S00542,2021-09.docx,2021-09-15T13:30:00,2021-09,FBA15FB8F9JW,,,,12,190,
S00543,2021-09.docx,2021-09-16T08:50:00,2021-09,FBA15FBC8PW6,,,,1,10,
S00544,2021-09.docx,2021-09-16T09:20:00,2021-09,FBA15FBCGG8J,,,,1,17,
S00545,2021-09.docx,2021-09-16T09:51:00,2021-09,FBA15FBCJ2ZS,,,,1,6,
S00546,2021-09.docx,2021-09-17T08:31:00,2021-09,FBA15FBJ1PHB,,,,10,42,
S00547,2021-09.docx,2021-09-17T09:31:00,2021-09,FBA15FBJJ27D,,,,5,73,
S00548,2021-09.docx,2021-09-17T13:54:00,2021-09,FBA15FBL0Q03,,,,2,70,
S00549,2021-09.docx,2021-09-20T14:46:00,2021-09,FBA15FBWF3YC,,,,1,27,
S00550,2021-09.docx,2021-09-21T12:05:00,2021-09,FBA15FBZ273C,,,,2,28,
S00551,2021-09.docx,2021-09-21T12:05:00,2021-09,FBA15FBZCSC7,,,,1,7,
S00552,2021-09.docx,2021-09-22T10:00:00,2021-09,FBA15FC2V72H,,,,1,17,
S00553,2021-09.docx,2021-09-22T10:13:00,2021-09,FBA15FC34LS3,,,,1,7,
S00554,2021-09.docx,2021-09-22T10:43:00,2021-09,FBA15FC349MW,,,,15,116,
S00555,2021-09.docx,2021-09-22T13:34:00,2021-09,FBA15FC4CXTS,,,,2,25,
S00556,2021-09.docx,2021-09-22T15:29:00,2021-09,FBA15FC4TMWK,,,,10,62,
S00557,2021-09.docx,2021-09-23T09:14:00,2021-09,FBA15FC7GCVG,,,,2,19,
S00558,2021-09.docx,2021-09-23T09:34:00,2021-09,FBA15FC7H488,,,,1,9,
S00559,2021-09.docx,2021-09-23T09:56:00,2021-09,FBA15FC7JR24,,,,2,19,
S00560,2021-09.docx,2021-09-23T10:33:00,2021-09,FBA15FC7VBLC,,,,3,17,
S00561,2021-09.docx,2021-09-24T10:07:00,2021-09,FBA15FCDVXVN,,,,11,90,
S00562,2021-09.docx,2021-09-24T12:10:00,2021-09,FBA15FCFKXJX,,,,3,127,
S00563,2021-09.docx,2021-09-24T13:18:00,2021-09,FBA15FCFV71H,,,,2,41,
S00564,2021-09.docx,2021-09-28T11:42:00,2021-09,FBA15FCSFW2J,,,,1,13,
S00565,2021-09.docx,2021-09-28T12:14:00,2021-09,FBA15FCSS99J,,,,1,17,
S00566,2021-09.docx,2021-09-28T12:48:00,2021-09,FBA15FCSMJLT,,,,1,9,
S00567,2021-09.docx,2021-09-29T09:57:00,2021-09,FBA15FCWJKWH,,,,2,8,
S00568,2021-09.docx,2021-09-29T13:33:00,2021-09,FBA15FCXX73J,,,,2,11,
S00569,2021-09.docx,2021-09-29T13:55:00,2021-09,FBA15FCY04MZ,,,,1,6,
S00570,2021-09.docx,2021-09-29T14:24:00,2021-09,FBA15FCY6PVZ,,,,2,30,
S00571,2021-09.docx,2021-09-29T15:00:00,2021-09,FBA15FCYMK52,,,,8,92,
S00572,2021-09.docx,2021-09-30T14:08:00,2021-09,FBA15FD3NH21,,,,2,28,
S00573,2021-10.docx,2021-10-01T10:16:00,2021-10,FBA15FD55DXP,,,,1,11,
S00574,2021-10.docx,2021-10-01T12:39:00,2021-10,FBA15FD5LXMP,,,,1,6,
S00575,2021-10.docx,2021-10-04T13:15:00,2021-10,FBA15FDB80KJ,,,,1,4,
S00576,2021-10.docx,2021-10-06T10:31:00,2021-10,FBA15FDH3Z9S,,,,1,11,
S00577,2021-10.docx,2021-10-06T10:59:00,2021-10,FBA15FDHB8QV,,,,1,6,
S00578,2021-10.docx,2021-10-07T09:23:00,2021-10,FBA15FDKXF3Z,,,,7,76,
S00579,2021-10.docx,2021-10-07T09:53:00,2021-10,FBA15FDKZQM3,,,,11,137,
S00580,2021-10.docx,2021-10-08T11:51:00,2021-10,FBA15FDQF5YD,,,,1,27,
S00581,2021-10.docx,2021-10-08T12:32:00,2021-10,FBA15FDQL4NK,,,,2,15,
S00582,2021-10.docx,2021-10-08T13:17:00,2021-10,FBA15FDQNJ94,,,,1,13,
S00583,2021-10.docx,2021-10-08T14:05:00,2021-10,FBA15FDQWYD1,,,,5,59,
S00584,2021-10.docx,2021-10-12T10:39:00,2021-10,FBA15FF05861,,,,2,57,
S00585,2021-10.docx,2021-10-12T11:59:00,2021-10,FBA15FF0NMLF,,,,1,13,
S00586,2021-10.docx,2021-10-13T12:07:00,2021-10,FBA15FF3PL1W,,,,1,97,
S00587,2021-10.docx,2021-10-14T10:46:00,2021-10,FBA15FF6GHGP,,,,1,6,
S00588,2021-10.docx,2021-10-14T11:52:00,2021-10,FBA15FF6ZBXJ,,,,1,4,
S00589,2021-10.docx,2021-10-15T10:00:00,2021-10,FBA15FF9KHHG,,,,9,296,
S00590,2021-10.docx,2021-10-15T12:09:00,2021-10,FBA15FFBBR25,,,,2,7,
S00591,2021-10.docx,2021-10-15T12:39:00,2021-10,FBA15FFB9WJL,,,,1,9,
S00592,2021-10.docx,2021-10-20T14:07:00,2021-10,FBA15FFQ6RSH,,,,11,128,
S00593,2021-10.docx,2021-10-21T12:07:00,2021-10,FBA15FFT1LCH,,,,1,16,
S00594,2021-10.docx,2021-10-22T09:07:00,2021-10,FBA15FFWH45M,,,,25,114,
S00595,2021-10.docx,2021-10-25T12:57:00,2021-10,FBA15FG25YWJ,,,,2,7,
S00596,2021-10.docx,2021-10-25T13:13:00,2021-10,FBA15FG27TM6,,,,1,6,
S00597,2021-10.docx,2021-10-26T10:34:00,2021-10,FBA15FG4SZ92,,,,2,11,
S00598,2021-10.docx,2021-10-26T10:47:00,2021-10,FBA15FG4WTX5,,,,1,13,
S00599,2021-10.docx,2021-10-27T10:29:00,2021-10,FBA15FG843PF,,,,1,4,
S00600,2021-10.docx,2021-10-28T10:11:00,2021-10,FBA15FGC6T0K,,,,2,36,
S00601,2021-10.docx,2021-10-28T10:45:00,2021-10,FBA15FGC9J2C,,,,1,0,
S00602,2021-10.docx,2021-10-28T13:01:00,2021-10,FBA15FGD12NG,,,,10,107,
S00603,2021-11.docx,2021-11-08T12:40:00,2021-11,FBA15FH6SHKJ,,,,1,4,
S00604,2021-11.docx,2021-11-08T12:52:00,2021-11,FBA15FH6X8GD,,,,1,4,
S00605,2021-11.docx,2021-11-09T10:50:00,2021-11,FBA15FH9RD13,,,,6,108,
S00606,2021-11.docx,2021-11-17T08:29:00,2021-11,FBA15FJ06TRF,,,,1,4,
S00607,2021-11.docx,2021-11-17T08:59:00,2021-11,FBA15FJ0CQRP,,,,3,32,
S00608,2021-11.docx,2021-11-17T09:31:00,2021-11,FBA15FJ0FYQR,,,,1,17,
S00609,2021-11.docx,2021-11-17T09:41:00,2021-11,FBA15FJ0K1FV,,,,1,12,
S00610,2021-11.docx,2021-11-17T09:48:00,2021-11,FBA15FJ0MJ0D,,,,1,10,
S00611,2021-11.docx,2021-11-18T11:43:00,2021-11,FBA15FJ4HGSB,,,,2,9,
S00612,2021-11.docx,2021-11-19T10:09:00,2021-11,FBA15FJ76VXB,,,,3,120,
S00613,2021-11.docx,2021-11-19T10:24:00,2021-11,FBA15FJ77J5Q,,,,5,130,
S00614,2021-11.docx,2021-11-19T10:37:00,2021-11,FBA15FJ7BWZR,,,,2,80,
S00615,2021-11.docx,2021-11-23T10:02:00,2021-11,FBA15FJH8YL7,,,,1,11,
S00616,2021-11.docx,2021-11-23T10:28:00,2021-11,FBA15FJHJQNS,,,,1,5,
S00617,2021-11.docx,2021-11-23T10:37:00,2021-11,FBA15FJHKG1B,,,,1,12,
S00618,2021-11.docx,2021-11-23T10:48:00,2021-11,FBA15FJHW7BX,,,,1,12,
S00619,2021-11.docx,2021-11-24T08:51:00,2021-11,FBA15FJLDS0R,,,,2,7,
S00620,2021-11.docx,2021-11-24T09:01:00,2021-11,FBA15FJLHC7V,,,,1,4,
S00621,2021-11.docx,2021-11-24T09:10:00,2021-11,FBA15FJLGW1W,,,,2,6,
S00622,2021-11.docx,2021-11-24T09:19:00,2021-11,FBA15FJLDV38,,,,2,6,
S00623,2021-11.docx,2021-11-24T09:49:00,2021-11,FBA15FJLRL5F,,,,1,5,
S00624,2021-11.docx,2021-11-24T10:22:00,2021-11,FBA15FJLP7JT,,,,1,14,
S00625,2021-11.docx,2021-11-25T12:10:00,2021-11,FBA15FJQJ630,,,,4,17,
S00626,2021-11.docx,2021-11-26T08:12:00,2021-11,FBA15FJSRN8D,,,,1,9,
S00627,2021-11.docx,2021-11-26T10:52:00,2021-11,FBA15FJTG3HB,,,,1,17,
S00628,2021-11.docx,2021-11-29T13:20:00,2021-11,FBA15FJZW2XN,,,,7,35,
S00629,2021-11.docx,2021-11-29T14:21:00,2021-11,FBA15FK0196N,,,,7,32,
S00630,2021-11.docx,2021-11-30T10:50:00,2021-11,FBA15FK2CY6X,,,,1,4,
S00631,2021-12.docx,2021-12-01T09:22:00,2021-12,FBA15FK58H6D,,,,16,139,
S00632,2021-12.docx,2021-12-02T08:28:00,2021-12,FBA15FK8FZYV,,,,1,6,
S00633,2021-12.docx,2021-12-02T10:24:00,2021-12,FBA15FK8Z4L6,,,,4,27,
S00634,2021-12.docx,2021-12-02T11:01:00,2021-12,FBA15FK97GKM,,,,3,12,
S00635,2021-12.docx,2021-12-02T12:48:00,2021-12,FBA15FK9KLMR,,,,10,46,
S00636,2021-12.docx,2021-12-03T10:18:00,2021-12,FBA15FKD5Q52,,,,1,16,
S00637,2021-12.docx,2021-12-03T11:56:00,2021-12,FBA15FKDQRK2,,,,2,16,
S00638,2021-12.docx,2021-12-06T08:19:00,2021-12,FBA15FKJBR4F,,,,1,5,
S00639,2021-12.docx,2021-12-06T12:19:00,2021-12,FBA15FKKGL89,,,,2,10,
S00640,2021-12.docx,2021-12-07T12:00:00,2021-12,FBA15FKNS03Y,,,,1,5,
S00641,2021-12.docx,2021-12-07T12:39:00,2021-12,FBA15FKNVGSQ,,,,1,17,
S00642,2021-12.docx,2021-12-07T12:49:00,2021-12,FBA15FKP5YZC,,,,1,19,
S00643,2021-12.docx,2021-12-07T13:39:00,2021-12,FBA15FKP0177,,,,7,140,
S00644,2021-12.docx,2021-12-10T08:57:00,2021-12,FBA15FKYWT9J,,,,2,18,
S00645,2021-12.docx,2021-12-10T09:08:00,2021-12,FBA15FKYWC8P,,,,1,5,
S00646,2021-12.docx,2021-12-10T09:24:00,2021-12,FBA15FKYXJSY,,,,2,40,
S00647,2021-12.docx,2021-12-10T10:26:00,2021-12,FBA15FKZ7B1L,,,,2,32,
S00648,2021-12.docx,2021-12-10T10:42:00,2021-12,FBA15FKZBT6H,,,,2,30,
S00649,2021-12.docx,2021-12-10T13:10:00,2021-12,FBA15FKZZ6G6,,,,5,48,
S00650,2021-12.docx,2021-12-10T13:45:00,2021-12,FBA15FL04MKT,,,,1,10,
S00651,2021-12.docx,2021-12-10T14:06:00,2021-12,FBA15FL091YJ,,,,5,50,
S00652,2021-12.docx,2021-12-10T14:19:00,2021-12,FBA15FL08WPY,,,,1,6,
S00653,2021-12.docx,2021-12-10T14:34:00,2021-12,FBA15FL07S86,,,,1,6,
S00654,2021-12.docx,2021-12-10T14:49:00,2021-12,FBA15FL09ZPH,,,,1,5,
S00655,2021-12.docx,2021-12-13T09:56:00,2021-12,FBA15FL464DY,,,,3,190,
S00656,2021-12.docx,2021-12-13T11:01:00,2021-12,FBA15FL4M8K7,,,,1,10,
S00657,2021-12.docx,2021-12-13T11:55:00,2021-12,FBA15FL4Y5WB,,,,1,30,
S00658,2021-12.docx,2021-12-13T12:36:00,2021-12,FBA15FL50Y9Q,,,,2,29,
S00659,2021-12.docx,2021-12-13T13:13:00,2021-12,FBA15FL543MG,,,,2,30,
S00660,2021-12.docx,2021-12-13T13:37:00,2021-12,FBA15FL57P48,,,,2,51,
S00661,2021-12.docx,2021-12-14T09:20:00,2021-12,FBA15FL7KMW5,,,,1,6,
S00662,2021-12.docx,2021-12-14T09:33:00,2021-12,FBA15FL7JGBX,,,,1,6,
S00663,2021-12.docx,2021-12-14T09:51:00,2021-12,FBA15FL7S87M,,,,1,6,
S00664,2021-12.docx,2021-12-14T12:15:00,2021-12,FBA15FL8D62W,,,,6,61,
S00665,2021-12.docx,2021-12-14T12:39:00,2021-12,FBA15FL8H3YN,,,,2,18,
S00666,2021-12.docx,2021-12-14T13:40:00,2021-12,FBA15FL8S1LS,,,,7,95,
S00667,2021-12.docx,2021-12-15T09:22:00,2021-12,FBA15FLC95N0,,,,3,20,
S00668,2021-12.docx,2021-12-15T09:42:00,2021-12,FBA15FLC7R2Q,,,,1,10,
S00669,2021-12.docx,2021-12-15T09:59:00,2021-12,FBA15FLC786F,,,,1,10,
S00670,2021-12.docx,2021-12-16T09:25:00,2021-12,FBA15FLGH36W,,,,2,13,
S00671,2021-12.docx,2021-12-16T09:46:00,2021-12,FBA15FLGN2RV,,,,2,8,
S00672,2021-12.docx,2021-12-16T10:07:00,2021-12,FBA15FLGWXZ6,,,,2,7,
S00673,2021-12.docx,2021-12-16T11:58:00,2021-12,FBA15FLH7X69,,,,5,50,
S00674,2021-12.docx,2021-12-17T09:26:00,2021-12,FBA15FLKZ1WB,,,,1,6,
S00675,2021-12.docx,2021-12-17T09:40:00,2021-12,FBA15FLKZZ6D,,,,1,6,
S00676,2021-12.docx,2021-12-17T10:30:00,2021-12,FBA15FLL6TMK,,,,2,21,
S00677,2021-12.docx,2021-12-17T12:19:00,2021-12,FBA15FLLVR80,,,,8,80,
S00678,2021-12.docx,2021-12-20T11:46:00,2021-12,FBA15FLSGP5P,,,,1,6,
S00679,2021-12.docx,2021-12-20T12:04:00,2021-12,FBA15FLSFV0Q,,,,1,4,
S00680,2021-12.docx,2021-12-20T14:33:00,2021-12,FBA15FLT0BPY,,,,4,40,
S00681,2021-12.docx,2021-12-22T10:15:00,2021-12,FBA15FM028MT,,,,17,97,
S00682,2021-12.docx,2021-12-22T12:25:00,2021-12,FBA15FM0M94Q,,,,1,6,
S00683,2021-12.docx,2021-12-23T09:52:00,2021-12,FBA15FM3173Z,,,,1,4,
S00684,2021-12.docx,2021-12-23T12:37:00,2021-12,FBA15FM3M6Y7,,,,3,17,
S00685,2021-12.docx,2021-12-23T13:02:00,2021-12,FBA15FM3M958,,,,1,3,
S00686,2021-12.docx,2021-12-23T14:29:00,2021-12,FBA15FM3Y79J,,,,6,38,
S00687,2021-12.docx,2021-12-28T12:42:00,2021-12,FBA15FMD87W0,,,,2,13,
S00688,2021-12.docx,2021-12-29T08:56:00,2021-12,FBA15FMG02X0,,,,2,8,
S00689,2021-12.docx,2021-12-29T09:10:00,2021-12,FBA15FMG3XRJ,,,,2,8,
S00690,2021-12.docx,2021-12-29T09:36:00,2021-12,FBA15FMG6FM2,,,,5,98,
S00691,2022-01.docx,2022-01-03T11:39:00,2022-01,FBA15FMQ63V7,,,,3,29,
S00692,2022-01.docx,2022-01-03T11:55:00,2022-01,FBA15FMQ8978,,,,4,31,
S00693,2022-01.docx,2022-01-04T12:26:00,2022-01,FBA15FMTBD52,,,,13,206,
S00694,2022-01.docx,2022-01-05T09:00:00,2022-01,FBA15FMWGMDD,,,,2,33,
S00695,2022-01.docx,2022-01-05T11:53:00,2022-01,FBA15FMX9KCM,,,,2,8,
S00696,2022-01.docx,2022-01-05T12:19:00,2022-01,FBA15FMXD0GB,,,,2,9,
S00697,2022-01.docx,2022-01-05T12:32:00,2022-01,FBA15FMXF3VS,,,,1,19,
S00698,2022-01.docx,2022-01-07T10:03:00,2022-01,FBA15FN2QYD8,,,,2,23,
S00699,2022-01.docx,2022-01-07T10:13:00,2022-01,FBA15FN2PRX9,,,,1,0,
S00700,2022-01.docx,2022-01-10T13:06:00,2022-01,FBA15FN8R3HS,,,,3,49,
S00701,2022-01.docx,2022-01-11T08:15:00,2022-01,FBA15FNBM8SQ,,,,1,10,
S00702,2022-01.docx,2022-01-11T08:40:00,2022-01,FBA15FNBT1NW,,,,14,113,
S00703,2022-01.docx,2022-01-11T12:28:00,2022-01,FBA15FNCSNHF,,,,4,115,
S00704,2022-01.docx,2022-01-11T13:59:00,2022-01,FBA15FND9L40,,,,4,22,
S00705,2022-01.docx,2022-01-12T08:57:00,2022-01,FBA15FNG94KY,,,,1,9,
S00706,2022-01.docx,2022-01-12T09:31:00,2022-01,FBA15FNGLJH0,,,,3,57,
S00707,2022-01.docx,2022-01-12T10:19:00,2022-01,FBA15FNGN0D7,,,,2,12,
S00708,2022-01.docx,2022-01-12T13:42:00,2022-01,FBA15FNHNJPC,,,,9,100,
S00709,2022-01.docx,2022-01-13T09:24:00,2022-01,FBA15FNKT731,,,,6,85,
S00710,2022-01.docx,2022-01-13T09:47:00,2022-01,FBA15FNKX14R,,,,2,13,
S00711,2022-01.docx,2022-01-13T12:53:00,2022-01,FBA15FNLQWXL,,,,1,12,
S00712,2022-01.docx,2022-01-13T15:32:00,2022-01,FBA15FNM9GWS,,,,15,202,
S00713,2022-01.docx,2022-01-14T13:42:00,2022-01,FBA15FNQ2HV8,,,,1,12,
S00714,2022-01.docx,2022-01-14T14:14:00,2022-01,FBA15FNQ3RV9,,,,3,39,
S00715,2022-01.docx,2022-01-14T14:50:00,2022-01,FBA15FNQ6J4T,,,,2,14,
S00716,2022-01.docx,2022-01-19T15:16:00,2022-01,FBA15FP2YR8Z,,,,5,37,
S00717,2022-01.docx,2022-01-20T08:30:00,2022-01,FBA15FP4GDGL,,,,1,4,
S00718,2022-01.docx,2022-01-20T09:02:00,2022-01,FBA15FP4M162,,,,4,21,
S00719,2022-01.docx,2022-01-20T10:06:00,2022-01,FBA15FP4T8MV,,,,2,20,
S00720,2022-01.docx,2022-01-20T10:16:00,2022-01,FBA15FP4WZH6,,,,1,6,
S00721,2022-01.docx,2022-01-21T09:26:00,2022-01,FBA15FP7XG7J,,,,1,6,
S00722,2022-01.docx,2022-01-21T09:40:00,2022-01,FBA15FP7Y1KX,,,,18,168,
S00723,2022-01.docx,2022-01-21T10:29:00,2022-01,FBA15FP83P91,,,,2,12,
S00724,2022-01.docx,2022-01-21T10:36:00,2022-01,FBA15FP86RZH,,,,4,62,
S00725,2022-01.docx,2022-01-21T11:55:00,2022-01,FBA15FP8K700,,,,3,25,
S00726,2022-01.docx,2022-01-21T12:35:00,2022-01,FBA15FP8SSL8,,,,1,9,
S00727,2022-01.docx,2022-01-24T10:57:00,2022-01,FBA15FPDZS88,,,,1,5,
S00728,2022-01.docx,2022-01-24T11:44:00,2022-01,FBA15FPF92XN,,,,1,42,
S00729,2022-01.docx,2022-01-24T12:12:00,2022-01,FBA15FPFC404,,,,1,4,
S00730,2022-01.docx,2022-01-24T12:19:00,2022-01,FBA15FPFGJY0,,,,1,4,
S00731,2022-01.docx,2022-01-25T12:19:00,2022-01,FBA15FPJ7108,,,,4,78,
S00732,2022-01.docx,2022-01-26T08:23:00,2022-01,FBA15FPL1DWS,,,,3,55,
S00733,2022-01.docx,2022-01-26T09:04:00,2022-01,FBA15FPL4QQJ,,,,3,12,
S00734,2022-01.docx,2022-01-26T09:38:00,2022-01,FBA15FPL8GHK,,,,1,16,
S00735,2022-01.docx,2022-01-26T10:16:00,2022-01,FBA15FPLF8M4,,,,2,18,
S00736,2022-01.docx,2022-01-26T10:46:00,2022-01,FBA15FPLGN1M,,,,1,6,
S00737,2022-01.docx,2022-01-26T10:53:00,2022-01,FBA15FPLKJ3X,,,,1,6,
S00738,2022-01.docx,2022-01-27T08:04:00,2022-01,FBA15FPNHLRV,,,,4,172,
S00739,2022-01.docx,2022-01-27T09:39:00,2022-01,FBA15FPNSL91,,,,3,34,
S00740,2022-01.docx,2022-01-27T11:40:00,2022-01,FBA15FPP5FM4,,,,5,139,
S00741,2022-01.docx,2022-01-28T08:20:00,2022-01,FBA15FPQYGVP,,,,1,12,
S00742,2022-01.docx,2022-01-28T08:31:00,2022-01,FBA15FPQY5T1,,,,1,12,
S00743,2022-01.docx,2022-01-28T08:54:00,2022-01,FBA15FPR227L,,,,1,4,
S00744,2022-01.docx,2022-01-28T13:55:00,2022-01,FBA15FPRZMDL,,,,1,9,
S00745,2022-01.docx,2022-01-31T10:40:00,2022-01,FBA15FPVWYCY,,,,4,27,
S00746,2022-01.docx,2022-01-31T11:00:00,2022-01,FBA15FPW0VQW,,,,7,162,
S00747,2022-01.docx,2022-01-31T12:25:00,2022-01,FBA15FPW7RKX,,,,5,62,
S00748,2022-01.docx,2022-01-31T13:24:00,2022-01,FBA15FPWK6W5,,,,1,6,
S00749,2022-02.xlsx,2022-02-01T09:37:00,2022-02,FBA15FPXYB2R,,,,1,11,
S00750,2022-02.xlsx,2022-02-01T09:46:00,2022-02,FBA15FPXYKJQ,,,,1,6,
S00751,2022-02.xlsx,2022-02-01T12:34:00,2022-02,FBA15FPYDMY3,,,,1,9,
S00752,2022-02.xlsx,2022-02-01T12:50:00,2022-02,FBA15FPYKF8T,,,,1,15,
S00753,2022-02.xlsx,2022-02-02T10:43:00,2022-02,FBA15FQ0BX9G,,,,20,95,
S00754,2022-02.xlsx,2022-02-02T12:49:00,2022-02,FBA15FQ0QL6T,,,,3,57,
S00755,2022-02.xlsx,2022-02-03T10:23:00,2022-02,FBA15FQ2K4WP,,,,2,21,
S00756,2022-02.xlsx,2022-02-03T10:40:00,2022-02,FBA15FQ2HZCF,,,,1,12,
S00757,2022-02.xlsx,2022-02-03T11:21:00,2022-02,FBA15FQ2R5X3,,,,1,13,
S00758,2022-02.xlsx,2022-02-03T11:31:00,2022-02,FBA15FQ2RSZQ,,,,1,5,
S00759,2022-02.xlsx,2022-02-04T09:56:00,2022-02,FBA15FQ4PTK4,,,,2,10,
S00760,2022-02.xlsx,2022-02-04T10:12:00,2022-02,FBA15FQ4Q9R3,,,,1,16,
S00761,2022-02.xlsx,2022-02-04T10:54:00,2022-02,FBA15FQ4TZVJ,,,,20,149,
S00762,2022-02.xlsx,2022-02-04T12:54:00,2022-02,FBA15FQ57N3J,,,,1,155,
S00763,2022-02.xlsx,2022-02-04T13:42:00,2022-02,FBA15FQ5CCHY,,,,2,155,
S00764,2022-02.xlsx,2022-02-07T10:53:00,2022-02,FBA15FQ8MXXL,,,,7,250,
S00765,2022-02.xlsx,2022-02-07T11:46:00,2022-02,FBA15FQ8X71K,,,,1,26,
S00766,2022-02.xlsx,2022-02-07T12:14:00,2022-02,FBA15FQ938ZC,,,,1,12,
S00767,2022-02.xlsx,2022-02-07T13:10:00,2022-02,FBA15FQ94NKC,,,,2,9,
S00768,2022-02.xlsx,2022-02-09T08:56:00,2022-02,FBA15FQFTF8Q,,,,2,110,
S00769,2022-02.xlsx,2022-02-09T09:12:00,2022-02,FBA15FQFYK4L,,,,3,30,
S00770,2022-02.xlsx,2022-02-09T09:58:00,2022-02,FBA15FQFZSFP,,,,24,191,
S00771,2022-02.xlsx,2022-02-09T12:07:00,2022-02,FBA15FQGKN8Q,,,,1,17,
S00772,2022-02.xlsx,2022-02-09T12:14:00,2022-02,FBA15FQGMRVM,,,,1,10,
S00773,2022-02.xlsx,2022-02-10T10:14:00,2022-02,FBA15FQJZH0Z,,,,1,4,
S00774,2022-02.xlsx,2022-02-10T10:31:00,2022-02,FBA15FQJYX99,,,,1,6,
S00775,2022-02.xlsx,2022-02-10T10:37:00,2022-02,FBA15FQK2WWX,,,,1,6,
S00776,2022-02.xlsx,2022-02-10T11:34:00,2022-02,FBA15FQK5NYN,,,,1,30,
S00777,2022-02.xlsx,2022-02-14T10:58:00,2022-02,FBA15FQSLWLS,,,,7,319,
S00778,2022-02.xlsx,2022-02-14T12:37:00,2022-02,FBA15FQSZKD8,,,,1,17,
S00779,2022-02.xlsx,2022-02-14T12:50:00,2022-02,FBA15FQT2FZ1,,,,1,23,
S00780,2022-02.xlsx,2022-02-15T08:36:00,2022-02,FBA15FQVWLFW,,,,4,59,
S00781,2022-02.xlsx,2022-02-15T11:27:00,2022-02,FBA15FQWLPKL,,,,2,28,
S00782,2022-02.xlsx,2022-02-15T12:35:00,2022-02,FBA15FQWYWP7,,,,2,12,
S00783,2022-02.xlsx,2022-02-15T12:47:00,2022-02,FBA15FQWVN71,,,,2,12,
S00784,2022-02.xlsx,2022-02-15T14:05:00,2022-02,FBA15FQX50XN,,,,1,12,
S00785,2022-02.xlsx,2022-02-15T14:12:00,2022-02,FBA15FQX6SJK,,,,1,12,
S00786,2022-02.xlsx,2022-02-16T08:30:00,2022-02,FBA15FQYSPWN,,,,3,115,
S00787,2022-02.xlsx,2022-02-16T09:51:00,2022-02,FBA15FQZ1NTH,,,,3,28,
S00788,2022-02.xlsx,2022-02-17T09:46:00,2022-02,FBA15FR1Z72N,,,,11,171,
S00789,2022-02.xlsx,2022-02-17T12:42:00,2022-02,FBA15FR2RH28,,,,2,31,
S00790,2022-02.xlsx,2022-02-17T13:08:00,2022-02,FBA15FR2XS0V,,,,2,17,
S00791,2022-02.xlsx,2022-02-17T13:16:00,2022-02,FBA15FR2X2V2,,,,1,44,
S00792,2022-02.xlsx,2022-02-18T12:01:00,2022-02,FBA15FR5K6PC,,,,20,132,
S00793,2022-02.xlsx,2022-02-18T13:46:00,2022-02,FBA15FR5XRRC,,,,3,140,
S00794,2022-02.xlsx,2022-02-21T13:44:00,2022-02,FBA15FRBC45Z,,,,1,10,
S00795,2022-02.xlsx,2022-02-22T09:56:00,2022-02,FBA15FRDPTZ2,,,,1,23,
S00796,2022-02.xlsx,2022-02-22T12:52:00,2022-02,FBA15FRFJ1F7,,,,2,22,
S00797,2022-02.xlsx,2022-02-22T13:12:00,2022-02,FBA15FRFF95N,,,,3,58,
S00798,2022-02.xlsx,2022-02-22T13:25:00,2022-02,FBA15FRFHP8F,,,,1,11,
S00799,2022-02.xlsx,2022-02-23T08:58:00,2022-02,FBA15FRHJGDR,,,,3,68,
S00800,2022-02.xlsx,2022-02-23T12:01:00,2022-02,FBA15FRJ92LT,,,,15,202,
S00801,2022-02.xlsx,2022-02-23T14:47:00,2022-02,FBA15FRJYV54,,,,2,7,
S00802,2022-02.xlsx,2022-02-24T12:49:00,2022-02,FBA15FRMFB1K,,,,1,16,
S00803,2022-02.xlsx,2022-02-24T12:57:00,2022-02,FBA15FRMH745,,,,1,18,
S00804,2022-02.xlsx,2022-02-24T14:02:00,2022-02,FBA15FRMM0V6,,,,2,40,
S00805,2022-02.xlsx,2022-02-25T12:04:00,2022-02,FBA15FRQLT9J,,,,1,70,
S00806,2022-02.xlsx,2022-02-25T12:28:00,2022-02,FBA15FRQLQZ8,,,,2,70,
S00807,2022-02.xlsx,2022-02-26T10:48:00,2022-02,FBA15FRS3L4P,,,,14,196,
S00808,2022-02.xlsx,2022-02-26T12:19:00,2022-02,FBA15FRS5MQN,,,,11,120,
S00809,2022-02.xlsx,2022-02-28T10:34:00,2022-02,FBA15FRVM37T,,,,11,134,
S00810,2022-03.xlsx,2022-03-01T11:50:00,2022-03,FBA15FRYV57R,,,,12,130,
S00811,2022-03.xlsx,2022-03-02T09:58:00,2022-03,FBA15FS1L3S3,,,,1,70,
S00812,2022-03.xlsx,2022-03-02T10:26:00,2022-03,FBA15FS1Q97N,,,,1,160,
S00813,2022-03.xlsx,2022-03-02T10:36:00,2022-03,FBA15FS1W993,,,,2,200,
S00814,2022-03.xlsx,2022-03-02T12:14:00,2022-03,FBA15FS2D48R,,,,9,150,
S00815,2022-03.xlsx,2022-03-02T14:12:00,2022-03,FBA15FS2M60D,,,,9,139,
S00816,2022-03.xlsx,2022-03-03T10:25:00,2022-03,FBA15FS4SS1V,,,,1,23,
S00817,2022-03.xlsx,2022-03-03T10:34:00,2022-03,FBA15FS4QY5M,,,,1,42,
S00818,2022-03.xlsx,2022-03-03T10:44:00,2022-03,FBA15FS4VTMT,,,,1,160,
S00819,2022-03.xlsx,2022-03-03T12:05:00,2022-03,FBA15FS574XH,,,,1,32,
S00820,2022-03.xlsx,2022-03-03T12:29:00,2022-03,FBA15FS58N15,,,,3,53,
S00821,2022-03.xlsx,2022-03-09T09:25:00,2022-03,FBA15FSKSJBQ,,,,1,160,
S00822,2022-03.xlsx,2022-03-09T09:57:00,2022-03,FBA15FSKVBFF,,,,3,74,
S00823,2022-03.xlsx,2022-03-09T14:00:00,2022-03,FBA15FSLX76B,,,,1,30,
S00824,2022-03.xlsx,2022-03-10T08:53:00,2022-03,FBA15FSNLH15,,,,1,10,
S00825,2022-03.xlsx,2022-03-10T08:59:00,2022-03,FBA15FSNK552,,,,1,23,
S00826,2022-03.xlsx,2022-03-10T09:36:00,2022-03,FBA15FSNSBR2,,,,3,51,
S00827,2022-03.xlsx,2022-03-10T13:36:00,2022-03,FBA15FSPQYX9,,,,2,33,
S00828,2022-03.xlsx,2022-03-11T09:32:00,2022-03,FBA15FSRRM3P,,,,1,23,
S00829,2022-03.xlsx,2022-03-11T09:43:00,2022-03,FBA15FSRR8J9,,,,1,12,
S00830,2022-03.xlsx,2022-03-11T10:42:00,2022-03,FBA15FSRXC43,,,,6,134,
S00831,2022-03.xlsx,2022-03-11T13:52:00,2022-03,FBA15FSSM8LZ,,,,1,33,
S00832,2022-03.xlsx,2022-03-15T12:12:00,2022-03,FBA15FT0KS25,,,,2,110,
S00833,2022-03.xlsx,2022-03-16T08:52:00,2022-03,FBA15FT2FMCF,,,,3,139,
S00834,2022-03.xlsx,2022-03-16T13:36:00,2022-03,FBA15FT3FDG6,,,,1,50,
S00835,2022-03.xlsx,2022-03-16T14:07:00,2022-03,FBA15FT3M73V,,,,4,49,
S00836,2022-03.xlsx,2022-03-17T09:25:00,2022-03,FBA15FT56YXZ,,,,5,262,
S00837,2022-03.xlsx,2022-03-17T09:50:00,2022-03,FBA15FT57D4N,,,,1,16,
S00838,2022-03.xlsx,2022-03-18T10:38:00,2022-03,FBA15FT7XG6R,,,,3,40,
S00839,2022-03.xlsx,2022-03-18T11:41:00,2022-03,FBA15FT83SD1,,,,6,149,
S00840,2022-03.xlsx,2022-03-18T13:15:00,2022-03,FBA15FT8GDHM,,,,2,13,
S00841,2022-03.xlsx,2022-03-18T13:20:00,2022-03,FBA15FT8GH0P,,,,1,13,
S00842,2022-03.xlsx,2022-03-22T09:53:00,2022-03,FBA15FTH0LF2,,,,1,12,
S00843,2022-03.xlsx,2022-03-22T10:12:00,2022-03,FBA15FTH5FSC,,,,1,12,
S00844,2022-03.xlsx,2022-03-22T10:44:00,2022-03,FBA15FTHCZ84,,,,1,30,
S00845,2022-03.xlsx,2022-03-22T12:48:00,2022-03,FBA15FTHTJK5,,,,3,24,
S00846,2022-03.xlsx,2022-03-23T09:09:00,2022-03,FBA15FTKSCVN,,,,1,13,
S00847,2022-03.xlsx,2022-03-23T09:19:00,2022-03,FBA15FTKVJNM,,,,1,13,
S00848,2022-03.xlsx,2022-03-23T10:14:00,2022-03,FBA15FTKZQMN,,,,4,36,
S00849,2022-03.xlsx,2022-03-23T11:42:00,2022-03,FBA15FTLJFRL,,,,2,38,
S00850,2022-03.xlsx,2022-03-24T10:10:00,2022-03,FBA15FTNZWT6,,,,1,23,
S00851,2022-03.xlsx,2022-03-24T10:56:00,2022-03,FBA15FTP6DMZ,,,,1,32,
S00852,2022-03.xlsx,2022-03-25T10:00:00,2022-03,FBA15FTRT9TJ,,,,1,25,
S00853,2022-03.xlsx,2022-03-25T11:25:00,2022-03,FBA15FTS8GZ2,,,,11,125,
S00854,2022-03.xlsx,2022-03-25T12:20:00,2022-03,FBA15FTSH36N,,,,1,26,
S00855,2022-03.xlsx,2022-03-25T12:27:00,2022-03,FBA15FTSHKVV,,,,1,4,
S00856,2022-03.xlsx,2022-03-25T13:03:00,2022-03,FBA15FTSNPDP,,,,1,95,
S00857,2022-03.xlsx,2022-03-29T08:22:00,2022-03,FBA15FTZT2P0,,,,1,26,
S00858,2022-03.xlsx,2022-03-29T09:25:00,2022-03,FBA15FV0652G,,,,1,13,
S00859,2022-03.xlsx,2022-03-29T09:52:00,2022-03,FBA15FV02F84,,,,1,6,
S00860,2022-03.xlsx,2022-03-29T09:58:00,2022-03,FBA15FV04J98,,,,1,6,
S00861,2022-03.xlsx,2022-03-29T10:25:00,2022-03,FBA15FV0CS93,,,,1,42,
S00862,2022-03.xlsx,2022-03-29T11:38:00,2022-03,FBA15FV0NH7H,,,,1,4,
S00863,2022-03.xlsx,2022-03-29T11:43:00,2022-03,FBA15FV0TMLH,,,,1,4,
S00864,2022-03.xlsx,2022-03-30T08:38:00,2022-03,FBA15FV2VN2K,,,,4,80,
S00865,2022-03.xlsx,2022-03-30T10:38:00,2022-03,FBA15FV3D6LX,,,,3,56,
S00866,2022-03.xlsx,2022-03-30T13:15:00,2022-03,FBA15FV44XM2,,,,1,17,
S00867,2022-03.xlsx,2022-03-31T07:48:00,2022-03,FBA15FV5R47X,,,,3,42,
S00868,2022-03.xlsx,2022-03-31T09:24:00,2022-03,FBA15FV6218B,,,,1,10,
S00869,2022-03.xlsx,2022-03-31T09:29:00,2022-03,FBA15FV60LFN,,,,1,10,
S00870,2022-03.xlsx,2022-03-31T11:53:00,2022-03,FBA15FV6SR6X,,,,3,11,
S00871,2022-03.xlsx,2022-03-31T12:17:00,2022-03,FBA15FV6XBG9,,,,1,12,
S00872,2022-03.xlsx,2022-03-31T12:24:00,2022-03,FBA15FV6X8KL,,,,1,12,
S00873,2022-04.xlsx,2022-04-01T08:24:00,2022-04,FBA15FV8SB05,,,,1,23,
S00874,2022-04.xlsx,2022-04-01T13:02:00,2022-04,FBA15FV9W9YF,,,,2,145,
S00875,2022-04.xlsx,2022-04-04T09:35:00,2022-04,FBA15FVF9RHW,,,,1,5,
S00876,2022-04.xlsx,2022-04-05T10:25:00,2022-04,FBA15FVHX6ZX,,,,8,117,
S00877,2022-04.xlsx,2022-04-05T12:26:00,2022-04,FBA15FVJ3NJ2,,,,1,16,
S00878,2022-04.xlsx,2022-04-05T12:35:00,2022-04,FBA15FVHS86G,,,,1,23,
S00879,2022-04.xlsx,2022-04-06T11:59:00,2022-04,FBA15FVLWPMQ,,,,1,155,
S00880,2022-04.xlsx,2022-04-06T14:13:00,2022-04,FBA15FVMGG0N,,,,3,145,
S00881,2022-04.xlsx,2022-04-07T12:48:00,2022-04,FBA15FVQ76R9,,,,1,30,
S00882,2022-04.xlsx,2022-04-07T13:24:00,2022-04,FBA15FVQFBV6,,,,1,5,
S00883,2022-04.xlsx,2022-04-07T14:09:00,2022-04,FBA15FVQMB97,,,,1,155,
S00884,2022-04.xlsx,2022-04-07T14:19:00,2022-04,FBA15FVQNZVY,,,,1,10,
S00885,2022-04.xlsx,2022-04-08T09:06:00,2022-04,FBA15FVS8T1M,,,,2,38,
S00886,2022-04.xlsx,2022-04-08T12:50:00,2022-04,FBA15FVT518L,,,,2,6,
S00887,2022-04.xlsx,2022-04-08T13:58:00,2022-04,FBA15FVTGFXW,,,,2,7,
S00888,2022-04.xlsx,2022-04-08T14:05:00,2022-04,FBA15FVT5XQK,,,,1,13,
S00889,2022-04.xlsx,2022-04-12T12:03:00,2022-04,FBA15FW1JFSQ,,,,1,5,
S00890,2022-04.xlsx,2022-04-12T13:42:00,2022-04,FBA15FW21BXT,,,,8,164,
S00891,2022-04.xlsx,2022-04-13T09:43:00,2022-04,FBA15FW3YWCV,,,,5,141,
S00892,2022-04.xlsx,2022-04-13T10:22:00,2022-04,FBA15FW44B8Z,,,,4,52,
S00893,2022-04.xlsx,2022-04-13T11:42:00,2022-04,FBA15FW4LQCC,,,,2,13,
S00894,2022-04.xlsx,2022-04-13T11:55:00,2022-04,FBA15FW4MS90,,,,1,13,
S00895,2022-04.xlsx,2022-04-13T12:03:00,2022-04,FBA15FW4HK0Z,,,,1,4,
S00896,2022-04.xlsx,2022-04-13T13:22:00,2022-04,FBA15FW4Y6S3,,,,7,115,
S00897,2022-04.xlsx,2022-04-14T10:20:00,2022-04,FBA15FW6Y0V5,,,,2,18,
S00898,2022-04.xlsx,2022-04-14T10:29:00,2022-04,FBA15FW6Y7RC,,,,1,16,
S00899,2022-04.xlsx,2022-04-14T10:54:00,2022-04,FBA15FW77QH5,,,,1,10,
S00900,2022-04.xlsx,2022-04-15T08:23:00,2022-04,FBA15FW92VW2,,,,1,23,
S00901,2022-04.xlsx,2022-04-15T09:15:00,2022-04,FBA15FW95GYM,,,,7,142,
S00902,2022-04.xlsx,2022-04-15T11:46:00,2022-04,FBA15FW9MGRC,,,,9,170,
S00903,2022-04.xlsx,2022-04-20T09:53:00,2022-04,FBA15FWK8T06,,,,1,160,
S00904,2022-04.xlsx,2022-04-20T12:23:00,2022-04,FBA15FWL07Q9,,,,1,155,
S00905,2022-04.xlsx,2022-04-20T13:40:00,2022-04,FBA15FWL52SK,,,,1,44,
S00906,2022-04.xlsx,2022-04-20T13:47:00,2022-04,FBA15FWL59HY,,,,1,23,
S00907,2022-04.xlsx,2022-04-21T10:00:00,2022-04,FBA15FWN01JM,,,,2,37,
S00908,2022-04.xlsx,2022-04-21T10:25:00,2022-04,FBA15FWN7T1R,,,,1,70,
S00909,2022-04.xlsx,2022-04-21T10:34:00,2022-04,FBA15FWN5S89,,,,1,10,
S00910,2022-04.xlsx,2022-04-21T10:52:00,2022-04,FBA15FWN7K1C,,,,2,19,
S00911,2022-04.xlsx,2022-04-26T09:45:00,2022-04,FBA15FWZFQKG,,,,5,64,
S00912,2022-04.xlsx,2022-04-26T10:15:00,2022-04,FBA15FWZK8V5,,,,1,30,
S00913,2022-04.xlsx,2022-04-26T10:56:00,2022-04,FBA15FWZTPK3,,,,1,15,
S00914,2022-04.xlsx,2022-04-27T14:21:00,2022-04,FBA15FX4078V,,,,5,120,
S00915,2022-04.xlsx,2022-04-28T13:53:00,2022-04,FBA15FX6XGG3,,,,3,6,
S00916,2022-04.xlsx,2022-04-29T08:54:00,2022-04,FBA15FX8JLC2,,,,1,10,
S00917,2022-04.xlsx,2022-04-29T12:48:00,2022-04,FBA15FX9LRZ5,,,,1,27,
S00918,2022-04.xlsx,2022-04-29T12:56:00,2022-04,FBA15FX9PXJ1,,,,1,27,
S00919,2022-04.xlsx,2022-04-29T13:40:00,2022-04,FBA15FX9Y6RL,,,,1,17,
S00920,2022-04.xlsx,2022-04-29T13:58:00,2022-04,FBA15FX9YXYZ,,,,1,17,
S00921,2022-05.xlsx,2022-05-05T09:00:00,2022-05,FBA15FXMBSJJ,,,,1,155,
S00922,2022-05.xlsx,2022-05-05T09:11:00,2022-05,FBA15FXMG8Q2,,,,1,160,
S00923,2022-05.xlsx,2022-05-05T09:17:00,2022-05,FBA15FXMHV8W,,,,1,70,
S00924,2022-05.xlsx,2022-05-05T09:45:00,2022-05,FBA15FXMP69Z,,,,4,28,
S00925,2022-05.xlsx,2022-05-05T12:49:00,2022-05,FBA15FXNJYTT,,,,2,16,
S00926,2022-05.xlsx,2022-05-06T10:14:00,2022-05,FBA15FXQVL6F,,,,1,17,
S00927,2022-05.xlsx,2022-05-06T10:21:00,2022-05,FBA15FXQV2PS,,,,1,4,
S00928,2022-05.xlsx,2022-05-06T10:26:00,2022-05,FBA15FXQRL84,,,,1,4,
S00929,2022-05.xlsx,2022-05-06T11:40:00,2022-05,FBA15FXR7YT1,,,,6,260,
S00930,2022-05.xlsx,2022-05-10T08:47:00,2022-05,FBA15FXZFZMF,,,,1,155,
S00931,2022-05.xlsx,2022-05-10T08:54:00,2022-05,FBA15FXZJXQY,,,,1,155,
S00932,2022-05.xlsx,2022-05-10T09:03:00,2022-05,FBA15FXZHSHP,,,,1,12,
S00933,2022-05.xlsx,2022-05-10T09:19:00,2022-05,FBA15FXZKRSP,,,,1,12,
S00934,2022-05.xlsx,2022-05-10T09:45:00,2022-05,FBA15FXZPTT4,,,,2,8,
S00935,2022-05.xlsx,2022-05-10T10:33:00,2022-05,FBA15FXZYY98,,,,2,29,
S00936,2022-05.xlsx,2022-05-10T10:54:00,2022-05,FBA15FY0559H,,,,1,5,
S00937,2022-05.xlsx,2022-05-10T11:24:00,2022-05,FBA15FY04JGN,,,,1,10,
S00938,2022-05.xlsx,2022-05-10T14:35:00,2022-05,FBA15FY12KCF,,,,2,52,
S00939,2022-05.xlsx,2022-05-11T09:34:00,2022-05,FBA15FY2T7ZN,,,,2,13,
S00940,2022-05.xlsx,2022-05-11T09:45:00,2022-05,FBA15FY2TN89,,,,1,13,
S00941,2022-05.xlsx,2022-05-12T10:01:00,2022-05,FBA15FY62024,,,,1,12,
S00942,2022-05.xlsx,2022-05-12T14:09:00,2022-05,FBA15FY778R9,,,,8,204,
S00943,2022-05.xlsx,2022-05-13T12:14:00,2022-05,FBA15FY9MSK5,,,,4,53,
S00944,2022-05.xlsx,2022-05-13T12:24:00,2022-05,FBA15FY9PNSB,,,,3,43,
S00945,2022-05.xlsx,2022-05-13T13:08:00,2022-05,FBA15FY9X5QB,,,,2,7,
S00946,2022-05.xlsx,2022-05-17T10:24:00,2022-05,FBA15FYK4229,,,,4,78,
S00947,2022-05.xlsx,2022-05-17T12:54:00,2022-05,FBA15FYL0JL2,,,,2,13,
S00948,2022-05.xlsx,2022-05-17T13:12:00,2022-05,FBA15FYL0W0Y,,,,1,13,
S00949,2022-05.xlsx,2022-05-18T10:30:00,2022-05,FBA15FYNHWTW,,,,1,155,
S00950,2022-05.xlsx,2022-05-18T11:32:00,2022-05,FBA15FYNQXVL,,,,1,70,
S00951,2022-05.xlsx,2022-05-18T12:18:00,2022-05,FBA15FYNSV59,,,,4,150,
S00952,2022-05.xlsx,2022-05-18T12:35:00,2022-05,FBA15FYP6BD5,,,,3,100,
S00953,2022-05.xlsx,2022-05-19T09:50:00,2022-05,FBA15FYRL87X,,,,6,153,
S00954,2022-05.xlsx,2022-05-19T11:50:00,2022-05,FBA15FYS517K,,,,4,33,
S00955,2022-05.xlsx,2022-05-19T12:03:00,2022-05,FBA15FYS6YLK,,,,1,15,
S00956,2022-05.xlsx,2022-05-20T08:38:00,2022-05,FBA15FYV9PQV,,,,1,19,
S00957,2022-05.xlsx,2022-05-20T11:23:00,2022-05,FBA15FYVW443,,,,5,155,
S00958,2022-05.xlsx,2022-05-20T12:55:00,2022-05,FBA15FYWFDB2,,,,1,4,
S00959,2022-05.xlsx,2022-05-20T13:02:00,2022-05,FBA15FYW9G8V,,,,1,4,
S00960,2022-05.xlsx,2022-05-20T13:56:00,2022-05,FBA15FYWNY1W,,,,1,33,
S00961,2022-05.xlsx,2022-05-23T13:17:00,2022-05,FBA15FZ0WFGM,,,,3,62,
S00962,2022-05.xlsx,2022-05-23T13:34:00,2022-05,FBA15FZ0Z1SX,,,,1,26,
S00963,2022-05.xlsx,2022-05-24T09:54:00,2022-05,FBA15FZ3515Y,,,,1,11,
S00964,2022-05.xlsx,2022-05-24T11:46:00,2022-05,FBA15FZ3WZ0F,,,,1,160,
S00965,2022-05.xlsx,2022-05-24T11:55:00,2022-05,FBA15FZ3W6JP,,,,2,24,
S00966,2022-05.xlsx,2022-05-24T12:23:00,2022-05,FBA15FZ40L92,,,,2,17,
S00967,2022-05.xlsx,2022-05-25T11:30:00,2022-05,FBA15FZ6Q4P0,,,,7,131,
S00968,2022-05.xlsx,2022-05-26T13:10:00,2022-05,FBA15FZ9NBGB,,,,4,173,
S00969,2022-05.xlsx,2022-05-27T08:31:00,2022-05,FBA15FZC96V1,,,,1,26,
S00970,2022-05.xlsx,2022-05-27T08:54:00,2022-05,FBA15FZBJ1X8,,,,1,7,
S00971,2022-05.xlsx,2022-05-27T09:08:00,2022-05,FBA15FZC9NZ3,,,,1,30,
S00972,2022-05.xlsx,2022-05-27T11:21:00,2022-05,FBA15FZBMJ44,,,,4,69,
S00973,2022-05.xlsx,2022-05-27T12:36:00,2022-05,FBA15FZC3FLX,,,,3,24,
S00974,2022-05.xlsx,2022-05-30T13:49:00,2022-05,FBA15FZJZ9NX,,,,2,7,
S00975,2022-05.xlsx,2022-05-30T13:56:00,2022-05,FBA15FZK10M6,,,,1,13,
S00976,2022-05.xlsx,2022-05-30T14:04:00,2022-05,FBA15FZK0DYH,,,,1,4,
S00977,2022-05.xlsx,2022-05-30T14:14:00,2022-05,FBA15FZK2PRB,,,,1,4,
S00978,2022-05.xlsx,2022-05-31T10:24:00,2022-05,FBA15FZM45MV,,,,2,24,
S00979,2022-05.xlsx,2022-05-31T11:25:00,2022-05,FBA15FZMFLWV,,,,1,32,
S00980,2022-05.xlsx,2022-05-31T11:40:00,2022-05,FBA15FZMPB94,,,,2,47,
S00981,2022-06.xlsx,2022-06-01T10:23:00,2022-06,FBA15FZQCQDV,,,,5,74,
S00982,2022-06.xlsx,2022-06-01T11:26:00,2022-06,FBA15FZQM1JH,,,,2,6,
S00983,2022-06.xlsx,2022-06-01T11:43:00,2022-06,FBA15FZQNJKL,,,,2,31,
S00984,2022-06.xlsx,2022-06-02T08:03:00,2022-06,FBA15FZSJY0G,,,,1,13,
S00985,2022-06.xlsx,2022-06-02T08:19:00,2022-06,FBA15FZSPY9N,,,,1,13,
S00986,2022-06.xlsx,2022-06-02T09:34:00,2022-06,FBA15FZSZ9PY,,,,1,13,
S00987,2022-06.xlsx,2022-06-02T09:50:00,2022-06,FBA15FZT0J75,,,,2,6,
S00988,2022-06.xlsx,2022-06-03T10:01:00,2022-06,FBA15FZW14HJ,,,,1,4,
S00989,2022-06.xlsx,2022-06-03T10:24:00,2022-06,FBA15FZW5R9M,,,,2,15,
S00990,2022-06.xlsx,2022-06-03T10:59:00,2022-06,FBA15FZW7QQH,,,,1,23,
S00991,2022-06.xlsx,2022-06-03T13:34:00,2022-06,FBA15FZWRGM0,,,,6,212,
S00992,2022-06.xlsx,2022-06-06T12:03:00,2022-06,FBA15G0080L6,,,,1,4,
S00993,2022-06.xlsx,2022-06-06T12:28:00,2022-06,FBA15G00B9QC,,,,1,13,
S00994,2022-06.xlsx,2022-06-06T12:46:00,2022-06,FBA15G00H1TC,,,,1,16,
S00995,2022-06.xlsx,2022-06-07T12:10:00,2022-06,FBA15G030WBD,,,,1,17,
S00996,2022-06.xlsx,2022-06-07T12:31:00,2022-06,FBA15G034555,,,,5,50,
S00997,2022-06.xlsx,2022-06-08T11:59:00,2022-06,FBA15G0619W9,,,,2,16,
S00998,2022-06.xlsx,2022-06-08T12:18:00,2022-06,FBA15G067W0Q,,,,2,49,
S00999,2022-06.xlsx,2022-06-08T12:38:00,2022-06,FBA15G068NVD,,,,1,14,
S01000,2022-06.xlsx,2022-06-09T11:31:00,2022-06,FBA15G0925G2,,,,7,276,
S01001,2022-06.xlsx,2022-06-09T12:04:00,2022-06,FBA15G09FH2R,,,,1,23,
S01002,2022-06.xlsx,2022-06-09T13:42:00,2022-06,FBA15G09V0DT,,,,3,52,
S01003,2022-06.xlsx,2022-06-10T09:49:00,2022-06,FBA15G0CSTBQ,,,,4,70,
S01004,2022-06.xlsx,2022-06-10T09:57:00,2022-06,FBA15G0CY589,,,,1,4,
S01005,2022-06.xlsx,2022-06-10T10:03:00,2022-06,FBA15G0CWVGS,,,,1,4,
S01006,2022-06.xlsx,2022-06-10T10:57:00,2022-06,FBA15G0D58QH,,,,3,20,
S01007,2022-06.xlsx,2022-06-14T10:08:00,2022-06,FBA15G0MWNBV,,,,5,106,
S01008,2022-06.xlsx,2022-06-14T13:21:00,2022-06,FBA15G0NTQK8,,,,1,27,
S01009,2022-06.xlsx,2022-06-14T14:02:00,2022-06,FBA15G0NWVXP,,,,8,184,
S01010,2022-06.xlsx,2022-06-15T09:05:00,2022-06,FBA15G0QNPQW,,,,6,63,
S01011,2022-06.xlsx,2022-06-15T09:54:00,2022-06,FBA15G0R2377,,,,5,74,
S01012,2022-06.xlsx,2022-06-15T10:00:00,2022-06,FBA15G0QZ0PY,,,,1,26,
S01013,2022-06.xlsx,2022-06-20T11:00:00,2022-06,FBA15G12MHB5,,,,3,20,
S01014,2022-06.xlsx,2022-06-20T11:36:00,2022-06,FBA15G12X8WV,,,,1,10,
S01015,2022-06.xlsx,2022-06-21T10:39:00,2022-06,FBA15G15TQLP,,,,1,155,
S01016,2022-06.xlsx,2022-06-21T12:04:00,2022-06,FBA15G16DBGM,,,,1,13,
S01017,2022-06.xlsx,2022-06-21T12:45:00,2022-06,FBA15G16LFGZ,,,,1,11,
S01018,2022-06.xlsx,2022-06-22T10:00:00,2022-06,FBA15G18V25B,,,,6,70,
S01019,2022-06.xlsx,2022-06-23T10:04:00,2022-06,FBA15G1D16D0,,,,2,40,
S01020,2022-06.xlsx,2022-06-23T11:50:00,2022-06,FBA15G1DHJN8,,,,1,12,
S01021,2022-06.xlsx,2022-06-23T11:57:00,2022-06,FBA15G1DMN55,,,,2,7,
S01022,2022-06.xlsx,2022-06-23T12:38:00,2022-06,FBA15G1DSK0X,,,,4,32,
S01023,2022-06.xlsx,2022-06-23T13:33:00,2022-06,FBA15G1DX8GM,,,,8,227,
S01024,2022-06.xlsx,2022-06-23T14:07:00,2022-06,FBA15G1F61NP,,,,1,26,
S01025,2022-06.xlsx,2022-06-24T08:09:00,2022-06,FBA15G1GJBPZ,,,,2,24,
S01026,2022-06.xlsx,2022-06-24T07:37:00,2022-06,FBA15G1GVXH8,,DTM2,,1,30,
S01027,2022-06.xlsx,2022-06-24T08:06:00,2022-06,FBA15G1GY206,,STR1,,2,34,
S01028,2022-06.xlsx,2022-06-24T08:50:00,2022-06,FBA15G1H71Y9,,STR1,,1,14,
S01029,2022-06.xlsx,2022-06-24T10:30:00,2022-06,FBA15G1HJRML,,DUS2,,2,16,
S01030,2022-06.xlsx,2022-06-27T07:53:00,2022-06,FBA15G1M2K3Z,,DTM2,,1,4,
S01031,2022-06.xlsx,2022-06-27T11:05:00,2022-06,FBA15G1N6FFM,,DTM2,,6,74,
S01032,2022-06.xlsx,2022-06-28T08:33:00,2022-06,FBA15G1Q7TWN,,XFR2,,1,10,
S01033,2022-06.xlsx,2022-06-30T07:45:00,2022-06,FBA15G1XJFZG,,XFR2,,1,5,
S01034,2022-06.xlsx,2022-06-30T07:50:00,2022-06,FBA15G1XJZQT,,XFR2,,1,5,
S01035,2022-06.xlsx,2022-06-30T12:42:00,2022-06,FBA15G1YM6YL,,,,1,125,
S01036,2022-06.xlsx,2022-06-30T13:06:00,2022-06,FBA15G1YMBLH,,,,1,12,
S01037,2022-07.xlsx,2022-07-01T09:56:00,2022-07,FBA15G20N794,,,,1,14,
S01038,2022-07.xlsx,2022-07-01T11:46:00,2022-07,FBA15G21KM5X,,DTM2,,1,10,
S01039,2022-07.xlsx,2022-07-01T12:01:00,2022-07,FBA15G21H9XW,,DTM2,,2,19,
S01040,2022-07.xlsx,2022-07-04T10:48:00,2022-07,FBA15G265S4P,,XFR2,,1,9,
S01041,2022-07.xlsx,2022-07-05T08:59:00,2022-07,FBA15G28MV98,,DUS2,,1,23,
S01042,2022-07.xlsx,2022-07-05T10:30:00,2022-07,FBA15G29BRSS,,STR1,,2,18,
S01043,2022-07.xlsx,2022-07-05T10:47:00,2022-07,FBA15G29DXMD,,XFR2,,1,4,
S01044,2022-07.xlsx,2022-07-07T10:22:00,2022-07,FBA15G2HG984,,DTM2,,1,13,
S01045,2022-07.xlsx,2022-07-07T10:32:00,2022-07,FBA15G2HDD65,,DTM2,,2,19,
S01046,2022-07.xlsx,2022-07-07T14:46:00,2022-07,FBA15G2HYFQ1,,,,12,151,
S01047,2022-07.xlsx,2022-07-12T07:38:00,2022-07,FBA15G2SYJ4W,,XFR2,,1,5,
S01048,2022-07.xlsx,2022-07-12T07:48:00,2022-07,FBA15G2T1Y7X,,XFR2,,1,5,
S01049,2022-07.xlsx,2022-07-12T10:26:00,2022-07,FBA15G2TV9QX,,DTM2,,2,120,
S01050,2022-07.xlsx,2022-07-13T06:16:00,2022-07,FBA15G2WR4JZ,,STR1,,3,32,
S01051,2022-07.xlsx,2022-07-13T07:13:00,2022-07,FBA15G2WXR66,,DUS2,,2,22,
S01052,2022-07.xlsx,2022-07-13T10:53:00,2022-07,FBA15G2Y1VGZ,,DTM2,,6,71,
S01053,2022-07.xlsx,2022-07-13T12:11:00,2022-07,FBA15G2Y9589,,DTM2,,4,44,
S01054,2022-07.xlsx,2022-07-13T12:22:00,2022-07,FBA15G2YB49X,,DTM2,,1,26,
S01055,2022-07.xlsx,2022-07-14T06:05:00,2022-07,FBA15G2ZPK1P,,DUS2,,1,25,
S01056,2022-07.xlsx,2022-07-14T07:03:00,2022-07,FBA15G2ZY1NN,,DTM2,,1,11,
S01057,2022-07.xlsx,2022-07-14T07:09:00,2022-07,FBA15G2ZT2TX,,DTM2,,1,11,
S01058,2022-07.xlsx,2022-07-14T08:01:00,2022-07,FBA15G305WGR,,DUS2,,1,17,
S01059,2022-07.xlsx,2022-07-14T08:56:00,2022-07,FBA15G30BM64,,STR1,,1,11,
S01060,2022-07.xlsx,2022-07-14T09:02:00,2022-07,FBA15G30GKLB,,STR1,,1,11,
S01061,2022-07.xlsx,2022-07-14T10:47:00,2022-07,FBA15G310T12,,DTM2,,6,90,
S01062,2022-07.xlsx,2022-07-14T11:38:00,2022-07,FBA15G310512,,DTM2,,3,35,
S01063,2022-07.xlsx,2022-07-15T06:11:00,2022-07,FBA15G32MBHF,,DUS2,,1,22,
S01064,2022-07.xlsx,2022-07-15T06:39:00,2022-07,FBA15G336875,,DUS2,,2,17,
S01065,2022-07.xlsx,2022-07-19T09:28:00,2022-07,FBA15G3BG9W9,,,,1,19,
S01066,2022-07.xlsx,2022-07-19T09:43:00,2022-07,FBA15G3BFHGK,,,,1,42,
S01067,2022-07.xlsx,2022-07-19T13:10:00,2022-07,FBA15G3CDZYW,,,,2,35,
S01068,2022-07.xlsx,2022-07-19T13:23:00,2022-07,FBA15G3CLGX8,,,,1,12,
S01069,2022-07.xlsx,2022-07-20T06:43:00,2022-07,FBA15G3FRQZP,,XSC1,,2,48,
S01070,2022-07.xlsx,2022-07-20T09:33:00,2022-07,FBA15G3G54DG,,,,3,100,
S01071,2022-07.xlsx,2022-07-21T11:33:00,2022-07,FBA15G3KS8Q8,,,,1,5,
S01072,2022-07.xlsx,2022-07-21T09:40:00,2022-07,FBA15G3KYYV8,,DUS2,,1,5,
S01073,2022-07.xlsx,2022-07-22T08:42:00,2022-07,FBA15G3N86Y6,,,,1,5,
S01074,2022-07.xlsx,2022-07-22T06:51:00,2022-07,FBA15G3N4PX6,,DTM2,,1,155,
S01075,2022-07.xlsx,2022-07-22T07:36:00,2022-07,FBA15G3NDJB1,,LEJ3,,1,8,
S01076,2022-07.xlsx,2022-07-25T10:39:00,2022-07,FBA15G3TQTWZ,,DTM2,,1,70,
S01077,2022-07.xlsx,2022-07-25T11:05:00,2022-07,FBA15G3TWSDP,,DTM2,,1,26,
S01078,2022-07.xlsx,2022-07-26T06:44:00,2022-07,FBA15G3WK39R,,LEJ3,,1,23,
S01079,2022-07.xlsx,2022-07-26T14:13:00,2022-07,FBA15G3Y2HJK,,,,8,162,
S01080,2022-07.xlsx,2022-07-27T11:57:00,2022-07,FBA15G40X316,,STR1,,1,9,
S01081,2022-07.xlsx,2022-07-28T09:16:00,2022-07,FBA15G42P15M,,,,5,44,
S01082,2022-07.xlsx,2022-07-28T11:02:00,2022-07,FBA15G438ZRG,,,,9,164,
S01083,2022-07.xlsx,2022-07-29T06:40:00,2022-07,FBA15G45RLD0,,STR1,,3,56,
S01084,2022-07.xlsx,2022-07-29T06:50:00,2022-07,FBA15G45R2SS,,STR1,,1,26,
S01085,2022-07.xlsx,2022-07-29T06:56:00,2022-07,FBA15G45T3S1,,DUS2,,1,10,
S01086,2022-07.xlsx,2022-07-29T07:19:00,2022-07,FBA15G45YLN6,,XSC1,,1,7,
S01087,2022-07.xlsx,2022-07-29T11:01:00,2022-07,FBA15G46Z3V3,,DTM2,,1,5,
S01088,2022-07.xlsx,2022-07-29T12:25:00,2022-07,FBA15G473C4F,,,,5,157,
S01089,2022-08.xlsx,2022-08-02T07:55:00,2022-08,FBA15G4FYCTZ,,DTM2,,3,83,
S01090,2022-08.xlsx,2022-08-02T08:30:00,2022-08,FBA15G4G9ZDF,,DTM2,,1,11,
S01091,2022-08.xlsx,2022-08-02T08:35:00,2022-08,FBA15G4G7TTK,,DTM2,,1,11,
S01092,2022-08.xlsx,2022-08-03T10:36:00,2022-08,FBA15G4L15V8,,STR1,,2,44,
S01093,2022-08.xlsx,2022-08-03T11:39:00,2022-08,FBA15G4LR2KX,,STR1,,2,38,
S01094,2022-08.xlsx,2022-08-04T10:12:00,2022-08,FBA15G4PGKZV,,DTM2,,2,170,
S01095,2022-08.xlsx,2022-08-04T10:25:00,2022-08,FBA15G4PCS39,,STR1,,1,27,
S01096,2022-08.xlsx,2022-08-04T10:43:00,2022-08,FBA15G4PGC4L,,DTM2,,1,13,
S01097,2022-08.xlsx,2022-08-04T10:57:00,2022-08,FBA15G4PJ10B,,DUS2,,1,13,
S01098,2022-08.xlsx,2022-08-04T11:54:00,2022-08,FBA15G4PTJZV,,DTM2,,3,173,
S01099,2022-08.xlsx,2022-08-05T08:37:00,2022-08,FBA15G4RDNVW,,,,13,196,
S01100,2022-08.xlsx,2022-08-05T08:27:00,2022-08,FBA15G4RZ7Y9,,STR1,,1,16,
S01101,2022-08.xlsx,2022-08-05T08:39:00,2022-08,FBA15G4RYR58,,STR1,,1,16,
S01102,2022-08.xlsx,2022-08-05T09:47:00,2022-08,FBA15G4S9H4V,,STR1,,1,12,
S01103,2022-08.xlsx,2022-08-05T09:57:00,2022-08,FBA15G4S8X7C,,STR1,,1,12,
S01104,2022-08.xlsx,2022-08-05T10:20:00,2022-08,FBA15G4SC4D7,,DUS2,,2,9,
S01105,2022-08.xlsx,2022-08-09T06:13:00,2022-08,FBA15G50981M,,DUS2,,2,9,
S01106,2022-08.xlsx,2022-08-09T06:38:00,2022-08,FBA15G50DLBK,,XFR2,,2,15,
S01107,2022-08.xlsx,2022-08-09T07:18:00,2022-08,FBA15G50H78K,,DUS2,,1,27,
S01108,2022-08.xlsx,2022-08-12T06:12:00,2022-08,FBA15G59NWJ5,,DTM2,,1,11,
S01109,2022-08.xlsx,2022-08-12T06:21:00,2022-08,FBA15G59PN3S,,DTM2,,1,11,
S01110,2022-08.xlsx,2022-08-12T09:00:00,2022-08,FBA15G59ZL7R,,,,7,141,
S01111,2022-08.xlsx,2022-08-17T06:31:00,2022-08,FBA15G5MXH4C,,DUS2,,1,16,
S01112,2022-08.xlsx,2022-08-17T06:54:00,2022-08,FBA15G5N0J6H,,DTM2,,1,4,
S01113,2022-08.xlsx,2022-08-17T07:43:00,2022-08,FBA15G5NBFHY,,HAJ1,,4,78,
S01114,2022-08.xlsx,2022-08-17T10:26:00,2022-08,FBA15G5NC8H3,,,,9,87,
S01115,2022-08.xlsx,2022-08-17T10:59:00,2022-08,FBA15G5P7RM7,,DUS2,,2,37,
S01116,2022-08.xlsx,2022-08-17T11:56:00,2022-08,FBA15G5PGGDJ,,DTM2,,4,70,
S01117,2022-08.xlsx,2022-08-18T06:23:00,2022-08,FBA15G5QZYKY,,HAJ1,,1,13,
S01118,2022-08.xlsx,2022-08-18T06:45:00,2022-08,FBA15G5R0VLB,,DTM2,,1,155,
S01119,2022-08.xlsx,2022-08-18T07:17:00,2022-08,FBA15G5R80MK,,DTM2,,1,155,
S01120,2022-08.xlsx,2022-08-18T07:28:00,2022-08,FBA15G5R9285,,STR1,,1,23,
S01121,2022-08.xlsx,2022-08-18T07:43:00,2022-08,FBA15G5RBPQ1,,XFR2,,1,16,
S01122,2022-08.xlsx,2022-08-18T08:05:00,2022-08,FBA15G5RH1VQ,,STR1,,2,7,
S01123,2022-08.xlsx,2022-08-19T06:00:00,2022-08,FBA15G5TXY50,,DTM2,,1,160,
S01124,2022-08.xlsx,2022-08-19T09:38:00,2022-08,FBA15G5VXTSG,,LEJ3,,3,52,
S01125,2022-08.xlsx,2022-08-22T09:52:00,2022-08,FBA15G608FY6,,,,9,168,
S01126,2022-08.xlsx,2022-08-22T10:38:00,2022-08,FBA15G6116RH,,HAJ1,,4,120,
S01127,2022-08.xlsx,2022-08-22T11:27:00,2022-08,FBA15G61818X,,STR1,,1,13,
S01128,2022-08.xlsx,2022-08-22T11:45:00,2022-08,FBA15G61CN22,,DUS2,,1,13,
S01129,2022-08.xlsx,2022-08-23T07:28:00,2022-08,FBA15G63DM5K,,XFR2,,2,26,
S01130,2022-08.xlsx,2022-08-23T07:45:00,2022-08,FBA15G63N3WR,,DTM2,,2,31,
S01131,2022-08.xlsx,2022-08-24T05:17:00,2022-08,FBA15G66D4HM,,HAJ1,,2,7,
S01132,2022-08.xlsx,2022-08-24T06:55:00,2022-08,FBA15G66QDTC,,XFR2,,2,6,
S01133,2022-08.xlsx,2022-08-24T07:05:00,2022-08,FBA15G66M59W,,HAJ1,,1,30,
S01134,2022-08.xlsx,2022-08-24T07:23:00,2022-08,FBA15G66XB93,,DTM2,,1,42,
S01135,2022-08.xlsx,2022-08-24T07:41:00,2022-08,FBA15G66Y40K,,LEJ3,,3,44,
S01136,2022-08.xlsx,2022-08-24T08:12:00,2022-08,FBA15G673Y2H,,DTM2,,5,93,
S01137,2022-08.xlsx,2022-08-25T06:34:00,2022-08,FBA15G6BCN14,,STR1,,2,27,
S01138,2022-08.xlsx,2022-08-25T07:10:00,2022-08,FBA15G6BH21L,,STR1,,1,8,
S01139,2022-08.xlsx,2022-08-25T07:26:00,2022-08,FBA15G6BQ662,,HAJ1,,1,11,
S01140,2022-08.xlsx,2022-08-25T07:49:00,2022-08,FBA15G6BY2ZT,,DTM2,,4,187,
S01141,2022-08.xlsx,2022-08-25T10:29:00,2022-08,FBA15G6CSDXC,,LEJ3,,1,15,
S01142,2022-08.xlsx,2022-08-26T07:37:00,2022-08,FBA15G6G5WDL,,DTM2,,1,155,
S01143,2022-08.xlsx,2022-08-26T08:03:00,2022-08,FBA15G6GW0YJ,,XFR2,,2,6,
S01144,2022-08.xlsx,2022-08-26T08:12:00,2022-08,FBA15G6GWC3C,,STR1,,1,8,
S01145,2022-08.xlsx,2022-08-26T08:54:00,2022-08,FBA15G6H4Q41,,DUS2,,1,27,
S01146,2022-08.xlsx,2022-08-26T10:31:00,2022-08,FBA15G6HQSTZ,,XDU2,,1,16,
S01147,2022-08.xlsx,2022-08-29T08:59:00,2022-08,FBA15G6ML7C1,,,,5,187,
S01148,2022-08.xlsx,2022-08-29T09:27:00,2022-08,FBA15G6N4J8L,,STR1,,2,14,
S01149,2022-08.xlsx,2022-08-29T10:09:00,2022-08,FBA15G6NGHR4,,XFR2,,3,39,
S01150,2022-08.xlsx,2022-08-29T10:39:00,2022-08,FBA15G6NJ8L4,,HAJ1,,4,82,
S01151,2022-08.xlsx,2022-08-30T08:11:00,2022-08,FBA15G6R0Q3X,,LEJ3,,3,36,
S01152,2022-08.xlsx,2022-08-30T08:33:00,2022-08,FBA15G6R6SRN,,DTM2,,9,78,
S01153,2022-08.xlsx,2022-08-30T08:50:00,2022-08,FBA15G6RDNDM,,DTM2,,2,70,
S01154,2022-08.xlsx,2022-08-30T10:13:00,2022-08,FBA15G6RYSKF,,XFR2,,1,13,
S01155,2022-08.xlsx,2022-08-30T10:41:00,2022-08,FBA15G6RVD6M,,DUS2,,5,17,
S01156,2022-08.xlsx,2022-08-31T13:46:00,2022-08,FBA15G6XK3CW,,,,7,147,
S01157,2022-09.xlsx,2022-09-01T07:38:00,2022-09,FBA15G6ZL2VZ,,STR1,,2,10,
S01158,2022-09.xlsx,2022-09-01T09:48:00,2022-09,FBA15G70BZT0,,STR1,,2,10,
S01159,2022-09.xlsx,2022-09-01T10:16:00,2022-09,FBA15G70QQ83,,DUS2,,3,45,
S01160,2022-09.xlsx,2022-09-01T10:34:00,2022-09,FBA15G70R94Y,,HAJ1,,2,7,
S01161,2022-09.xlsx,2022-09-02T05:26:00,2022-09,FBA15G72F0GJ,,DUS2,,1,13,
S01162,2022-09.xlsx,2022-09-02T06:45:00,2022-09,FBA15G72SRHP,,STR1,,2,11,
S01163,2022-09.xlsx,2022-09-02T07:00:00,2022-09,FBA15G72T215,,DUS2,,2,20,
S01164,2022-09.xlsx,2022-09-02T07:46:00,2022-09,FBA15G72ZM04,,DTM2,,6,72,
S01165,2022-09.xlsx,2022-09-02T08:04:00,2022-09,FBA15G732TVM,,XDU2,,2,6,
S01166,2022-09.xlsx,2022-09-02T08:43:00,2022-09,FBA15G73BYRN,,DUS2,,2,14,
S01167,2022-09.xlsx,2022-09-02T09:58:00,2022-09,FBA15G73QFHD,,DTM2,,1,11,
S01168,2022-09.xlsx,2022-09-02T10:04:00,2022-09,FBA15G73R3YK,,DTM2,,2,11,
S01169,2022-09.xlsx,2022-09-05T08:50:00,2022-09,FBA15G78Z4V7,,DUS2,,2,47,
S01170,2022-09.xlsx,2022-09-05T10:19:00,2022-09,FBA15G79H3D6,,DTM2,,5,70,
S01171,2022-09.xlsx,2022-09-06T06:48:00,2022-09,FBA15G7CSBZN,,DUS2,,1,10,
S01172,2022-09.xlsx,2022-09-06T06:58:00,2022-09,FBA15G7CQC9D,,STR1,,1,12,
S01173,2022-09.xlsx,2022-09-06T10:40:00,2022-09,FBA15G7D9F0C,,,,11,177,
S01174,2022-09.xlsx,2022-09-06T11:02:00,2022-09,FBA15G7F32WB,,DTM2,,1,13,
S01175,2022-09.xlsx,2022-09-07T06:49:00,2022-09,FBA15G7H75GS,,DUS2,,2,19,
S01176,2022-09.xlsx,2022-09-08T06:26:00,2022-09,FBA15G7LTG1K,,DUS2,,3,39,
S01177,2022-09.xlsx,2022-09-08T06:54:00,2022-09,FBA15G7LXV4M,,DTM2,,3,40,
S01178,2022-09.xlsx,2022-09-08T07:10:00,2022-09,FBA15G7M1VLP,,DTM2,,3,90,
S01179,2022-09.xlsx,2022-09-08T07:25:00,2022-09,FBA15G7M4HG3,,DTM2,,4,45,
S01180,2022-09.xlsx,2022-09-09T07:31:00,2022-09,FBA15G7Q5PP6,,,,7,203,
S01181,2022-09.xlsx,2022-09-09T07:31:00,2022-09,FBA15G7QP8JL,,DUS2,,1,10,
S01182,2022-09.xlsx,2022-09-09T08:05:00,2022-09,FBA15G7QY8H1,,DUS2,,1,23,
S01183,2022-09.xlsx,2022-09-12T06:55:00,2022-09,FBA15G7W6N4L,,XFR2,,1,7,
S01184,2022-09.xlsx,2022-09-12T10:18:00,2022-09,FBA15G7X0BBW,,XFR2,,2,14,
S01185,2022-09.xlsx,2022-09-13T06:24:00,2022-09,FBA15G806NQJ,,STR1,,2,19,
S01186,2022-09.xlsx,2022-09-13T07:44:00,2022-09,FBA15G80H32G,,HAJ1,,2,7,
S01187,2022-09.xlsx,2022-09-13T08:03:00,2022-09,FBA15G80PDL3,,HAJ1,,1,30,
S01188,2022-09.xlsx,2022-09-13T10:51:00,2022-09,FBA15G812SM8,,,,10,118,
S01189,2022-09.xlsx,2022-09-13T11:44:00,2022-09,FBA15G821HMW,,DTM2,,4,47,
S01190,2022-09.xlsx,2022-09-14T07:00:00,2022-09,FBA15G84C71P,,LEJ3,,2,29,
S01191,2022-09.xlsx,2022-09-14T08:01:00,2022-09,FBA15G84HWYY,,XSC1,,1,10,
S01192,2022-09.xlsx,2022-09-14T08:29:00,2022-09,FBA15G84VTGH,,DTM2,,1,26,
S01193,2022-09.xlsx,2022-09-16T06:01:00,2022-09,FBA15G8D1D7D,,STR1,,3,54,
S01194,2022-09.xlsx,2022-09-16T06:28:00,2022-09,FBA15G8D73VV,,DUS2,,2,7,
S01195,2022-09.xlsx,2022-09-16T11:52:00,2022-09,FBA15G8F9LQD,,,,6,277,
S01196,2022-09.xlsx,2022-09-16T11:33:00,2022-09,FBA15G8FWTBM,,STR1,,1,8,
S01197,2022-09.xlsx,2022-09-19T08:39:00,2022-09,FBA15G8LDVNX,,DTM2,,6,140,
S01198,2022-09.xlsx,2022-09-19T09:57:00,2022-09,FBA15G8LSBQB,,DTM2,,3,135,
S01199,2022-09.xlsx,2022-09-19T10:39:00,2022-09,FBA15G8M19GC,,STR1,,2,24,
S01200,2022-09.xlsx,2022-09-20T06:48:00,2022-09,FBA15G8Q3VVK,,DUS2,,2,11,
S01201,2022-09.xlsx,2022-09-20T08:38:00,2022-09,FBA15G8QCPL2,,DTM2,,2,6,
S01202,2022-09.xlsx,2022-09-21T09:46:00,2022-09,FBA15G8V804V,,DTM2,,1,26,
S01203,2022-09.xlsx,2022-09-22T07:28:00,2022-09,FBA15G8Y34XZ,,STR1,,3,18,
S01204,2022-09.xlsx,2022-09-22T07:54:00,2022-09,FBA15G8Y4BNP,,XFR2,,1,10,
S01205,2022-09.xlsx,2022-09-23T06:07:00,2022-09,FBA15G91133T,,DUS2,,1,10,
S01206,2022-09.xlsx,2022-09-23T07:08:00,2022-09,FBA15G91CFSG,,DTM2,,2,29,
S01207,2022-09.xlsx,2022-09-27T08:09:00,2022-09,FBA15G9BT9LP,,LEJ3,,5,51,
S01208,2022-09.xlsx,2022-09-27T08:35:00,2022-09,FBA15G9C2Z7F,,HAJ1,,11,70,
S01209,2022-09.xlsx,2022-09-27T09:29:00,2022-09,FBA15G9CC614,,STR1,,2,9,
S01210,2022-09.xlsx,2022-09-27T09:48:00,2022-09,FBA15G9CKDCQ,,STR1,,1,27,
S01211,2022-09.xlsx,2022-09-27T10:30:00,2022-09,FBA15G9CXGXD,,DTM2,,2,7,
S01212,2022-09.xlsx,2022-09-28T06:50:00,2022-09,FBA15G9G5NDD,,XFR2,,1,17,
S01213,2022-09.xlsx,2022-09-29T09:42:00,2022-09,FBA15G9LXD0H,,DTM2,,2,155,
S01214,2022-09.xlsx,2022-09-29T09:54:00,2022-09,FBA15G9M0FHJ,,DTM2,,1,30,
S01215,2022-09.xlsx,2022-09-29T13:58:00,2022-09,FBA15G9MNF2M,,,,15,176,
S01216,2022-10.xlsx,2022-10-04T07:34:00,2022-10,FBA15G9VX74X,,STR1,,1,16,
S01217,2022-10.xlsx,2022-10-04T07:51:00,2022-10,FBA15G9W0QYT,,STR1,,1,19,
S01218,2022-10.xlsx,2022-10-04T11:01:00,2022-10,FBA15G9WQ7B7,,STR1,,3,47,
S01219,2022-10.xlsx,2022-10-05T08:44:00,2022-10,FBA15G9Y57Y3,,,,7,111,
S01220,2022-10.xlsx,2022-10-05T09:38:00,2022-10,FBA15G9YWGYG,,DUS2,,2,23,
S01221,2022-10.xlsx,2022-10-05T12:23:00,2022-10,FBA15G9ZBYLV,,DTM2,,5,155,
S01222,2022-10.xlsx,2022-10-06T09:41:00,2022-10,FBA15GB1N9ZQ,,STR1,,1,17,
S01223,2022-10.xlsx,2022-10-07T13:38:00,2022-10,FBA15GB4YR6Z,,,,15,267,
S01224,2022-10.xlsx,2022-10-10T10:20:00,2022-10,FBA15GBBR4YJ,,STR1,,3,54,
S01225,2022-10.xlsx,2022-10-10T11:22:00,2022-10,FBA15GBBX617,,STR1,,3,52,
S01226,2022-10.xlsx,2022-10-11T06:15:00,2022-10,FBA15GBDQKQY,,HAJ1,,3,15,
S01227,2022-10.xlsx,2022-10-11T06:27:00,2022-10,FBA15GBDS9SF,,DTM2,,1,13,
S01228,2022-10.xlsx,2022-10-12T11:05:00,2022-10,FBA15GBL03R8,,LEJ1,,1,8,
S01229,2022-10.xlsx,2022-10-13T08:51:00,2022-10,FBA15GBMXD8H,,,,7,94,
S01230,2022-10.xlsx,2022-10-13T09:43:00,2022-10,FBA15GBN5N2T,,,,12,132,
S01231,2022-10.xlsx,2022-10-13T09:38:00,2022-10,FBA15GBNVGY3,,STR1,,2,15,
S01232,2022-10.xlsx,2022-10-13T10:59:00,2022-10,FBA15GBPCL0Q,,DUS2,,2,20,
S01233,2022-10.xlsx,2022-10-14T08:06:00,2022-10,FBA15GBRTQ39,,DTM2,,3,19,
S01234,2022-10.xlsx,2022-10-18T14:14:00,2022-10,FBA15GC2ZVPQ,,,,8,165,
S01235,2022-10.xlsx,2022-10-19T08:02:00,2022-10,FBA15GC5RNBR,,LEJ1,,1,13,
S01236,2022-10.xlsx,2022-10-19T08:06:00,2022-10,FBA15GC5Y8RV,,LEJ1,,1,13,
S01237,2022-10.xlsx,2022-10-19T08:30:00,2022-10,FBA15GC5Z60B,,STR1,,2,36,
S01238,2022-10.xlsx,2022-10-19T09:35:00,2022-10,FBA15GC69PQR,,STR1,,1,21,
S01239,2022-10.xlsx,2022-10-19T09:58:00,2022-10,FBA15GC6L3S0,,DTM2,,2,27,
S01240,2022-10.xlsx,2022-10-19T10:54:00,2022-10,FBA15GC6V39K,,STR1,,3,36,
S01241,2022-10.xlsx,2022-10-19T11:41:00,2022-10,FBA15GC6ZDSM,,DTM2,,6,63,
S01242,2022-10.xlsx,2022-10-19T12:06:00,2022-10,FBA15GC75BQK,,STR1,,2,6,
S01243,2022-10.xlsx,2022-10-21T06:38:00,2022-10,FBA15GCD3S8G,,DTM2,,1,4,
S01244,2022-10.xlsx,2022-10-21T07:59:00,2022-10,FBA15GCDGMWY,,DTM2,,4,40,
S01245,2022-10.xlsx,2022-10-21T08:30:00,2022-10,FBA15GCDNRR3,,DTM2,,2,6,
S01246,2022-10.xlsx,2022-10-21T08:44:00,2022-10,FBA15GCDSM2G,,DTM2,,2,7,
S01247,2022-10.xlsx,2022-10-21T10:22:00,2022-10,FBA15GCFB11J,,STR1,,1,12,
S01248,2022-10.xlsx,2022-10-21T10:48:00,2022-10,FBA15GCF9MDX,,STR1,,1,12,
S01249,2022-10.xlsx,2022-10-24T08:34:00,2022-10,FBA15GCKSX02,,STR1,,1,44,
S01250,2022-10.xlsx,2022-10-24T10:01:00,2022-10,FBA15GCL8TQL,,HAJ1,,5,118,
S01251,2022-10.xlsx,2022-10-25T05:53:00,2022-10,FBA15GCP2BXZ,,DUS2,,2,33,
S01252,2022-10.xlsx,2022-10-25T06:40:00,2022-10,FBA15GCQ6CYF,,STR1,,2,8,
S01253,2022-10.xlsx,2022-10-25T06:45:00,2022-10,FBA15GCPPN72,,STR1,,2,8,
S01254,2022-10.xlsx,2022-10-26T07:50:00,2022-10,FBA15GCSZNZ7,,STR1,,3,33,
S01255,2022-10.xlsx,2022-10-26T11:08:00,2022-10,FBA15GCV5343,,STR1,,11,146,
S01256,2022-10.xlsx,2022-10-26T12:00:00,2022-10,FBA15GCV8H0Q,,DTM2,,2,6,
S01257,2022-10.xlsx,2022-10-27T09:37:00,2022-10,FBA15GCY2MBC,,DTM1,,1,16,
S01258,2022-10.xlsx,2022-10-27T09:59:00,2022-10,FBA15GCY2S51,,DTM2,,1,2,
S01259,2022-10.xlsx,2022-10-28T08:00:00,2022-10,FBA15GD0M5Q4,,DUS2,,1,23,
S01260,2022-10.xlsx,2022-10-28T09:36:00,2022-10,FBA15GD14M15,,DTM2,,4,78,
S01261,2022-10.xlsx,2022-10-28T10:12:00,2022-10,FBA15GD1FC5Z,,DTM2,,5,75,
S01262,2022-10.xlsx,2022-10-28T10:51:00,2022-10,FBA15GD1HFYQ,,DUS2,,3,43,
S01263,2022-10.xlsx,2022-10-28T10:59:00,2022-10,FBA15GD1KTVP,,STR1,,1,6,
S01264,2022-10.xlsx,2022-10-31T08:54:00,2022-10,FBA15GD5QYPF,,DTM2,,2,7,
S01265,2022-10.xlsx,2022-10-31T09:30:00,2022-10,FBA15GD5X1QS,,DUS2,,3,28,
S01266,2022-10.xlsx,2022-10-31T13:04:00,2022-10,FBA15GD6NC8H,,XFR2,,3,35,
S01267,2022-11.xlsx,2022-11-02T09:15:00,2022-11,FBA15GDCPZ3H,,STR1,,2,15,
S01268,2022-11.xlsx,2022-11-03T09:59:00,2022-11,FBA15GDHKN3T,,XSC1,,2,26,
S01269,2022-11.xlsx,2022-11-04T08:34:00,2022-11,FBA15GDLHY1K,,DTM2,,1,2,
S01270,2022-11.xlsx,2022-11-07T09:30:00,2022-11,FBA15GDSCC3C,,XSC1,,1,13,
S01271,2022-11.xlsx,2022-11-07T10:41:00,2022-11,FBA15GDSRK8L,,DTM2,,5,40,
S01272,2022-11.xlsx,2022-11-08T10:25:00,2022-11,FBA15GDXC5KM,,DTM2,,2,12,
S01273,2022-11.xlsx,2022-11-08T10:36:00,2022-11,FBA15GDXFK6V,,DUS2,,1,23,
S01274,2022-11.xlsx,2022-11-10T07:21:00,2022-11,FBA15GF5666V,,DTM2,,7,90,
S01275,2022-11.xlsx,2022-11-10T08:04:00,2022-11,FBA15GF5H3LL,,DTM2,,1,4,
S01276,2022-11.xlsx,2022-11-10T09:56:00,2022-11,FBA15GF62WYH,,STR1,,14,300,
S01277,2022-11.xlsx,2022-11-14T09:36:00,2022-11,FBA15GFGHS06,,XFR2,,3,37,
S01278,2022-11.xlsx,2022-11-14T09:50:00,2022-11,FBA15GFGJSJM,,XFR2,,1,8,
S01279,2022-11.xlsx,2022-11-14T11:06:00,2022-11,FBA15GFGW585,,DUS2,,5,42,
S01280,2022-11.xlsx,2022-11-14T12:39:00,2022-11,FBA15GFH9B3D,,DTM2,,6,48,
S01281,2022-11.xlsx,2022-11-15T07:48:00,2022-11,FBA15GFKBTB7,,DTM2,,1,155,
S01282,2022-11.xlsx,2022-11-16T07:22:00,2022-11,FBA15GFNXHHP,,DUS2,,1,10,
S01283,2022-11.xlsx,2022-11-16T09:12:00,2022-11,FBA15GFPC7BZ,,HAJ1,,5,50,
S01284,2022-11.xlsx,2022-11-16T10:49:00,2022-11,FBA15GFPWG70,,STR1,,3,26,
S01285,2022-11.xlsx,2022-11-17T06:55:00,2022-11,FBA15GFS9RNR,,DUS2,,1,10,
S01286,2022-11.xlsx,2022-11-17T10:23:00,2022-11,FBA15GFTLC2F,,STR1,,9,199,
S01287,2022-11.xlsx,2022-11-18T09:03:00,2022-11,FBA15GFY5RHK,,DUS2,,4,45,
S01288,2022-11.xlsx,2022-11-18T09:20:00,2022-11,FBA15GFYH6BM,,DTM2,,4,95,
S01289,2022-11.xlsx,2022-11-18T09:51:00,2022-11,FBA15GFYJRLR,,DTM2,,5,78,
S01290,2022-11.xlsx,2022-11-18T10:56:00,2022-11,FBA15GFYZB5T,,DTM2,,2,11,
S01291,2022-11.xlsx,2022-11-21T09:59:00,2022-11,FBA15GG3ZS3X,,DTM2,,3,27,
S01292,2022-11.xlsx,2022-11-23T07:38:00,2022-11,FBA15GGBJQ8Q,,DTM2,,2,9,
S01293,2022-11.xlsx,2022-11-23T08:19:00,2022-11,FBA15GGBTNV7,,DUS2,,4,48,
S01294,2022-11.xlsx,2022-11-24T08:06:00,2022-11,FBA15GGGCF0B,,DTM2,,2,7,
S01295,2022-11.xlsx,2022-11-25T08:40:00,2022-11,FBA15GGKSR1R,,STR1,,2,24,
S01296,2022-11.xlsx,2022-11-30T07:24:00,2022-11,FBA15GGZ8GJZ,,DTM2,,4,97,
S01297,2022-11.xlsx,2022-11-30T07:48:00,2022-11,FBA15GGZC62M,,STR1,,1,10,
S01298,2022-11.xlsx,2022-11-30T08:11:00,2022-11,FBA15GGZGDZD,,DTM2,,4,119,
S01299,2022-11.xlsx,2022-11-30T11:46:00,2022-11,FBA15GH0MPVC,,STR1,,1,16,
S01300,2022-12.xlsx,2022-12-02T09:37:00,2022-12,FBA15GH7G9FG,,DTM2,,3,36,
S01301,2022-12.xlsx,2022-12-02T09:55:00,2022-12,FBA15GH7M33H,,STR1,,7,211,
S01302,2022-12.xlsx,2022-12-08T09:08:00,2022-12,FBA15GHRZZHM,,DTM2,,2,6,
S01303,2022-12.xlsx,2022-12-08T09:15:00,2022-12,FBA15GHS6P6Z,,DTM2,,2,7,
S01304,2022-12.xlsx,2022-12-08T10:41:00,2022-12,FBA15GHSMXF3,,DTM2,,8,65,
S01305,2022-12.xlsx,2022-12-08T12:12:00,2022-12,FBA15GHT4KPZ,,DUS2,,1,10,
S01306,2022-12.xlsx,2022-12-09T11:37:00,2022-12,FBA15GHY56MX,,LEJ3,,1,10,
S01307,2022-12.xlsx,2022-12-09T11:58:00,2022-12,FBA15GHY9982,,LEJ3,,1,10,
S01308,2022-12.xlsx,2022-12-12T13:00:00,2022-12,FBA15GJ3PXK7,,HAJ1,,5,147,
S01309,2022-12.xlsx,2022-12-13T07:30:00,2022-12,FBA15GJ5Z2J3,,HAJ1,,3,88,
S01310,2022-12.xlsx,2022-12-13T08:08:00,2022-12,FBA15GJ62NS4,,HAJ1,,2,18,
S01311,2022-12.xlsx,2022-12-13T09:18:00,2022-12,FBA15GJ6F0PJ,,LEJ3,,3,46,
S01312,2022-12.xlsx,2022-12-13T09:42:00,2022-12,FBA15GJ6P6H8,,HAJ1,,1,2,
S01313,2022-12.xlsx,2022-12-14T07:10:00,2022-12,FBA15GJ9K5T0,,LEJ3,,2,49,
S01314,2022-12.xlsx,2022-12-14T07:51:00,2022-12,FBA15GJBSY67,,XFR2,,2,11,
S01315,2022-12.xlsx,2022-12-14T08:03:00,2022-12,FBA15GJBBPYJ,,XFR2,,2,11,
S01316,2022-12.xlsx,2022-12-14T08:10:00,2022-12,FBA15GJB4KTB,,LEJ1,,2,11,
S01317,2022-12.xlsx,2022-12-14T08:21:00,2022-12,FBA15GJB47FD,,LEJ1,,2,11,
S01318,2022-12.xlsx,2022-12-14T09:17:00,2022-12,FBA15GJBPDZF,,LEJ3,,1,19,
S01319,2022-12.xlsx,2022-12-14T09:30:00,2022-12,FBA15GJBRT0X,,XSC1,,2,9,
S01320,2022-12.xlsx,2022-12-15T06:47:00,2022-12,FBA15GJFH6WH,,LEJ3,,2,28,
S01321,2022-12.xlsx,2022-12-16T08:52:00,2022-12,FBA15GJKG4HJ,,LEJ3,,1,14,
S01322,2022-12.xlsx,2022-12-16T09:40:00,2022-12,FBA15GJKQ32D,,HAJ1,,7,92,
S01323,2022-12.xlsx,2022-12-19T09:16:00,2022-12,FBA15GJQMY88,,XSC1,,3,18,
S01324,2022-12.xlsx,2022-12-20T07:45:00,2022-12,FBA15GJTGL6F,,HAJ1,,5,55,
S01325,2023-01.xlsx,2023-01-03T09:02:00,2023-01,FBA15GKRS74W,,LEJ3,,2,38,
S01326,2023-01.xlsx,2023-01-03T09:21:00,2023-01,FBA15GKS0G0W,,XSC1,,2,18,
S01327,2023-01.xlsx,2023-01-03T10:20:00,2023-01,FBA15GKS7JHR,,HAJ1,,6,70,
S01328,2023-01.xlsx,2023-01-09T08:55:00,2023-01,FBA15GL8ZLRT,,LEJ3,,2,40,
S01329,2023-01.xlsx,2023-01-09T09:09:00,2023-01,FBA15GL93RHS,,XDU2,,2,15,
S01330,2023-01.xlsx,2023-01-09T09:19:00,2023-01,FBA15GL9686T,,XDU2,,1,8,
S01331,2023-01.xlsx,2023-01-09T09:43:00,2023-01,FBA15GL9GZYQ,,XSC1,,2,10,
S01332,2023-01.xlsx,2023-01-09T10:31:00,2023-01,FBA15GL9QQNP,,LEJ3,,2,12,
S01333,2023-01.xlsx,2023-01-10T08:59:00,2023-01,FBA15GLDX2RM,,STR1,,2,6,
S01334,2023-01.xlsx,2023-01-10T09:21:00,2023-01,FBA15GLF2YSV,,HAJ1,,11,127,
S01335,2023-01.xlsx,2023-01-12T08:30:00,2023-01,FBA15GLN0N68,,STR1,,1,17,
S01336,2023-01.xlsx,2023-01-12T08:42:00,2023-01,FBA15GLN1N94,,HAJ1,,1,30,
S01337,2023-01.xlsx,2023-01-12T08:58:00,2023-01,FBA15GLN7XX1,,STR1,,2,40,
S01338,2023-01.xlsx,2023-01-13T06:43:00,2023-01,FBA15GLQXGM1,,STR1,,3,49,
S01339,2023-01.xlsx,2023-01-13T07:24:00,2023-01,FBA15GLR2DZW,,STR1,,17,247,
S01340,2023-01.xlsx,2023-01-13T09:56:00,2023-01,FBA15GLRRQB6,,STR1,,2,11,
S01341,2023-01.xlsx,2023-01-13T10:21:00,2023-01,FBA15GLRR7M2,,STR1,,2,11,
S01342,2023-01.xlsx,2023-01-13T11:50:00,2023-01,FBA15GLS61F0,,HAJ1,,6,69,
S01343,2023-01.xlsx,2023-01-16T12:12:00,2023-01,FBA15GLXBZC5,,DTM2,,3,55,
S01344,2023-01.xlsx,2023-01-17T07:16:00,2023-01,FBA15GLYN5N0,,STR1,,3,17,
S01345,2023-01.xlsx,2023-01-17T08:57:00,2023-01,FBA15GLYYY8Y,,DTM2,,5,42,
S01346,2023-01.xlsx,2023-01-18T07:48:00,2023-01,FBA15GM12PJR,,LEJ3,,11,159,
S01347,2023-01.xlsx,2023-01-19T07:10:00,2023-01,FBA15GM33CJ0,,LEJ1,,1,19,
S01348,2023-01.xlsx,2023-01-19T07:52:00,2023-01,FBA15GM3412F,,LEJ3,,1,10,
S01349,2023-01.xlsx,2023-01-19T08:22:00,2023-01,FBA15GM350QR,,HAJ1,,3,74,
S01350,2023-01.xlsx,2023-01-20T07:37:00,2023-01,FBA15GM575K9,,LEJ3,,2,12,
S01351,2023-01.xlsx,2023-01-20T09:26:00,2023-01,FBA15GM5JMBF,,XDU2,,11,155,
S01352,2023-01.xlsx,2023-01-20T09:47:00,2023-01,FBA15GM5KPVS,,LEJ3,,1,6,
S01353,2023-01.xlsx,2023-01-23T07:58:00,2023-01,FBA15GM8GV3Q,,LEJ1,,1,8,
S01354,2023-01.xlsx,2023-01-23T08:41:00,2023-01,FBA15GM8JNSH,,HAJ1,,7,112,
S01355,2023-01.xlsx,2023-01-23T09:39:00,2023-01,FBA15GM8PLCT,,LEJ3,,3,47,
S01356,2023-01.xlsx,2023-01-24T08:12:00,2023-01,FBA15GMBDB29,,LEJ1,,1,8,
S01357,2023-01.xlsx,2023-01-25T07:33:00,2023-01,FBA15GMFRNLM,,DTM2,,1,13,
S01358,2023-01.xlsx,2023-01-25T09:56:00,2023-01,FBA15GMF9K1R,,DTM2,,4,95,
S01359,2023-01.xlsx,2023-01-26T07:33:00,2023-01,FBA15GMH7YN2,,LEJ3,,1,14,
S01360,2023-01.xlsx,2023-01-26T08:17:00,2023-01,FBA15GMHBHW6,,DTM2,,1,2,
S01361,2023-01.xlsx,2023-01-26T09:47:00,2023-01,FBA15GMHKBK4,,LEJ1,,11,190,
S01362,2023-01.xlsx,2023-01-27T07:55:00,2023-01,FBA15GMK5Z1Z,,DTM2,,6,61,
S01363,2023-01.xlsx,2023-01-31T10:55:00,2023-01,FBA15GMSZZWQ,,LEJ3,,13,231,
S01364,2023-02.xlsx,2023-02-02T08:05:00,2023-02,FBA15GMZ8KHR,,HAJ1,,2,72,
S01365,2023-02.xlsx,2023-02-02T09:57:00,2023-02,FBA15GMZP750,,HAJ1,,1,2,
S01366,2023-02.xlsx,2023-02-02T10:40:00,2023-02,FBA15GMZW66S,,STR1,,1,8,
S01367,2023-02.xlsx,2023-02-03T10:34:00,2023-02,FBA15GN35S0B,,XSC1,,12,168,
S01368,2023-02.xlsx,2023-02-03T11:34:00,2023-02,FBA15GN3FJMP,,STR1,,3,39,
S01369,2023-02.xlsx,2023-02-07T11:43:00,2023-02,FBA15GND778X,,DTM2,,8,160,
S01370,2023-02.xlsx,2023-02-09T07:35:00,2023-02,FBA15GNL6MCX,,LEJ3,,16,197,
S01371,2023-02.xlsx,2023-02-10T06:53:00,2023-02,FBA15GNPX4MB,,LEJ1,,1,13,
S01372,2023-02.xlsx,2023-02-10T07:01:00,2023-02,FBA15GNPYP83,,LEJ3,,2,31,
S01373,2023-02.xlsx,2023-02-10T10:21:00,2023-02,FBA15GNR2061,,LEJ3,,14,180,
S01374,2023-02.xlsx,2023-02-10T11:14:00,2023-02,FBA15GNR7Y4M,,LEJ1,,2,25,
S01375,2023-02.xlsx,2023-02-13T11:24:00,2023-02,FBA15GNXJ24Q,,LEJ3,,2,46,
S01376,2023-02.xlsx,2023-02-13T11:46:00,2023-02,FBA15GNXKJJT,,LEJ3,,4,27,
S01377,2023-02.xlsx,2023-02-14T08:19:00,2023-02,FBA15GP03CXY,,DTM2,,3,31,
S01378,2023-02.xlsx,2023-02-14T08:33:00,2023-02,FBA15GP083K3,,XDU2,,1,5,
S01379,2023-02.xlsx,2023-02-15T09:06:00,2023-02,FBA15GP4LHBG,,STR1,,9,166,
S01380,2023-02.xlsx,2023-02-15T09:20:00,2023-02,FBA15GP4NDW8,,LEJ1,,2,17,
S01381,2023-02.xlsx,2023-02-15T12:01:00,2023-02,FBA15GP5DQ6J,,DTM2,,7,64,
S01382,2023-02.xlsx,2023-02-16T07:25:00,2023-02,FBA15GP7JYBM,,LEJ1,,4,50,
S01383,2023-02.xlsx,2023-02-16T08:23:00,2023-02,FBA15GP7T58V,,DTM2,,1,30,
S01384,2023-02.xlsx,2023-02-16T08:38:00,2023-02,FBA15GP7YGNP,,DTM2,,3,60,
S01385,2023-02.xlsx,2023-02-16T11:18:00,2023-02,FBA15GP8NC39,,STR1,,1,6,
S01386,2023-02.xlsx,2023-02-16T11:30:00,2023-02,FBA15GP8XK6Q,,DTM2,,1,2,
S01387,2023-02.xlsx,2023-02-17T08:26:00,2023-02,FBA15GPDBC80,,HAJ1,,6,120,
S01388,2023-02.xlsx,2023-02-21T12:09:00,2023-02,FBA15GPQCCPJ,4GMSFDME,LEJ3,,4,26,
S01389,2023-02.xlsx,2023-02-23T08:15:00,2023-02,FBA15GPX5486,6V264T6H,HAJ1,,2,30,
S01390,2023-02.xlsx,2023-02-23T09:07:00,2023-02,FBA15GPXHW0P,56ISHZAH,HAJ1,,3,68,
S01391,2023-02.xlsx,2023-02-23T09:24:00,2023-02,FBA15GPXHXT5,86J8RZCG,XSC1,,1,23,
S01392,2023-02.xlsx,2023-02-24T07:08:00,2023-02,FBA15GQ03BN7,3T5XV5NA,DTM2,,1,11,
S01393,2023-02.xlsx,2023-02-24T07:32:00,2023-02,FBA15GQ08TJ1,4IQEOKAQ,HAJ1,,3,60,
S01394,2023-02.xlsx,2023-02-24T09:51:00,2023-02,FBA15GQ0YQ9Z,3KKZVK9S,STR1,,5,25,
S01395,2023-02.xlsx,2023-02-28T08:16:00,2023-02,FBA15GQ8Y39P,8GAH3KTY,HAJ1,,5,70,
S01396,2023-02.xlsx,2023-02-28T08:34:00,2023-02,FBA15GQ941PT,3JWKLLUL,STR1,,2,8,
S01397,2023-03.xlsx,2023-03-02T06:57:00,2023-03,FBA15GQHPNNS,8W65Z7HE,HAJ1,,2,155,
S01398,2023-03.xlsx,2023-03-02T07:11:00,2023-03,FBA15GQHPDXS,5UWTPUTN,XSC1,,1,15,
S01399,2023-03.xlsx,2023-03-02T07:20:00,2023-03,FBA15GQHQP5K,7QBNNH7V,HAJ1,,1,2,
S01400,2023-03.xlsx,2023-03-02T07:25:00,2023-03,FBA15GQHRRSH,17N46LDE,HAJ1,,1,2,
S01401,2023-03.xlsx,2023-03-02T08:26:00,2023-03,FBA15GQHZKN8,89QN7IUI,HAJ1,,2,48,
S01402,2023-03.xlsx,2023-03-02T08:42:00,2023-03,FBA15GQJ549J,8SJP17JO,HAJ1,,2,117,
S01403,2023-03.xlsx,2023-03-03T07:36:00,2023-03,FBA15GQM42BH,6WROEZMX,LEJ3,,2,35,
S01404,2023-03.xlsx,2023-03-03T07:59:00,2023-03,FBA15GQMBTZV,5D4ZGA8P,LEJ3,,4,33,
S01405,2023-03.xlsx,2023-03-03T08:41:00,2023-03,FBA15GQMGN6C,2IR53EXN,HAJ1,,6,67,
S01406,2023-03.xlsx,2023-03-07T07:49:00,2023-03,FBA15GQXTDHB,126K12UN,STR1,,1,19,
S01407,2023-03.xlsx,2023-03-07T07:57:00,2023-03,FBA15GQXM9LV,5HG18JBZ,LEJ1,,2,10,
S01408,2023-03.xlsx,2023-03-07T08:04:00,2023-03,FBA15GQY2XVT,6WACAK7Y,LEJ1,,2,10,
S01409,2023-03.xlsx,2023-03-07T09:36:00,2023-03,FBA15GQY9NKH,3NE1MGZM,HAJ1,,2,19,
S01410,2023-03.xlsx,2023-03-07T10:46:00,2023-03,FBA15GQYYSSG,12ZJ5WOL,HAJ1,,6,134,
S01411,2023-03.xlsx,2023-03-08T06:50:00,2023-03,FBA15GR0ZMLD,6V6O5Q9P,LEJ1,,4,270,
S01412,2023-03.xlsx,2023-03-08T08:51:00,2023-03,FBA15GR1LBJG,1F6XFA8F,HAJ1,,1,2,
S01413,2023-03.xlsx,2023-03-08T08:57:00,2023-03,FBA15GR1L82Z,2O9E3SJK,HAJ1,,1,2,
S01414,2023-03.xlsx,2023-03-09T06:55:00,2023-03,FBA15GR4YFC2,3EUPU44S,HAJ1,,2,23,
S01415,2023-03.xlsx,2023-03-09T07:06:00,2023-03,FBA15GR4V5JX,1P1KOVSI,HAJ1,,2,23,
S01416,2023-03.xlsx,2023-03-09T07:12:00,2023-03,FBA15GR51S2K,5VH2BG8N,HAJ1,,2,23,
S01417,2023-03.xlsx,2023-03-09T07:32:00,2023-03,FBA15GR4V8W4,4NTL5C3B,XDU2,,1,10,
S01418,2023-03.xlsx,2023-03-09T08:31:00,2023-03,FBA15GR5Q4GG,2LJR3GKX,HAJ1,,3,110,
S01419,2023-03.xlsx,2023-03-09T09:27:00,2023-03,FBA15GR5SQGG,3ERHCZOE,LEJ1,,2,40,
S01420,2023-03.xlsx,2023-03-09T11:09:00,2023-03,FBA15GR6DCNZ,5QJVZMPF,HAJ1,,1,11,
S01421,2023-03.xlsx,2023-03-10T08:51:00,2023-03,FBA15GR900M1,1TYLKPFO,STR1,,2,15,
S01422,2023-03.xlsx,2023-03-10T08:57:00,2023-03,FBA15GR8ZPY1,1V25VCUD,STR1,,2,15,
S01423,2023-03.xlsx,2023-03-10T09:05:00,2023-03,FBA15GR93XF6,2TLTPY5X,HAJ1,,2,155,
S01424,2023-03.xlsx,2023-03-10T10:39:00,2023-03,FBA15GR9DZN8,31KMFR9R,STR1,,7,231,
S01425,2023-03.xlsx,2023-03-13T11:50:00,2023-03,FBA15GRH0Y7L,7IPOYKWD,LEJ1,,3,32,
S01426,2023-03.xlsx,2023-03-14T08:46:00,2023-03,FBA15GRKRNNY,2ZO8IVYR,HAJ1,,1,11,
S01427,2023-03.xlsx,2023-03-14T09:25:00,2023-03,FBA15GRL20QK,29LHWTZH,HAJ1,,5,67,
S01428,2023-03.xlsx,2023-03-14T09:32:00,2023-03,FBA15GRKYDRL,3I46BKEP,STR1,,1,7,
S01429,2023-03.xlsx,2023-03-14T11:05:00,2023-03,FBA15GRLK3YD,35L3N24S,HAJ1,,3,75,
S01430,2023-03.xlsx,2023-03-14T12:43:00,2023-03,FBA15GRLVGR8,68IG6I6M,XSC1,,3,30,
S01431,2023-03.xlsx,2023-03-15T08:41:00,2023-03,FBA15GRPDQQ2,2WJYI6ZZ,HAJ1,,2,110,
S01432,2023-03.xlsx,2023-03-15T09:14:00,2023-03,FBA15GRPMBR6,3U4IQCJV,XSC1,,1,6,
S01433,2023-03.xlsx,2023-03-15T09:31:00,2023-03,FBA15GRPS5KQ,3NBLGUKF,HAJ1,,1,30,
S01434,2023-03.xlsx,2023-03-15T10:36:00,2023-03,FBA15GRPYQ5Q,7IXHY6JN,HAJ1,,3,49,
S01435,2023-03.xlsx,2023-03-16T09:08:00,2023-03,FBA15GRTXM43,2T1XKXCT,STR1,,6,109,
S01436,2023-03.xlsx,2023-03-16T12:40:00,2023-03,FBA15GRVQ1GJ,1Z3AELSE,HAJ1,,11,144,
S01437,2023-03.xlsx,2023-03-17T10:29:00,2023-03,FBA15GRYJDG8,5WQYJMNZ,HAJ1,,1,58,
S01438,2023-03.xlsx,2023-03-17T10:46:00,2023-03,FBA15GRYR548,3CM81KSI,HAJ1,,2,124,
S01439,2023-03.xlsx,2023-03-17T11:19:00,2023-03,FBA15GRYS0HP,33YMXE3A,STR1,,4,61,
S01440,2023-03.xlsx,2023-03-20T09:05:00,2023-03,FBA15GS34YDN,14BA473K,STR1,,1,13,
S01441,2023-03.xlsx,2023-03-20T13:37:00,2023-03,FBA15GS4C03B,4NHTXNNQ,LEJ1,,2,22,
S01442,2023-03.xlsx,2023-03-21T09:00:00,2023-03,FBA15GS6N3DW,6CAI3A4Q,LEJ1,,1,4,
S01443,2023-03.xlsx,2023-03-21T09:27:00,2023-03,FBA15GS6ST0F,5ORHLZ2V,HAJ1,,1,26,
S01444,2023-03.xlsx,2023-03-21T09:48:00,2023-03,FBA15GS6WW8Z,383J21MA,XDU2,,2,39,
S01445,2023-03.xlsx,2023-03-21T11:06:00,2023-03,FBA15GS78N2C,7M91WZRV,XSC1,,1,13,
S01446,2023-03.xlsx,2023-03-21T11:18:00,2023-03,FBA15GS787ZJ,3YPR1ZCV,XSC1,,1,10,
S01447,2023-03.xlsx,2023-03-22T09:57:00,2023-03,FBA15GSBC78Q,47PTKX4C,HAJ1,,5,57,
S01448,2023-03.xlsx,2023-03-23T09:47:00,2023-03,FBA15GSFXPV0,3MQBYBOO,HAJ1,,5,164,
S01449,2023-03.xlsx,2023-03-24T07:48:00,2023-03,FBA15GSJMRCM,5N6UUMDL,XSC1,,1,16,
S01450,2023-03.xlsx,2023-03-27T11:29:00,2023-03,FBA15GSQXXHT,3UNCA1OG,STR1,,2,28,
S01451,2023-03.xlsx,2023-03-27T11:43:00,2023-03,FBA15GSR4SFG,14LZ5U1H,HAJ1,,1,10,
S01452,2023-03.xlsx,2023-03-28T09:39:00,2023-03,FBA15GSV1W22,62S1HV5C,STR1,,2,35,
S01453,2023-03.xlsx,2023-03-28T09:55:00,2023-03,FBA15GSV45X5,833PZSGR,STR1,,2,38,
S01454,2023-03.xlsx,2023-03-29T07:29:00,2023-03,FBA15GSXQKFL,3N2ZQTGO,HAJ1,,9,166,
S01455,2023-03.xlsx,2023-03-29T08:03:00,2023-03,FBA15GSXZZBB,5ISXZ61Q,HAJ1,,1,20,
S01456,2023-03.xlsx,2023-03-29T10:02:00,2023-03,FBA15GSYS57F,6QF48G8V,LEJ1,,10,145,
S01457,2023-03.xlsx,2023-03-30T11:16:00,2023-03,FBA15GT2H7NR,8CVBPJ2V,LEJ3,,1,50,
S01458,2023-03.xlsx,2023-03-31T05:35:00,2023-03,FBA15GT42N8R,8IBKEEFM,HAJ1,,1,160,
S01459,2023-03.xlsx,2023-03-31T06:24:00,2023-03,FBA15GT4CVTC,36112RYI,LEJ3,,1,6,
S01460,2023-03.xlsx,2023-03-31T06:29:00,2023-03,FBA15GT4CHP6,3TQW7MFY,LEJ3,,1,6,
S01461,2023-03.xlsx,2023-03-31T06:35:00,2023-03,FBA15GT4DCC9,8S5XMVLQ,XSC1,,1,6,
S01462,2023-03.xlsx,2023-03-31T06:41:00,2023-03,FBA15GT4GB1L,5MABBFTE,XSC1,,1,6,
S01463,2023-03.xlsx,2023-03-31T07:15:00,2023-03,FBA15GT4GXB1,1FP9I11B,HAJ1,,2,30,
S01464,2023-04.xlsx,2023-04-03T08:38:00,2023-04,FBA15GTB3N4Z,321RUFRV,DTM2,,1,30,
S01465,2023-04.xlsx,2023-04-03T09:27:00,2023-04,FBA15GTBFMN5,48Z8O1YG,DTM2,,2,90,
S01466,2023-04.xlsx,2023-04-03T09:36:00,2023-04,FBA15GTBJY9R,48TKN5GM,XSC1,,1,23,
S01467,2023-04.xlsx,2023-04-03T10:21:00,2023-04,FBA15GTBN0GF,5DQFGIEQ,LEJ1,,2,55,
S01468,2023-04.xlsx,2023-04-04T06:48:00,2023-04,FBA15GTGLPVL,122DUBWD,DTM2,,1,58,
S01469,2023-04.xlsx,2023-04-04T07:09:00,2023-04,FBA15GTG6V83,4PZV4BXL,LEJ3,,3,53,
S01470,2023-04.xlsx,2023-04-04T10:35:00,2023-04,FBA15GTJ4GG9,6HNZJ2JS,LEJ3,,2,18,
S01471,2023-04.xlsx,2023-04-04T11:04:00,2023-04,FBA15GTJ7GF7,7BU1XY8J,DTM2,,2,16,
S01472,2023-04.xlsx,2023-04-04T11:18:00,2023-04,FBA15GTJ9L6L,4W7LRDWG,HAJ1,,1,4,
S01473,2023-04.xlsx,2023-04-05T12:16:00,2023-04,FBA15GTMH28R,4K7CFMPV,HAJ1,,2,155,
S01474,2023-04.xlsx,2023-04-06T06:06:00,2023-04,FBA15GTQ3ZCC,3WV1ICQW,STR1,,1,16,
S01475,2023-04.xlsx,2023-04-06T06:34:00,2023-04,FBA15GTQ09S2,3F4JXOGG,HAJ1,,5,108,
S01476,2023-04.xlsx,2023-04-06T06:41:00,2023-04,FBA15GTPQBFP,7ZULJS8T,XSC1,,1,26,
S01477,2023-04.xlsx,2023-04-06T06:57:00,2023-04,FBA15GTQ4Z38,7BN6GUOJ,HAJ1,,3,105,
S01478,2023-04.xlsx,2023-04-06T07:38:00,2023-04,FBA15GTQG515,47A1PSWY,LEJ1,,10,119,
S01479,2023-04.xlsx,2023-04-12T07:23:00,2023-04,FBA15GV4M0D1,8W3X88UF,DTM2,,1,64,
S01480,2023-04.xlsx,2023-04-12T07:45:00,2023-04,FBA15GV4SMVF,2EV8Q7HE,DTM2,,3,29,
S01481,2023-04.xlsx,2023-04-12T08:14:00,2023-04,FBA15GV4ZRRJ,81J5RAEA,DTM2,,3,118,
S01482,2023-04.xlsx,2023-04-12T08:30:00,2023-04,FBA15GV4Z9C2,2VYBPFWN,DTM2,,2,16,
S01483,2023-04.xlsx,2023-04-12T08:44:00,2023-04,FBA15GV51ZW3,6NR5F87L,STR1,,1,27,
S01484,2023-04.xlsx,2023-04-12T09:48:00,2023-04,FBA15GV5GCGQ,5HVBOI6O,LEJ3,,4,20,
S01485,2023-04.xlsx,2023-04-13T06:27:00,2023-04,FBA15GV7S68P,3DF3XAMM,LEJ3,,1,13,
S01486,2023-04.xlsx,2023-04-13T12:23:00,2023-04,FBA15GV9PWWQ,2IBTF9VC,LEJ3,,1,16,
S01487,2023-04.xlsx,2023-04-14T07:48:00,2023-04,FBA15GVCH578,8THB51PO,XSC1,,7,185,
S01488,2023-04.xlsx,2023-04-14T10:56:00,2023-04,FBA15GVDKHK5,7MCJL4BB,HAJ1,,1,10,
S01489,2023-04.xlsx,2023-04-18T06:17:00,2023-04,FBA15GVNKXXR,7U6HNLJF,STR1,,1,12,
S01490,2023-04.xlsx,2023-04-18T07:01:00,2023-04,FBA15GVNGC1B,6Z8GI1NI,HAJ1,,9,145,
S01491,2023-04.xlsx,2023-04-18T07:39:00,2023-04,FBA15GVN6SJN,5CSPTRLW,HAJ1,,8,77,
S01492,2023-04.xlsx,2023-04-18T08:08:00,2023-04,FBA15GVNYLMN,4GAAPUME,HAJ1,,1,3,
S01493,2023-04.xlsx,2023-04-18T08:55:00,2023-04,FBA15GVP5XJ6,79KG37EI,HAJ1,,4,27,
S01494,2023-04.xlsx,2023-04-18T09:25:00,2023-04,FBA15GVPFTGR,5TP6QHHM,HAJ1,,1,160,
S01495,2023-04.xlsx,2023-04-19T07:15:00,2023-04,FBA15GVRZ5LZ,2IMUCYDJ,HAJ1,,1,30,
S01496,2023-04.xlsx,2023-04-19T07:30:00,2023-04,FBA15GVS06P5,8P7Z9F4H,LEJ3,,1,16,
S01497,2023-04.xlsx,2023-04-19T09:49:00,2023-04,FBA15GVSRLVT,13CCGZQK,DUS2,,3,47,
S01498,2023-04.xlsx,2023-04-19T10:14:00,2023-04,FBA15GVT1H50,18V75PUP,HAJ1,,2,6,
S01499,2023-04.xlsx,2023-04-20T06:58:00,2023-04,FBA15GVW1HJK,22N9PU1Q,HAJ1,,4,95,
S01500,2023-04.xlsx,2023-04-20T07:13:00,2023-04,FBA15GVW4BNT,8RRQ6U6M,LEJ1,,1,6,
S01501,2023-04.xlsx,2023-04-20T07:27:00,2023-04,FBA15GVW6W3F,7PY6VJQS,HAJ1,,2,36,
S01502,2023-04.xlsx,2023-04-20T07:42:00,2023-04,FBA15GVW94GQ,4VEU61ZG,HAJ1,,2,24,
S01503,2023-04.xlsx,2023-04-20T07:49:00,2023-04,FBA15GVW8TLX,6ZNFH6EW,LEJ1,,1,4,
S01504,2023-04.xlsx,2023-04-21T08:48:00,2023-04,FBA15GW0K756,3HIR3IYM,HAJ1,,5,171,
S01505,2023-04.xlsx,2023-04-21T11:01:00,2023-04,FBA15GW1D5CJ,68W577IQ,STR1,,10,170,
S01506,2023-04.xlsx,2023-04-24T11:17:00,2023-04,FBA15GW6X53R,4NWOSU9K,STR1,,9,176,
S01507,2023-04.xlsx,2023-04-24T12:45:00,2023-04,FBA15GW76KBH,6FS3ZJ3S,LEJ1,,1,3,
S01508,2023-04.xlsx,2023-04-25T08:18:00,2023-04,FBA15GW9C0C4,7FNTOP9E,XDU2,,1,10,
S01509,2023-04.xlsx,2023-04-25T08:26:00,2023-04,FBA15GW9CGZP,86Y71H7Z,XDU2,,1,10,
S01510,2023-04.xlsx,2023-04-25T08:33:00,2023-04,FBA15GW9F8RQ,1MOFBLYU,LEJ1,,1,12,
S01511,2023-04.xlsx,2023-04-25T09:32:00,2023-04,FBA15GW9RK88,4NIJEEVY,HAJ1,,1,113,
S01512,2023-04.xlsx,2023-04-25T11:06:00,2023-04,FBA15GWB9HYD,5OPSJ3KV,DUS2,,2,22,
S01513,2023-04.xlsx,2023-04-26T12:02:00,2023-04,FBA15GWGW5P8,4FT6AKNX,HAJ1,,1,58,
S01514,2023-04.xlsx,2023-04-26T12:20:00,2023-04,FBA15GWGWX88,13V68W9Q,HAJ1,,1,160,
S01515,2023-04.xlsx,2023-04-27T07:17:00,2023-04,FBA15GWJZ6QP,35125PFB,HAJ1,,5,58,
S01516,2023-04.xlsx,2023-04-27T07:27:00,2023-04,FBA15GWJZLX3,5LYEZ5EG,LEJ3,,2,33,
S01517,2023-04.xlsx,2023-04-27T07:42:00,2023-04,FBA15GWK3L1J,8DVIP4OU,LEJ3,,2,32,
S01518,2023-04.xlsx,2023-04-27T07:53:00,2023-04,FBA15GWK215N,2493VDEA,LEJ3,,2,39,
S01519,2023-04.xlsx,2023-04-27T08:08:00,2023-04,FBA15GWK6NKT,327VB82H,HAJ1,,2,37,
S01520,2023-04.xlsx,2023-04-28T06:59:00,2023-04,FBA15GWN7S4Z,4261GDJP,DTM2,,1,20,
S01521,2023-04.xlsx,2023-04-28T07:05:00,2023-04,FBA15GWN8S7V,4135SIRJ,DTM2,,1,15,
S01522,2023-04.xlsx,2023-04-28T07:14:00,2023-04,FBA15GWN81YW,3V6GBOVQ,DTM2,,2,38,
S01523,2023-04.xlsx,2023-04-28T07:45:00,2023-04,FBA15GWNFTK0,2C8JF9NA,STR1,,10,193,
S01524,2023-04.xlsx,2023-04-28T10:39:00,2023-04,FBA15GWP8WTS,6MAWWDHM,STR1,,2,18,
S01525,2023-04.xlsx,2023-04-28T11:18:00,2023-04,FBA15GWPHNF6,3TY5KBFD,LEJ1,,1,10,
S01526,2023-04.xlsx,2023-04-28T11:25:00,2023-04,FBA15GWPGPYN,8PL2O6SD,XDU2,,1,6,
S01527,2023-04.xlsx,2023-04-28T11:31:00,2023-04,FBA15GWPDRKD,16HPH1VY,LEJ1,,1,6,
S01528,2023-04.xlsx,2023-04-28T11:43:00,2023-04,FBA15GWPL4VV,8D96XKLL,DTM2,,2,155,
S01529,2023-05.xlsx,2023-05-05T07:13:00,2023-05,FBA15GX50PXB,5HF8UO1O,DUS2,,1,23,
S01530,2023-05.xlsx,2023-05-05T07:24:00,2023-05,FBA15GX55DJJ,79TJWJ9G,STR1,,1,6,
S01531,2023-05.xlsx,2023-05-05T08:02:00,2023-05,FBA15GX5BKM3,315757DN,STR1,,1,10,
S01532,2023-05.xlsx,2023-05-05T09:52:00,2023-05,FBA15GX5X0H6,1OKX5AVG,LEJ3,,2,50,
S01533,2023-05.xlsx,2023-05-05T11:15:00,2023-05,FBA15GX67NJ5,1S3X2E6O,DTM2,,3,82,
S01534,2023-05.xlsx,2023-05-05T12:37:00,2023-05,FBA15GX6MJX5,4DKEFWXO,STR1,,6,152,
S01535,2023-05.xlsx,2023-05-09T06:20:00,2023-05,FBA15GXHMQDV,5ZI9SVKP,HAJ1,,2,47,
S01536,2023-05.xlsx,2023-05-09T06:27:00,2023-05,FBA15GXH5LD4,7QHQGOBF,HAJ1,,1,30,
S01537,2023-05.xlsx,2023-05-09T08:01:00,2023-05,FBA15GXJDQZS,1D8CO94Y,DTM2,,1,11,
S01538,2023-05.xlsx,2023-05-09T11:34:00,2023-05,FBA15GXJW2QW,54I2JSQG,DTM2,,7,147,
S01539,2023-05.xlsx,2023-05-11T08:04:00,2023-05,FBA15GXQMC1C,8JUM386F,DTM2,,4,351,
S01540,2023-05.xlsx,2023-05-11T09:00:00,2023-05,FBA15GXR1SS2,1Q66R3WP,STR1,,8,236,
S01541,2023-05.xlsx,2023-05-11T09:50:00,2023-05,FBA15GXRH2R1,45WA6S5O,STR1,,8,106,
S01542,2023-05.xlsx,2023-05-12T07:19:00,2023-05,FBA15GXV01HD,63LG358N,HAJ1,,1,155,
S01543,2023-05.xlsx,2023-05-12T07:31:00,2023-05,FBA15GXV0W47,3VBGSBDE,XSC1,,1,6,
S01544,2023-05.xlsx,2023-05-12T07:40:00,2023-05,FBA15GXV57BV,4MMJAYJK,XSC1,,1,6,
S01545,2023-05.xlsx,2023-05-12T07:46:00,2023-05,FBA15GXV4LMW,5H41T8JJ,HAJ1,,1,20,
S01546,2023-05.xlsx,2023-05-12T08:03:00,2023-05,FBA15GXV6110,3UYX6P4W,LEJ3,,2,45,
S01547,2023-05.xlsx,2023-05-12T08:29:00,2023-05,FBA15GXVCSK6,7Y74CB6L,HAJ1,,3,175,
S01548,2023-05.xlsx,2023-05-12T08:35:00,2023-05,FBA15GXVD2T9,7FDME11R,STR1,,1,10,
S01549,2023-05.xlsx,2023-05-12T08:40:00,2023-05,FBA15GXVDY52,4HYTF6JV,STR1,,1,10,
S01550,2023-05.xlsx,2023-05-16T06:47:00,2023-05,FBA15GY3LC9Q,5JRJGEFL,HAJ1,,4,30,
S01551,2023-05.xlsx,2023-05-16T07:18:00,2023-05,FBA15GY3P1HF,8TCESEJT,HAJ1,,2,89,
S01552,2023-05.xlsx,2023-05-16T07:56:00,2023-05,FBA15GY40P08,4G8C344X,DUS2,,2,22,
S01553,2023-05.xlsx,2023-05-16T08:09:00,2023-05,FBA15GY40XR8,35KXA8CN,DUS2,,1,6,
S01554,2023-05.xlsx,2023-05-17T11:33:00,2023-05,FBA15GY8VH40,1VY82NKA,HAJ1,,2,74,
S01555,2023-05.xlsx,2023-05-18T08:50:00,2023-05,FBA15GYC9DV5,2WX62O2F,LEJ3,,1,23,
S01556,2023-05.xlsx,2023-05-18T12:16:00,2023-05,FBA15GYD2C62,2YZK3V2G,DTM2,,8,104,
S01557,2023-05.xlsx,2023-05-19T06:15:00,2023-05,FBA15GYFBH1S,1L94B3YH,DTM2,,1,30,
S01558,2023-05.xlsx,2023-05-19T06:25:00,2023-05,FBA15GYFCH9T,3C6Y2GEF,STR1,,1,10,
S01559,2023-05.xlsx,2023-05-19T06:34:00,2023-05,FBA15GYFHDKJ,8AKPB27P,LEJ3,,1,10,
S01560,2023-05.xlsx,2023-05-19T06:44:00,2023-05,FBA15GYFGG3M,8UGMRKNB,LEJ3,,1,10,
S01561,2023-05.xlsx,2023-05-23T09:28:00,2023-05,FBA15GYQPLQN,7FNLEZYQ,STR1,,1,10,
S01562,2023-05.xlsx,2023-05-23T09:45:00,2023-05,FBA15GYQQYPY,5MTBZKEC,STR1,,1,12,
S01563,2023-05.xlsx,2023-05-23T10:05:00,2023-05,FBA15GYQVR93,7EEIT94F,STR1,,1,14,
S01564,2023-05.xlsx,2023-05-23T11:04:00,2023-05,FBA15GYQZZXR,7H62WORS,LEJ3,,9,202,
S01565,2023-05.xlsx,2023-05-23T11:44:00,2023-05,FBA15GYR5ZW8,7MUGTWAU,STR1,,1,6,
S01566,2023-05.xlsx,2023-05-24T06:51:00,2023-05,FBA15GYSN45Z,777TXZNX,STR1,,3,66,
S01567,2023-05.xlsx,2023-05-24T07:19:00,2023-05,FBA15GYTHL5B,2O61ZPRJ,LEJ3,,2,54,
S01568,2023-05.xlsx,2023-05-24T07:26:00,2023-05,FBA15GYTJ4MM,6YLNBY4N,LEJ3,,2,43,
S01569,2023-05.xlsx,2023-05-24T07:45:00,2023-05,FBA15GYTK8QC,1D6ZF8NO,LEJ3,,2,32,
S01570,2023-05.xlsx,2023-05-24T08:23:00,2023-05,FBA15GYTQQ22,2Z8EZXNC,HAJ1,,4,140,
S01571,2023-05.xlsx,2023-05-25T06:57:00,2023-05,FBA15GYY7SPD,2CXU8NWA,XSC1,,1,19,
S01572,2023-05.xlsx,2023-05-25T08:13:00,2023-05,FBA15GYYSM74,3LDK6KNR,XDU2,,1,9,
S01573,2023-05.xlsx,2023-05-26T06:44:00,2023-05,FBA15GZ20D4S,4F6HMBRO,HAJ1,,8,91,
S01574,2023-05.xlsx,2023-05-26T07:14:00,2023-05,FBA15GZ26D8G,4BLNEDJF,STR1,,9,240,
S01575,2023-05.xlsx,2023-05-26T07:53:00,2023-05,FBA15GZ2C8X3,8V3CDFOK,HAJ1,,1,14,
S01576,2023-05.xlsx,2023-05-26T08:46:00,2023-05,FBA15GZ2PWSL,542CGXAB,DTM2,,5,27,
S01577,2023-05.xlsx,2023-05-26T09:33:00,2023-05,FBA15GZ31N08,3QE6U31D,STR1,,1,14,
S01578,2023-05.xlsx,2023-05-29T08:57:00,2023-05,FBA15GZ7JSHB,8SO55IGL,XSC1,,11,241,
S01579,2023-05.xlsx,2023-05-29T10:40:00,2023-05,FBA15GZ7XVPB,8JDT6BKE,HAJ1,,1,155,
S01580,2023-05.xlsx,2023-05-29T10:52:00,2023-05,FBA15GZ81GZM,2XHI27YU,HAJ1,,1,11,
S01581,2023-05.xlsx,2023-05-29T11:38:00,2023-05,FBA15GZ867NP,24XRWOKG,HAJ1,,2,7,
S01582,2023-05.xlsx,2023-05-31T06:39:00,2023-05,FBA15GZFZPZ8,1PFQIPDQ,LEJ1,,7,140,
S01583,2023-05.xlsx,2023-05-31T06:56:00,2023-05,FBA15GZG2CV9,5XZLKNFO,DUS2,,1,10,
S01584,2023-05.xlsx,2023-05-31T12:21:00,2023-05,FBA15GZHPJ2L,5SB8YDHG,STR1,,2,30,
S01585,2023-06-a.xlsx,2023-06-01T07:03:00,2023-06,FBA15GZKLJ6T,6G1QWSLH,LEJ1,,13,168,
S01586,2023-06-a.xlsx,2023-06-01T08:18:00,2023-06,FBA15GZL0Q4L,66VGA3JM,HAJ1,,1,65,
S01587,2023-06-a.xlsx,2023-06-01T08:27:00,2023-06,FBA15GZL6DMK,5Q1HU5BM,HAJ1,,2,42,
S01588,2023-06-a.xlsx,2023-06-01T08:46:00,2023-06,FBA15GZL8ZPH,2Q9X2YTX,DUS2,,1,7,
S01589,2023-06-a.xlsx,2023-06-01T08:58:00,2023-06,FBA15GZL4KF0,8LMZYX7H,LEJ1,,1,6,
S01590,2023-06-a.xlsx,2023-06-01T09:26:00,2023-06,FBA15GZLDCZC,7C5SFWKB,LEJ1,,1,6,
S01591,2023-06-a.xlsx,2023-06-02T06:38:00,2023-06,FBA15GZNSFRD,5SJOHZ7N,HAJ1,,4,125,
S01592,2023-06-a.xlsx,2023-06-02T06:54:00,2023-06,FBA15GZNY8MV,7SV2K3YX,HAJ1,,2,7,
S01593,2023-06-a.xlsx,2023-06-02T07:04:00,2023-06,FBA15GZNZ3DK,3XUMUVDS,HAJ1,,3,36,
S01594,2023-06-a.xlsx,2023-06-02T07:17:00,2023-06,FBA15GZP0CBN,4KTIQS7Y,XDU2,,1,13,
S01595,2023-06-a.xlsx,2023-06-02T08:18:00,2023-06,FBA15GZPD4WX,7FV4LA9P,STR1,,2,9,
S01596,2023-06-a.xlsx,2023-06-02T08:23:00,2023-06,FBA15GZP70HM,3GUEK2HD,STR1,,2,9,
S01597,2023-06-a.xlsx,2023-06-02T09:25:00,2023-06,FBA15GZPNPLQ,1HETXNHS,XSC1,,13,145,
S01598,2023-06-a.xlsx,2023-06-02T11:14:00,2023-06,FBA15GZQ57D6,8NKZ2Z4M,XSC1,,1,23,
S01599,2023-06-a.xlsx,2023-06-02T11:34:00,2023-06,FBA15GZQB6NS,8DEN3A8M,DTM2,,1,2,
S01600,2023-06-a.xlsx,2023-06-05T09:20:00,2023-06,FBA15GZW3WX7,759EKJDM,HAJ1,,3,110,
S01601,2023-06-a.xlsx,2023-06-05T09:55:00,2023-06,FBA15GZWDQFL,1XC6W9FZ,HAJ1,,5,100,
S01602,2023-06-a.xlsx,2023-06-05T10:30:00,2023-06,FBA15GZWG2SH,5AAZLFYT,HAJ1,,4,60,
S01603,2023-06-a.xlsx,2023-06-05T10:41:00,2023-06,FBA15GZWGBXR,888LPMKD,HAJ1,,2,27,
S01604,2023-06-a.xlsx,2023-06-05T10:51:00,2023-06,FBA15GZW9V9C,7PUDOGYG,HAJ1,,2,21,
S01605,2023-06-a.xlsx,2023-06-05T11:41:00,2023-06,FBA15GZWPZTM,3IBRJBYH,XSC1,,2,31,
S01606,2023-06-a.xlsx,2023-06-06T12:25:00,2023-06,FBA15H003ZLB,5JZCIAXN,HAJ1,,2,6,
S01607,2023-06-a.xlsx,2023-06-06T13:05:00,2023-06,FBA15H00N7L6,22PHIKVF,HAJ1,,6,133,
S01608,2023-06-a.xlsx,2023-06-13T06:52:00,2023-06,FBA15H0KDSXZ,3KLI1QSA,STR1,,1,10,
S01609,2023-06-a.xlsx,2023-06-13T07:48:00,2023-06,FBA15H0KJKDY,29YITHWN,HAJ1,,5,64,
S01610,2023-06-a.xlsx,2023-06-13T08:08:00,2023-06,FBA15H0KSGZV,4OR6TJIL,XDU2,,4,53,
S01611,2023-06-a.xlsx,2023-06-13T08:37:00,2023-06,FBA15H0KTWB2,4OW3DM8A,LEJ3,,1,14,
S01612,2023-06-a.xlsx,2023-06-13T09:39:00,2023-06,FBA15H0L3G8L,7H9YS36Y,HAJ1,,7,165,
S01613,2023-06-a.xlsx,2023-06-14T08:10:00,2023-06,FBA15H0P5N5N,2T8C4AIK,XSC1,,11,167,
S01614,2023-06-a.xlsx,2023-06-14T09:39:00,2023-06,FBA15H0PLTKN,5BSRYWDW,HAJ1,,1,30,
S01615,2023-06-a.xlsx,2023-06-14T09:49:00,2023-06,FBA15H0PZ668,39OGZZAG,STR1,,1,10,
S01616,2023-06-a.xlsx,2023-06-14T10:31:00,2023-06,FBA15H0PN1V3,52TOA4EG,LEJ3,,1,6,
S01617,2023-06-a.xlsx,2023-06-14T11:03:00,2023-06,FBA15H0PNH4C,2U2ISXKC,STR1,,1,6,
S01618,2023-06-a.xlsx,2023-06-15T07:59:00,2023-06,FBA15H0SSVX9,32D46HCD,XSC1,,1,27,
S01619,2023-06-a.xlsx,2023-06-15T08:14:00,2023-06,FBA15H0STS2V,2CK94C7N,LEJ3,,3,56,
S01620,2023-06-a.xlsx,2023-06-15T08:59:00,2023-06,FBA15H0T5K6X,8QBRZ58H,DTM2,,1,20,
S01621,2023-06-a.xlsx,2023-06-15T09:45:00,2023-06,FBA15H0TD1B3,2MDNB7CS,DTM2,,6,122,
S01622,2023-06-b.xlsx,2023-06-01T07:03:00,2023-06,FBA15GZKLJ6T,6G1QWSLH,LEJ1,,13,168,
S01623,2023-06-b.xlsx,2023-06-01T08:18:00,2023-06,FBA15GZL0Q4L,66VGA3JM,HAJ1,,1,65,
S01624,2023-06-b.xlsx,2023-06-01T08:27:00,2023-06,FBA15GZL6DMK,5Q1HU5BM,HAJ1,,2,42,
S01625,2023-06-b.xlsx,2023-06-01T08:46:00,2023-06,FBA15GZL8ZPH,2Q9X2YTX,DUS2,,1,7,
S01626,2023-06-b.xlsx,2023-06-01T08:58:00,2023-06,FBA15GZL4KF0,8LMZYX7H,LEJ1,,1,6,
S01627,2023-06-b.xlsx,2023-06-01T09:26:00,2023-06,FBA15GZLDCZC,7C5SFWKB,LEJ1,,1,6,
S01628,2023-06-b.xlsx,2023-06-02T06:38:00,2023-06,FBA15GZNSFRD,5SJOHZ7N,HAJ1,,4,125,
S01629,2023-06-b.xlsx,2023-06-02T06:54:00,2023-06,FBA15GZNY8MV,7SV2K3YX,HAJ1,,2,7,
S01630,2023-06-b.xlsx,2023-06-02T07:04:00,2023-06,FBA15GZNZ3DK,3XUMUVDS,HAJ1,,3,36,
S01631,2023-06-b.xlsx,2023-06-02T07:17:00,2023-06,FBA15GZP0CBN,4KTIQS7Y,XDU2,,1,13,
S01632,2023-06-b.xlsx,2023-06-02T08:18:00,2023-06,FBA15GZPD4WX,7FV4LA9P,STR1,,2,9,
S01633,2023-06-b.xlsx,2023-06-02T08:23:00,2023-06,FBA15GZP70HM,3GUEK2HD,STR1,,2,9,
S01634,2023-06-b.xlsx,2023-06-02T09:25:00,2023-06,FBA15GZPNPLQ,1HETXNHS,XSC1,,13,145,
S01635,2023-06-b.xlsx,2023-06-02T11:14:00,2023-06,FBA15GZQ57D6,8NKZ2Z4M,XSC1,,1,23,
S01636,2023-06-b.xlsx,2023-06-02T11:34:00,2023-06,FBA15GZQB6NS,8DEN3A8M,DTM2,,1,2,
S01637,2023-06-b.xlsx,2023-06-05T09:20:00,2023-06,FBA15GZW3WX7,759EKJDM,HAJ1,,3,110,
S01638,2023-06-b.xlsx,2023-06-05T09:55:00,2023-06,FBA15GZWDQFL,1XC6W9FZ,HAJ1,,5,100,
S01639,2023-06-b.xlsx,2023-06-05T10:30:00,2023-06,FBA15GZWG2SH,5AAZLFYT,HAJ1,,4,60,
S01640,2023-06-b.xlsx,2023-06-05T10:41:00,2023-06,FBA15GZWGBXR,888LPMKD,HAJ1,,2,27,
S01641,2023-06-b.xlsx,2023-06-05T10:51:00,2023-06,FBA15GZW9V9C,7PUDOGYG,HAJ1,,2,21,
S01642,2023-06-b.xlsx,2023-06-05T11:41:00,2023-06,FBA15GZWPZTM,3IBRJBYH,XSC1,,2,31,
S01643,2023-06-b.xlsx,2023-06-06T12:25:00,2023-06,FBA15H003ZLB,5JZCIAXN,HAJ1,,2,6,
S01644,2023-06-b.xlsx,2023-06-06T13:05:00,2023-06,FBA15H00N7L6,22PHIKVF,HAJ1,,6,133,
S01645,2023-06-b.xlsx,2023-06-13T06:52:00,2023-06,FBA15H0KDSXZ,3KLI1QSA,STR1,,1,10,
S01646,2023-06-b.xlsx,2023-06-13T07:48:00,2023-06,FBA15H0KJKDY,29YITHWN,HAJ1,,5,64,
S01647,2023-06-b.xlsx,2023-06-13T08:08:00,2023-06,FBA15H0KSGZV,4OR6TJIL,XDU2,,4,53,
S01648,2023-06-b.xlsx,2023-06-13T08:37:00,2023-06,FBA15H0KTWB2,4OW3DM8A,LEJ3,,1,14,
S01649,2023-06-b.xlsx,2023-06-13T09:39:00,2023-06,FBA15H0L3G8L,7H9YS36Y,HAJ1,,7,165,
S01650,2023-06-b.xlsx,2023-06-14T08:10:00,2023-06,FBA15H0P5N5N,2T8C4AIK,XSC1,,11,167,
S01651,2023-06-b.xlsx,2023-06-14T09:39:00,2023-06,FBA15H0PLTKN,5BSRYWDW,HAJ1,,1,30,
S01652,2023-06-b.xlsx,2023-06-14T09:49:00,2023-06,FBA15H0PZ668,39OGZZAG,STR1,,1,10,
S01653,2023-06-b.xlsx,2023-06-14T10:31:00,2023-06,FBA15H0PN1V3,52TOA4EG,LEJ3,,1,6,
S01654,2023-06-b.xlsx,2023-06-14T11:03:00,2023-06,FBA15H0PNH4C,2U2ISXKC,STR1,,1,6,
S01655,2023-06-b.xlsx,2023-06-15T07:59:00,2023-06,FBA15H0SSVX9,32D46HCD,XSC1,,1,27,
S01656,2023-06-b.xlsx,2023-06-15T08:14:00,2023-06,FBA15H0STS2V,2CK94C7N,LEJ3,,3,56,
S01657,2023-06-b.xlsx,2023-06-15T08:59:00,2023-06,FBA15H0T5K6X,8QBRZ58H,DTM2,,1,20,
S01658,2023-06-b.xlsx,2023-06-15T09:45:00,2023-06,FBA15H0TD1B3,2MDNB7CS,DTM2,,6,122,
S01659,2023-06-b.xlsx,2023-06-16T05:54:00,2023-06,FBA15H0WJM3J,6V2O7CBD,DTM2,,2,15,
S01660,2023-06-b.xlsx,2023-06-16T06:51:00,2023-06,FBA15H0WR1V4,272MIDIG,DTM2,,4,136,
S01661,2023-06-b.xlsx,2023-06-16T07:02:00,2023-06,FBA15H0WRJMV,1L62YOWP,XSC1,,1,26,
S01662,2023-06-b.xlsx,2023-06-16T07:10:00,2023-06,FBA15H0WKR31,5CW7ZXIU,DUS2,,1,14,
S01663,2023-06-b.xlsx,2023-06-16T07:28:00,2023-06,FBA15H0WZ83F,14XZZYHZ,XSC1,,2,24,
S01664,2023-06-b.xlsx,2023-06-16T08:17:00,2023-06,FBA15H0XBW6N,4HRTICNF,XSC1,,13,182,
S01665,2023-06-b.xlsx,2023-06-19T11:32:00,2023-06,FBA15H13XC7P,6WMNBU5G,HAJ1,,2,7,
S01666,2023-06-b.xlsx,2023-06-19T11:39:00,2023-06,FBA15H13XHTM,5RIBPPBY,HAJ1,,2,6,
S01667,2023-06-b.xlsx,2023-06-19T12:13:00,2023-06,FBA15H13RQNQ,6VOO833P,HAJ1,,2,40,
S01668,2023-06-b.xlsx,2023-06-20T08:26:00,2023-06,FBA15H15QQS7,5A2NR5NQ,DUS2,,1,16,
S01669,2023-06-b.xlsx,2023-06-20T08:35:00,2023-06,FBA15H16SL4X,5KOS84TF,LEJ3,,1,10,
S01670,2023-06-b.xlsx,2023-06-20T08:45:00,2023-06,FBA15H16LKT4,4ZH2EHJJ,LEJ3,,1,7,
S01671,2023-06-b.xlsx,2023-06-20T10:40:00,2023-06,FBA15H17DMSL,5RK8SSZY,DUS2,,1,12,
S01672,2023-06-b.xlsx,2023-06-20T11:02:00,2023-06,FBA15H17KFM4,2PI4YADF,DUS2,,2,18,
S01673,2023-06-b.xlsx,2023-06-21T06:29:00,2023-06,FBA15H193ZQ6,5I8VGW5A,HAJ1,,6,117,
S01674,2023-06-b.xlsx,2023-06-21T06:38:00,2023-06,FBA15H19WSBN,3Y2T8IKK,STR1,,1,10,
S01675,2023-06-b.xlsx,2023-06-21T06:50:00,2023-06,FBA15H19LZ4M,3OCOTOFN,DUS2,,1,6,
S01676,2023-06-b.xlsx,2023-06-21T07:00:00,2023-06,FBA15H19Q1TF,17KSFGQT,DUS2,,1,6,
S01677,2023-06-b.xlsx,2023-06-22T05:38:00,2023-06,FBA15H1DKJDF,867VY9PE,STR1,,1,16,
S01678,2023-06-b.xlsx,2023-06-22T05:44:00,2023-06,FBA15H1DGYHN,73JGXXYQ,STR1,,1,9,
S01679,2023-06-b.xlsx,2023-06-22T08:45:00,2023-06,FBA15H1F0SYS,351XWSKZ,STR1,,12,195,
S01680,2023-06-b.xlsx,2023-06-23T06:17:00,2023-06,FBA15H1GNPXK,2N81N33H,HAJ1,,1,3,
S01681,2023-06-b.xlsx,2023-06-23T07:28:00,2023-06,FBA15H1H0MQ4,4Y3UD16G,HAJ1,,1,10,
S01682,2023-06-b.xlsx,2023-06-23T07:35:00,2023-06,FBA15H1H0WHF,3373OO7Y,HAJ1,,1,13,
S01683,2023-06-b.xlsx,2023-06-23T07:40:00,2023-06,FBA15H1GRKJN,3T92SWDD,HAJ1,,1,30,
S01684,2023-06-b.xlsx,2023-06-23T07:54:00,2023-06,FBA15H1H1HCL,1XLU4RNP,STR1,,1,14,
S01685,2023-06-b.xlsx,2023-06-23T08:23:00,2023-06,FBA15H1H78D8,48S4HMEC,STR1,,5,38,
S01686,2023-06-b.xlsx,2023-06-23T10:41:00,2023-06,FBA15H1HRP10,213JID4J,HAJ1,,9,150,
S01687,2023-06-b.xlsx,2023-06-27T07:14:00,2023-06,FBA15H1RJF99,7LTA8FCM,HAJ1,,1,113,
S01688,2023-06-b.xlsx,2023-06-27T07:55:00,2023-06,FBA15H1RK7G9,19YDCBBH,DTM2,,3,95,
S01689,2023-06-b.xlsx,2023-06-27T08:28:00,2023-06,FBA15H1RKZR7,35RVQR8X,DTM2,,7,64,
S01690,2023-06-b.xlsx,2023-06-28T07:46:00,2023-06,FBA15H1WZ57P,2HEOZ7IU,STR1,,10,141,
S01691,2023-06-b.xlsx,2023-06-28T10:38:00,2023-06,FBA15H1XNJ8X,2SPZTCWP,HAJ1,,1,58,
S01692,2023-06-b.xlsx,2023-06-28T11:09:00,2023-06,FBA15H1Y08QP,7P3K76JI,STR1,,1,16,
S01693,2023-06-b.xlsx,2023-06-28T11:15:00,2023-06,FBA15H1XP6FD,3DFMF6KP,STR1,,1,9,
S01694,2023-06-b.xlsx,2023-06-29T09:33:00,2023-06,FBA15H20KBS8,1SNQZFWS,HAJ1,,4,84,
S01695,2023-06-b.xlsx,2023-06-29T11:24:00,2023-06,FBA15H20MPT4,7WZU2ZIQ,STR1,,3,12,
S01696,2023-06-b.xlsx,2023-06-30T05:47:00,2023-06,FBA15H22NS9S,4HNXMCSW,HAJ1,,3,97,
S01697,2023-07.xlsx,2023-07-03T09:54:00,2023-07,FBA15H28T8HF,3NRFSBCD,DTM2,,4,63,
S01698,2023-07.xlsx,2023-07-04T07:07:00,2023-07,FBA15H2CGJSS,3XUFNWAD,HAJ1,,1,13,
S01699,2023-07.xlsx,2023-07-04T07:27:00,2023-07,FBA15H2CH1V6,4LABKVMS,HAJ1,,3,98,
S01700,2023-07.xlsx,2023-07-04T07:36:00,2023-07,FBA15H2CKT5C,2IB8IYQU,STR1,,1,12,
S01701,2023-07.xlsx,2023-07-04T08:08:00,2023-07,FBA15H2CP00W,5EOB4FRW,STR1,,3,14,
S01702,2023-07.xlsx,2023-07-04T11:09:00,2023-07,FBA15H2F31Q0,32VU5V6B,HAJ1,,3,140,
S01703,2023-07.xlsx,2023-07-05T06:46:00,2023-07,FBA15H2GZ56G,296M1ZJM,LEJ1,,1,10,
S01704,2023-07.xlsx,2023-07-05T11:35:00,2023-07,FBA15H2JMMN5,5IIWFE2L,DUS2,,2,26,
S01705,2023-07.xlsx,2023-07-05T12:32:00,2023-07,FBA15H2JPJSQ,3Z27T2DB,LEJ3,,2,38,
S01706,2023-07.xlsx,2023-07-06T07:02:00,2023-07,FBA15H2LRB80,39FOY9QF,DUS2,,9,169,
S01707,2023-07.xlsx,2023-07-06T08:52:00,2023-07,FBA15H2M62Y3,8MRZSR9Z,LEJ3,,4,29,
S01708,2023-07.xlsx,2023-07-06T10:27:00,2023-07,FBA15H2N040T,23QNUKQZ,HAJ1,,3,102,
S01709,2023-07.xlsx,2023-07-07T09:35:00,2023-07,FBA15H2R31WH,2RDRQOSB,DTM2,,1,11,
S01710,2023-07.xlsx,2023-07-07T09:41:00,2023-07,FBA15H2R1MRR,296XUDOK,LEJ3,,3,44,
S01711,2023-07.xlsx,2023-07-07T10:13:00,2023-07,FBA15H2RHKGB,24ZO59NS,LEJ1,,1,55,
S01712,2023-07.xlsx,2023-07-07T10:27:00,2023-07,FBA15H2RF4MB,7FBTL1BM,DTM2,,1,30,
S01713,2023-07.xlsx,2023-07-19T06:56:00,2023-07,FBA15H3QR391,6YP77NKL,DTM2,,2,30,
S01714,2023-07.xlsx,2023-07-19T07:27:00,2023-07,FBA15H3R1CD1,2EJ8WRUQ,DTM2,,2,6,
S01715,2023-07.xlsx,2023-07-19T07:41:00,2023-07,FBA15H3QZXMY,8PK3YD5Z,DTM2,,1,15,
S01716,2023-07.xlsx,2023-07-19T07:44:00,2023-07,FBA15H3QTTYK,5KVVC3JI,DTM2,,1,15,
S01717,2023-07.xlsx,2023-07-19T08:50:00,2023-07,FBA15H3RK9KD,3WY3WHEC,DUS2,,8,166,
S01718,2023-07.xlsx,2023-07-19T11:53:00,2023-07,FBA15H3SCYYT,4B8KECKZ,DTM2,,1,58,
S01719,2023-07.xlsx,2023-07-20T07:30:00,2023-07,FBA15H3VWGTV,5YL25ENB,LEJ3,,7,45,
S01720,2023-07.xlsx,2023-07-20T07:37:00,2023-07,FBA15H3W3KFL,8IETAD6E,DUS2,,1,10,
S01721,2023-07.xlsx,2023-07-21T07:15:00,2023-07,FBA15H3Z7JSC,4BCR3B9Z,HAJ1,,1,3,
S01722,2023-07.xlsx,2023-07-21T08:17:00,2023-07,FBA15H3ZKLY4,6P3N4AZA,HAJ1,,7,130,
S01723,2023-07.xlsx,2023-07-21T09:46:00,2023-07,FBA15H3ZWMWH,13LEEVSV,DUS2,,2,12,
S01724,2023-07.xlsx,2023-07-21T10:59:00,2023-07,FBA15H40J0BP,1OTOA84A,HAJ1,,2,4,
S01725,2023-07.xlsx,2023-07-21T11:13:00,2023-07,FBA15H405NCC,5SMGTB1F,HAJ1,,2,6,
S01726,2023-07.xlsx,2023-07-21T11:29:00,2023-07,FBA15H401WST,5QBDTWBQ,HAJ1,,1,13,
S01727,2023-07.xlsx,2023-07-21T12:00:00,2023-07,FBA15H4023Y3,8APXRLXU,HAJ1,,1,115,
S01728,2023-07.xlsx,2023-07-21T12:20:00,2023-07,FBA15H40HXBS,5HT5FERL,HAJ1,,4,95,
S01729,2023-07.xlsx,2023-07-26T12:21:00,2023-07,FBA15H4F35QG,8UUWM9NK,HAJ1,,3,56,
S01730,2023-07.xlsx,2023-07-27T08:05:00,2023-07,FBA15H4H80WW,2QPJMOPZ,HAJ1,,1,11,
S01731,2023-07.xlsx,2023-07-27T08:12:00,2023-07,FBA15H4HBNTW,6P8IEZYW,HAJ1,,1,11,
S01732,2023-07.xlsx,2023-07-27T08:32:00,2023-07,FBA15H4H8P7V,4XV652TS,HAJ1,,4,34,
S01733,2023-07.xlsx,2023-07-27T10:59:00,2023-07,FBA15H4J3DRF,16UZHMYN,HAJ1,,5,98,
S01734,2023-07.xlsx,2023-07-27T11:21:00,2023-07,FBA15H4J7MB5,7DEP551Z,DUS2,,1,10,
S01735,2023-07.xlsx,2023-07-27T11:31:00,2023-07,FBA15H4J7NM5,4OZYWPJS,DUS2,,1,10,
S01736,2023-07.xlsx,2023-07-27T11:38:00,2023-07,FBA15H4JDPM9,87AV2YKK,DUS2,,1,10,
S01737,2023-07.xlsx,2023-07-27T11:45:00,2023-07,FBA15H4JDT0G,35EVE4AX,STR1,,1,10,
S01738,2023-07.xlsx,2023-07-27T12:07:00,2023-07,FBA15H4JGLVF,1PNIEB3I,DUS2,,3,40,
S01739,2023-07.xlsx,2023-07-28T06:15:00,2023-07,FBA15H4KXHF4,2DOMRMKD,STR1,,1,24,
S01740,2023-07.xlsx,2023-07-28T06:41:00,2023-07,FBA15H4L56KP,6F427H7C,LEJ1,,2,17,
S01741,2023-07.xlsx,2023-07-28T06:56:00,2023-07,FBA15H4L2HB2,25SII3HQ,LEJ1,,2,17,
S01742,2023-07.xlsx,2023-07-28T07:09:00,2023-07,FBA15H4L6H99,2ZZW37RL,DTM2,,1,115,
S01743,2023-07.xlsx,2023-07-28T07:34:00,2023-07,FBA15H4LBGJ9,23GRTA3T,DUS2,,1,6,
S01744,2023-07.xlsx,2023-07-28T07:46:00,2023-07,FBA15H4LJ5KP,17B1MH2I,LEJ3,,1,12,
S01745,2023-07.xlsx,2023-07-28T08:09:00,2023-07,FBA15H4LG2HX,87PKULBO,HAJ1,,2,6,
S01746,2023-07.xlsx,2023-07-28T08:17:00,2023-07,FBA15H4LGH00,5A6UFCIP,DTM2,,2,6,
S01747,2023-07.xlsx,2023-07-28T08:57:00,2023-07,FBA15H4M704W,2OJ73VNK,DUS2,,2,13,
S01748,2023-07.xlsx,2023-07-28T12:14:00,2023-07,FBA15H4MDRNF,4KETGVBS,DUS2,,2,16,
S01749,2023-08.xlsx,2023-08-03T10:16:00,2023-08,FBA15H54YMZS,8H1C1YHK,LEJ3,,1,24,
S01750,2023-08.xlsx,2023-08-04T11:00:00,2023-08,FBA15H58TVDH,7678P3ME,STR1,,1,7,
S01751,2023-08.xlsx,2023-08-04T11:32:00,2023-08,FBA15H58MY64,64LR22ML,STR1,,4,34,
S01752,2023-08.xlsx,2023-08-04T11:42:00,2023-08,FBA15H58GBMH,5K75SFFN,LEJ3,,1,26,
S01753,2023-08.xlsx,2023-08-08T08:52:00,2023-08,FBA15H5K2VRL,3BH4BIHO,HAJ1,,1,11,
S01754,2023-08.xlsx,2023-08-08T09:22:00,2023-08,FBA15H5KLF99,6V4BTOUO,LEJ3,,1,26,
S01755,2023-08.xlsx,2023-08-08T09:51:00,2023-08,FBA15H5KXSJC,7BUOCM4K,HAJ1,,3,108,
S01756,2023-08.xlsx,2023-08-08T10:50:00,2023-08,FBA15H5L1JDM,76QQUXDS,STR1,,3,32,
S01757,2023-08.xlsx,2023-08-10T07:45:00,2023-08,FBA15H5STD5Z,5L7OGIHR,HAJ1,,11,191,
S01758,2023-08.xlsx,2023-08-10T11:17:00,2023-08,FBA15H5TGXJF,88EJYHKN,STR1,,2,33,
S01759,2023-08.xlsx,2023-08-11T09:43:00,2023-08,FBA15H5XTX7X,3QXNY8QR,STR1,,1,12,
S01760,2023-08.xlsx,2023-08-11T09:50:00,2023-08,FBA15H5XC33C,77TS8O8H,LEJ3,,1,15,
S01761,2023-08.xlsx,2023-08-11T09:59:00,2023-08,FBA15H5XQZWM,3T981LVV,DTM2,,1,26,
S01762,2023-08.xlsx,2023-08-11T11:02:00,2023-08,FBA15H5Y31YG,7T969IIU,HAJ1,,1,15,
S01763,2023-08.xlsx,2023-08-14T10:46:00,2023-08,FBA15H63RLM2,4PNLX8VB,DUS2,,1,6,
S01764,2023-08.xlsx,2023-08-14T10:54:00,2023-08,FBA15H63NMXH,5YOKY26Q,DUS2,,1,6,
S01765,2023-08.xlsx,2023-08-16T07:50:00,2023-08,FBA15H69FYVL,2GJ1R79N,HAJ1,,2,30,
S01766,2023-08.xlsx,2023-08-16T10:06:00,2023-08,FBA15H6BD3VG,4QJR7BSY,HAJ1,,2,30,
S01767,2023-08.xlsx,2023-08-16T10:43:00,2023-08,FBA15H6BQ0WJ,52A65JRA,HAJ1,,1,30,
S01768,2023-08.xlsx,2023-08-17T06:58:00,2023-08,FBA15H6DQPK3,7JR6T1QQ,LEJ3,,1,10,
S01769,2023-08.xlsx,2023-08-17T07:06:00,2023-08,FBA15H6DQX2P,1DOIIJRH,STR1,,1,10,
S01770,2023-08.xlsx,2023-08-17T07:13:00,2023-08,FBA15H6DSLKS,7A7ABHNZ,STR1,,1,10,
S01771,2023-08.xlsx,2023-08-17T07:18:00,2023-08,FBA15H6F263C,1T99PVHM,LEJ3,,1,10,
S01772,2023-08.xlsx,2023-08-17T07:31:00,2023-08,FBA15H6F09MG,8C3N4NNE,STR1,,2,40,
S01773,2023-08.xlsx,2023-08-17T07:39:00,2023-08,FBA15H6DTHLT,4MKSPH6M,LEJ1,,1,12,
S01774,2023-08.xlsx,2023-08-18T07:25:00,2023-08,FBA15H6JPFH0,7MYYYOBL,DTM2,,5,42,
S01775,2023-08.xlsx,2023-08-18T10:10:00,2023-08,FBA15H6KSTRV,5UFWMGNG,HAJ1,,5,47,
S01776,2023-08.xlsx,2023-08-18T10:30:00,2023-08,FBA15H6KTK15,3386V1LH,STR1,,4,70,
S01777,2023-08.xlsx,2023-08-22T09:29:00,2023-08,FBA15H6VXS0W,2MVGO9JM,LEJ3,,1,12,
S01778,2023-08.xlsx,2023-08-22T09:46:00,2023-08,FBA15H6VMG0J,2PCG7PYQ,STR1,,2,55,
S01779,2023-08.xlsx,2023-08-22T11:30:00,2023-08,FBA15H6W4V0X,1IO4FVKU,HAJ1,,4,102,
S01780,2023-08.xlsx,2023-08-23T08:55:00,2023-08,FBA15H6ZFDPY,838BVJIO,LEJ3,,5,53,
S01781,2023-08.xlsx,2023-08-23T09:45:00,2023-08,FBA15H6ZVQ8M,3I7T2R3S,STR1,,2,23,
S01782,2023-08.xlsx,2023-08-23T12:09:00,2023-08,FBA15H70GMPZ,8AEC27WQ,DUS2,,1,17,
S01783,2023-08.xlsx,2023-08-23T12:22:00,2023-08,FBA15H70HDHD,1PR8WZ2E,HAJ1,,2,6,
S01784,2023-08.xlsx,2023-08-23T12:30:00,2023-08,FBA15H70F91C,21DPDRCQ,HAJ1,,2,6,
S01785,2023-08.xlsx,2023-08-25T11:04:00,2023-08,FBA15H77CN42,5N3I71DR,LEJ3,,1,7,
S01786,2023-08.xlsx,2023-08-25T11:40:00,2023-08,FBA15H774RVG,7ITIAA3E,LEJ3,,1,10,
S01787,2023-08.xlsx,2023-08-28T08:51:00,2023-08,FBA15H7D0CF8,6EBJWRXO,HAJ1,,2,16,
S01788,2023-08.xlsx,2023-08-28T08:59:00,2023-08,FBA15H7CYDPP,47ZAJ6RA,HAJ1,,1,11,
S01789,2023-08.xlsx,2023-08-28T09:27:00,2023-08,FBA15H7DDWMG,3IX9AMQZ,HAJ1,,1,11,
S01790,2023-08.xlsx,2023-08-28T10:53:00,2023-08,FBA15H7CQ7B4,4EAXOOFL,LEJ3,,1,10,
S01791,2023-08.xlsx,2023-08-28T11:23:00,2023-08,FBA15H7DBBLS,3EES9HRR,LEJ3,,2,22,
S01792,2023-08.xlsx,2023-08-28T12:03:00,2023-08,FBA15H7DJL3H,3KTRQ4ZM,HAJ1,,5,67,
S01793,2023-08.xlsx,2023-08-29T08:16:00,2023-08,FBA15H7H85HP,7NMAKFHC,HAJ1,,7,95,
S01794,2023-08.xlsx,2023-08-29T08:21:00,2023-08,FBA15H7GWBVW,2WP8R81O,LEJ3,,1,10,
S01795,2023-08.xlsx,2023-08-29T10:38:00,2023-08,FBA15H7HDQDF,5U1UIZNB,LEJ3,,1,6,
S01796,2023-08.xlsx,2023-08-30T06:58:00,2023-08,FBA15H7LQTXP,8P1NAQKB,LEJ3,,1,17,
S01797,2023-08.xlsx,2023-08-30T11:49:00,2023-08,FBA15H7NQWBH,5T3BI2NB,LEJ3,,2,20,
S01798,2023-08.xlsx,2023-08-31T06:52:00,2023-08,FBA15H7QC623,7D679NJZ,HAJ1,,4,104,
S01799,2023-08.xlsx,2023-08-31T07:01:00,2023-08,FBA15H7QDYLF,8NRNH8GP,HAJ1,,1,63,
S01800,2023-08.xlsx,2023-08-31T07:17:00,2023-08,FBA15H7QQWJ7,4J9COSRJ,LEJ3,,2,21,
S01801,2023-08.xlsx,2023-08-31T07:45:00,2023-08,FBA15H7QJJBZ,586FGS4J,LEJ3,,4,40,
S01802,2023-09.xlsx,2023-09-01T06:40:00,2023-09,FBA15H7V3PBS,3Z8YMUOW,LEJ3,,9,194,
S01803,2023-09.xlsx,2023-09-01T08:51:00,2023-09,FBA15H7VX0LQ,8JSU3PIU,LEJ3,,1,10,
S01804,2023-09.xlsx,2023-09-01T09:45:00,2023-09,FBA15H7W8QJ1,5NTADNRH,LEJ3,,3,52,
S01805,2023-09.xlsx,2023-09-01T10:13:00,2023-09,FBA15H7VZVK5,7UCA61SE,DTM2,,2,105,
S01806,2023-09.xlsx,2023-09-04T10:24:00,2023-09,FBA15H81N06J,41SGH2PF,HAJ1,,3,113,
S01807,2023-09.xlsx,2023-09-05T08:45:00,2023-09,FBA15H85DLCW,1ZKW5PNZ,LEJ3,,1,10,
S01808,2023-09.xlsx,2023-09-05T09:32:00,2023-09,FBA15H85RN5Z,8QD2V17F,DTM2,,4,61,
S01809,2023-09.xlsx,2023-09-05T10:58:00,2023-09,FBA15H85PJ9D,2Z3IXK1B,DTM2,,1,11,
S01810,2023-09.xlsx,2023-09-06T06:23:00,2023-09,FBA15H88JDSR,1EQYK9RY,DTM2,,2,13,
S01811,2023-09.xlsx,2023-09-06T06:44:00,2023-09,FBA15H88N97Y,4V15V4WM,LEJ3,,4,47,
S01812,2023-09.xlsx,2023-09-06T07:01:00,2023-09,FBA15H88MYFG,323YVHYF,LEJ3,,3,52,
S01813,2023-09.xlsx,2023-09-06T08:50:00,2023-09,FBA15H89H2SR,6RSQOJTW,LEJ3,,1,33,
S01814,2023-09.xlsx,2023-09-06T09:25:00,2023-09,FBA15H88RF0Y,19ZDHXNN,LEJ3,,3,9,
S01815,2023-09.xlsx,2023-09-07T06:05:00,2023-09,FBA15H8D8HXN,7H44R58R,DTM2,,1,2,
S01816,2023-09.xlsx,2023-09-07T06:36:00,2023-09,FBA15H8DJQRN,1DVHWX5X,DTM2,,2,160,
S01817,2023-09.xlsx,2023-09-07T07:36:00,2023-09,FBA15H8F6JGG,4SWGW9CC,DTM2,,3,119,
S01818,2023-09.xlsx,2023-09-07T08:58:00,2023-09,FBA15H8FPNYN,7WV39XMU,LEJ3,,3,11,
S01819,2023-09.xlsx,2023-09-08T05:49:00,2023-09,FBA15H8J08YN,6IG1S49B,DTM2,,2,7,
S01820,2023-09.xlsx,2023-09-08T07:06:00,2023-09,FBA15H8JHXX6,3AXKBWJJ,DTM2,,6,78,
S01821,2023-09.xlsx,2023-09-11T11:24:00,2023-09,FBA15H8RRB34,544H2JPS,LEJ3,,8,159,
S01822,2023-09.xlsx,2023-09-12T08:10:00,2023-09,FBA15H8TWWNG,12D9QR2R,LEJ3,,2,35,
S01823,2023-09.xlsx,2023-09-12T09:46:00,2023-09,FBA15H8W5MFM,3HQ5UL7C,DTM2,,1,30,
S01824,2023-09.xlsx,2023-09-12T10:54:00,2023-09,FBA15H8WSHSF,7FWHRVNL,DTM2,,1,10,
S01825,2023-09.xlsx,2023-09-13T07:41:00,2023-09,FBA15H8ZMNC3,4W5EX18T,DTM1,,1,8,
S01826,2023-09.xlsx,2023-09-13T07:51:00,2023-09,FBA15H8ZVMK1,59QPRUQJ,DTM1,,1,6,
S01827,2023-09.xlsx,2023-09-13T07:55:00,2023-09,FBA15H8ZSC1W,3GUQJCIT,DTM1,,1,4,
S01828,2023-09.xlsx,2023-09-13T09:47:00,2023-09,FBA15H90JZL8,89BEWJ3N,DTM1,,1,10,
S01829,2023-09.xlsx,2023-09-13T09:55:00,2023-09,FBA15H90625Y,52ERK12Q,DTM1,,1,6,
S01830,2023-09.xlsx,2023-09-14T11:26:00,2023-09,FBA15H952KFT,7S8G8Y7F,DTM2,,6,106,
S01831,2023-09.xlsx,2023-09-18T08:44:00,2023-09,FBA15H9FZ9VG,5OT8SJQX,DTM2,,2,155,
S01832,2023-09.xlsx,2023-09-18T09:30:00,2023-09,FBA15H9G6B1C,37F64PMR,HAJ1,,4,70,
S01833,2023-09.xlsx,2023-09-18T09:57:00,2023-09,FBA15H9GLKC2,5XMTKRVK,HAJ1,,4,62,
S01834,2023-09.xlsx,2023-09-19T07:54:00,2023-09,FBA15H9KWY81,23LNEQHB,DTM1,,2,46,
S01835,2023-09.xlsx,2023-09-19T11:30:00,2023-09,FBA15H9LZML7,4ZBIMX6J,DTM1,,1,12,
S01836,2023-09.xlsx,2023-09-19T11:58:00,2023-09,FBA15H9M8F11,8JW6FDKZ,HAJ1,,5,120,
S01837,2023-09.xlsx,2023-09-20T07:39:00,2023-09,FBA15H9Q9JQF,7N4G7Z5A,DTM2,,1,26,
S01838,2023-09.xlsx,2023-09-20T07:56:00,2023-09,FBA15H9Q385G,6O7CMRWJ,HAJ1,,2,9,
S01839,2023-09.xlsx,2023-09-20T08:10:00,2023-09,FBA15H9PWGMC,1R5BJQ3R,HAJ1,,1,115,
S01840,2023-09.xlsx,2023-09-20T08:21:00,2023-09,FBA15H9PJ564,88OR3IHW,HAJ1,,2,57,
S01841,2023-09.xlsx,2023-09-21T07:09:00,2023-09,FBA15H9VJRF4,3MJKRCIY,LEJ3,,1,17,
S01842,2023-09.xlsx,2023-09-21T07:26:00,2023-09,FBA15H9VT28P,29VGR71R,LEJ3,,2,22,
S01843,2023-09.xlsx,2023-09-21T07:53:00,2023-09,FBA15H9W0XXY,721D8SID,LEJ3,,2,10,
S01844,2023-09.xlsx,2023-09-21T08:05:00,2023-09,FBA15H9WCB7K,2D3W4B3Q,LEJ3,,2,22,
S01845,2023-09.xlsx,2023-09-22T08:19:00,2023-09,FBA15HB0FJVJ,1WPXIZEB,HAJ1,,5,116,
S01846,2023-09.xlsx,2023-09-22T09:23:00,2023-09,FBA15HB0SF04,2JP2IP1S,LEJ3,,10,109,
S01847,2023-09.xlsx,2023-09-22T11:23:00,2023-09,FBA15HB203P5,422SN5SA,HAJ1,,1,14,
S01848,2023-09.xlsx,2023-09-22T11:29:00,2023-09,FBA15HB1LPC0,5F499TWW,HAJ1,,1,14,
S01849,2023-09.xlsx,2023-09-26T07:04:00,2023-09,FBA15HBC7GT4,3DTJQLDG,LEJ3,,1,6,
S01850,2023-09.xlsx,2023-09-26T07:08:00,2023-09,FBA15HBC6WZ7,7RC2PFXD,LEJ3,,1,6,
S01851,2023-09.xlsx,2023-09-26T07:15:00,2023-09,FBA15HBCF9D6,76IDOXNU,LEJ3,,1,10,
S01852,2023-09.xlsx,2023-09-26T07:19:00,2023-09,FBA15HBC95PH,7OZR68ZU,LEJ3,,1,10,
S01853,2023-09.xlsx,2023-09-26T07:28:00,2023-09,FBA15HBCCWVJ,5Y72H5HG,LEJ3,,1,12,
S01854,2023-09.xlsx,2023-09-26T08:20:00,2023-09,FBA15HBD2LVR,54OLR18W,HAJ1,,6,140,
S01855,2023-09.xlsx,2023-09-27T08:25:00,2023-09,FBA15HBJBX5D,1N4DVN9Z,LEJ3,,1,23,
S01856,2023-09.xlsx,2023-09-27T08:52:00,2023-09,FBA15HBJFV6Z,6LKJ7VCI,LEJ3,,1,9,
S01857,2023-09.xlsx,2023-09-27T09:47:00,2023-09,FBA15HBK6F9V,2HMDDEHK,DTM2,,3,24,
S01858,2023-09.xlsx,2023-09-27T10:16:00,2023-09,FBA15HBK7HM3,1483KV5F,DTM2,,3,86,
S01859,2023-09.xlsx,2023-09-28T10:03:00,2023-09,FBA15HBNV1TM,2I2NJCYE,LEJ3,,2,50,
S01860,2023-09.xlsx,2023-09-28T10:31:00,2023-09,FBA15HBNJMC5,153XNAOU,LEJ3,,5,47,
S01861,2023-09.xlsx,2023-09-29T06:52:00,2023-09,FBA15HBQKV8L,5PKIIGDU,LEJ3,,9,186,
S01862,2023-09.xlsx,2023-09-29T08:24:00,2023-09,FBA15HBQYL8G,27FBNY6G,DTM1,,1,7,
S01863,2023-09.xlsx,2023-09-29T08:31:00,2023-09,FBA15HBR3ZK8,8HOLY44M,DTM1,,1,6,
S01864,2023-09.xlsx,2023-09-29T08:38:00,2023-09,FBA15HBR4VFT,6OD98E3M,DTM1,,1,6,
S01865,2023-09.xlsx,2023-09-29T09:38:00,2023-09,FBA15HBR622X,8443RCIX,LEJ3,,1,9,
S01866,2023-09.xlsx,2023-09-29T11:42:00,2023-09,FBA15HBRCW5H,8OQDA4HH,DTM2,,2,13,
S01867,2023-10.xlsx,2023-10-02T09:43:00,2023-10,FBA15HBTCRTK,33616XJF,HAJ1,,1,26,
S01868,2023-10.xlsx,2023-10-03T06:35:00,2023-10,FBA15HBXMZZ4,5LNCC5XN,HAJ1,,2,70,
S01869,2023-10.xlsx,2023-10-03T07:08:00,2023-10,FBA15HBXTW1N,7DIEPGMX,HAJ1,,3,107,
S01870,2023-10.xlsx,2023-10-03T09:47:00,2023-10,FBA15HBY7CJX,3418EJSB,LEJ3,,1,10,
S01871,2023-10.xlsx,2023-10-03T11:16:00,2023-10,FBA15HBYFKK5,65BKDZNE,DTM1,,1,33,
S01872,2023-10.xlsx,2023-10-03T11:28:00,2023-10,FBA15HBYH2H0,5LFIN75B,LEJ3,,2,36,
S01873,2023-10.xlsx,2023-10-04T07:45:00,2023-10,FBA15HC0877L,89PZAOFK,HAJ1,,6,204,
S01874,2023-10.xlsx,2023-10-04T08:57:00,2023-10,FBA15HC0WCPC,8PPV9UQW,DTM1,,8,128,
S01875,2023-10.xlsx,2023-10-04T10:36:00,2023-10,FBA15HC138ZL,1IHFPMHB,DTM1,,1,13,
S01876,2023-10.xlsx,2023-10-04T11:13:00,2023-10,FBA15HC16WJ0,1R4D4EIB,LEJ3,,1,17,
S01877,2023-10.xlsx,2023-10-04T12:11:00,2023-10,FBA15HC1FF85,6UMLLGEB,LEJ3,,2,40,
S01878,2023-10.xlsx,2023-10-05T05:59:00,2023-10,FBA15HC33L8X,5UOXIECT,HAJ1,,1,30,
S01879,2023-10.xlsx,2023-10-05T07:48:00,2023-10,FBA15HC38D25,8CC96R3Z,LEJ3,,1,10,
S01880,2023-10.xlsx,2023-10-05T08:03:00,2023-10,FBA15HC39MLC,6KO8JFLP,LEJ3,,2,20,
S01881,2023-10.xlsx,2023-10-05T08:11:00,2023-10,FBA15HC3SYV8,1E982MZW,DTM1,,1,5,
S01882,2023-10.xlsx,2023-10-05T10:52:00,2023-10,FBA15HC473CT,6QAWVK9O,LEJ3,,1,10,
S01883,2023-10.xlsx,2023-10-05T11:30:00,2023-10,FBA15HC45CHH,7AV4WTSY,DTM2,,1,3,
S01884,2023-10.xlsx,2023-10-06T06:36:00,2023-10,FBA15HC6ML5Q,2LCDJVUE,LEJ3,,1,23,
S01885,2023-10.xlsx,2023-10-06T07:51:00,2023-10,FBA15HC6VCH2,8K7R87NJ,HAJ1,,5,120,
S01886,2023-10.xlsx,2023-10-06T08:26:00,2023-10,FBA15HC6111P,2OO2QNXK,DTM1,,4,31,
S01887,2023-10.xlsx,2023-10-09T09:57:00,2023-10,FBA15HCGVHZT,765EVOLS,DTM1,,1,6,
S01888,2023-10.xlsx,2023-10-09T10:08:00,2023-10,FBA15HCH0F75,4VRUECWJ,DTM1,,1,6,
S01889,2023-10.xlsx,2023-10-09T10:19:00,2023-10,FBA15HCGMYWP,39YLDSMP,DTM1,,1,7,
S01890,2023-10.xlsx,2023-10-09T11:11:00,2023-10,FBA15HCH7CK0,5QVOYX7N,LEJ3,,1,19,
S01891,2023-10.xlsx,2023-10-10T07:30:00,2023-10,FBA15HCKXJ8P,45M2UUDH,DTM2,,5,113,
S01892,2023-10.xlsx,2023-10-10T08:30:00,2023-10,FBA15HCKWH1B,79OX37OG,DTM1,,1,14,
S01893,2023-10.xlsx,2023-10-10T09:26:00,2023-10,FBA15HCLWDSM,8WTW3WCH,LEJ3,,1,12,
S01894,2023-10.xlsx,2023-10-10T12:16:00,2023-10,FBA15HCMHTQM,4JNETSTF,LEJ3,,13,186,
S01895,2023-10.xlsx,2023-10-11T06:21:00,2023-10,FBA15HCPNGRQ,1ZKK8QWQ,LEJ3,,1,17,
S01896,2023-10.xlsx,2023-10-11T06:42:00,2023-10,FBA15HCPFF4Y,1V8U2JLY,DTM1,,1,5,
S01897,2023-10.xlsx,2023-10-11T06:56:00,2023-10,FBA15HCPQSVK,35H3OWIE,DTM2,,1,3,
S01898,2023-10.xlsx,2023-10-11T08:36:00,2023-10,FBA15HCQ9JFZ,1ZXN4XCC,DTM2,,1,30,
S01899,2023-10.xlsx,2023-10-11T09:31:00,2023-10,FBA15HCQWX2P,8LCXJMMO,LEJ3,,1,23,
S01900,2023-10.xlsx,2023-10-11T12:00:00,2023-10,FBA15HCRR8L8,3FWXQI2L,HAJ1,,3,90,
S01901,2023-10.xlsx,2023-10-12T08:04:00,2023-10,FBA15HCV9BWL,6L3PZ7JL,LEJ3,,1,12,
S01902,2023-10.xlsx,2023-10-12T08:43:00,2023-10,FBA15HCVT95T,2WDCLTOW,DTM2,,1,26,
S01903,2023-10.xlsx,2023-10-12T09:36:00,2023-10,FBA15HCWCK3D,112YQU4J,LEJ3,,2,24,
S01904,2023-10.xlsx,2023-10-12T10:06:00,2023-10,FBA15HCWD4N7,7JZXCSVZ,LEJ3,,3,40,
S01905,2023-10.xlsx,2023-10-12T10:43:00,2023-10,FBA15HCWL1CR,7Z9L35SK,DTM2,,2,140,
S01906,2023-10.xlsx,2023-10-12T11:00:00,2023-10,FBA15HCWKX80,21LADWZQ,LEJ3,,1,6,
S01907,2023-10.xlsx,2023-10-12T11:12:00,2023-10,FBA15HCWKS7H,2LXJ8QBC,DTM1,,1,6,
S01908,2023-10.xlsx,2023-10-12T11:21:00,2023-10,FBA15HCWP3YB,61JL115V,DTM1,,1,6,
S01909,2023-10.xlsx,2023-10-12T12:06:00,2023-10,FBA15HCWS8XR,1QADCQCC,LEJ3,,1,10,
S01910,2023-10.xlsx,2023-10-16T09:50:00,2023-10,FBA15HD6G1Z8,2OHS196X,DTM1,,11,184,
S01911,2023-10.xlsx,2023-10-16T12:42:00,2023-10,FBA15HD742VN,5SVME7LC,LEJ3,,1,19,
S01912,2023-10.xlsx,2023-10-17T07:58:00,2023-10,FBA15HDB2296,3F4Q61UT,HAJ1,,5,123,
S01913,2023-10.xlsx,2023-10-17T08:43:00,2023-10,FBA15HDB7RKQ,3M1SHRQT,LEJ3,,2,7,
S01914,2023-10.xlsx,2023-10-17T08:52:00,2023-10,FBA15HD9ZZ64,1991YNXW,DTM1,,2,7,
S01915,2023-10.xlsx,2023-10-17T10:03:00,2023-10,FBA15HDBTH72,513ZPY4U,LEJ3,,4,55,
S01916,2023-10.xlsx,2023-10-17T12:17:00,2023-10,FBA15HDCFQ4M,4Y8454RB,DTM2,,1,3,
S01917,2023-10.xlsx,2023-10-18T06:46:00,2023-10,FBA15HDFQNC3,2O8XACLQ,DTM2,,7,156,
S01918,2023-10.xlsx,2023-10-18T08:29:00,2023-10,FBA15HDG5SKM,7V87YOBI,DTM1,,1,6,
S01919,2023-10.xlsx,2023-10-18T08:33:00,2023-10,FBA15HDGG7MH,79MMZWXQ,DTM1,,1,6,
S01920,2023-10.xlsx,2023-10-18T08:37:00,2023-10,FBA15HDGBQK6,46WRVS6S,DTM1,,1,10,
S01921,2023-10.xlsx,2023-10-18T08:45:00,2023-10,FBA15HDGDTGG,26VB3OJR,LEJ3,,1,7,
S01922,2023-10.xlsx,2023-10-18T10:40:00,2023-10,FBA15HDH8S8S,5P8HNU7J,DTM2,,3,120,
S01923,2023-10.xlsx,2023-10-18T12:17:00,2023-10,FBA15HDHQ5VC,4JMBDYCI,DTM1,,3,7,
S01924,2023-10.xlsx,2023-10-19T07:23:00,2023-10,FBA15HDL7TP8,6QI749YP,LEJ3,,2,9,
S01925,2023-10.xlsx,2023-10-19T07:58:00,2023-10,FBA15HDLD9J4,7AM4378T,LEJ3,,2,9,
S01926,2023-10.xlsx,2023-10-19T10:10:00,2023-10,FBA15HDMFK00,4P99R8EG,DTM1,,3,21,
S01927,2023-10.xlsx,2023-10-19T10:27:00,2023-10,FBA15HDMLC7G,63K3HU3E,DTM2,,2,6,
S01928,2023-10.xlsx,2023-10-20T06:47:00,2023-10,FBA15HDQ1NZJ,2Q8AJHMK,DTM1,,2,18,
S01929,2023-10.xlsx,2023-10-20T07:20:00,2023-10,FBA15HDQ5MQP,8NT1E3FZ,DTM1,,2,7,
S01930,2023-10.xlsx,2023-10-20T07:32:00,2023-10,FBA15HDQB8KD,1T3V36OV,LEJ3,,2,33,
S01931,2023-10.xlsx,2023-10-20T08:14:00,2023-10,FBA15HDQHX22,45L7FYWL,DTM2,,4,155,
S01932,2023-10.xlsx,2023-10-20T08:59:00,2023-10,FBA15HDR10N5,3IQQSZDX,DTM1,,12,178,
S01933,2023-10.xlsx,2023-10-20T09:52:00,2023-10,FBA15HDR691Z,2FWENTXG,DTM1,,1,9,
S01934,2023-10.xlsx,2023-10-20T11:15:00,2023-10,FBA15HDRMR59,4WN1ARNC,DTM1,,5,34,
S01935,2023-10.xlsx,2023-10-23T10:36:00,2023-10,FBA15HDYXKCS,8IJ8X9CL,HAJ1,,4,75,
S01936,2023-10.xlsx,2023-10-23T10:49:00,2023-10,FBA15HDYQP1J,26V8DZMT,DTM1,,4,43,
S01937,2023-10.xlsx,2023-10-24T11:55:00,2023-10,FBA15HF2PPWK,388FOGSV,LEJ3,,1,14,
S01938,2023-10.xlsx,2023-10-25T07:02:00,2023-10,FBA15HF5MQB2,1EKZ3BDT,DTM1,,1,10,
S01939,2023-10.xlsx,2023-10-25T08:14:00,2023-10,FBA15HF6BC4K,2TU43SPB,DTM1,,1,6,
S01940,2023-10.xlsx,2023-10-25T08:41:00,2023-10,FBA15HF6GWD9,5DI5A8DA,HAJ1,,4,80,
S01941,2023-10.xlsx,2023-10-25T10:21:00,2023-10,FBA15HF6W438,2GXV2MGP,DTM1,,1,9,
S01942,2023-10.xlsx,2023-10-25T11:18:00,2023-10,FBA15HF7B9L4,4M1YKZUZ,DTM1,,3,33,
S01943,2023-10.xlsx,2023-10-27T10:50:00,2023-10,FBA15HFGXGB2,1DFKEV8I,DTM2,,2,55,
S01944,2023-10.xlsx,2023-10-27T11:09:00,2023-10,FBA15HFH2F1W,8CL228MD,DTM2,,2,40,
S01945,2023-10.xlsx,2023-10-31T08:19:00,2023-10,FBA15HFRL1MK,3KMU4M8N,LEJ3,,1,16,
S01946,2023-10.xlsx,2023-10-31T08:42:00,2023-10,FBA15HFRLJ7G,3USN7BJC,HAJ1,,2,130,
S01947,2023-10.xlsx,2023-10-31T09:09:00,2023-10,FBA15HFR7ZDV,44S9YDBR,LEJ3,,3,58,
S01948,2023-10.xlsx,2023-10-31T09:57:00,2023-10,FBA15HFR8T7H,5L3RO87T,LEJ3,,1,9,
S01949,2023-10.xlsx,2023-10-31T12:21:00,2023-10,FBA15HFTFX48,78OYJQ4F,LEJ3,,2,5,
S01950,2023-11.xlsx,2023-11-02T08:12:00,2023-11,FBA15HG107F6,71OZJ9XP,LEJ3,,2,16,
S01951,2023-11.xlsx,2023-11-02T08:54:00,2023-11,FBA15HG0FYFQ,34B9Q4SA,DTM1,,1,7,
S01952,2023-11.xlsx,2023-11-02T09:05:00,2023-11,FBA15HG0FWDH,6VR6Z26H,HAJ1,,2,6,
S01953,2023-11.xlsx,2023-11-02T09:11:00,2023-11,FBA15HG1DCSY,5621DBFW,HAJ1,,2,6,
S01954,2023-11.xlsx,2023-11-02T10:00:00,2023-11,FBA15HG0HPYD,69YV6D5Z,LEJ3,,1,14,
S01955,2023-11.xlsx,2023-11-02T11:39:00,2023-11,FBA15HG1S6BJ,1LR8HW8I,DTM2,,11,108,
S01956,2023-11.xlsx,2023-11-02T12:07:00,2023-11,FBA15HG1T4B7,6Y5SAN3Z,DTM1,,3,13,
S01957,2023-11.xlsx,2023-11-06T11:21:00,2023-11,FBA15HGCL15D,7CXL9CWQ,LEJ3,,1,12,
S01958,2023-11.xlsx,2023-11-06T11:45:00,2023-11,FBA15HGCHT8X,6NB3HGCV,LEJ3,,1,9,
S01959,2023-11.xlsx,2023-11-07T09:09:00,2023-11,FBA15HGHC0R8,86JPJ3FF,LEJ3,,3,11,
S01960,2023-11.xlsx,2023-11-07T09:15:00,2023-11,FBA15HGHKLTQ,85RM114C,LEJ3,,3,14,
S01961,2023-11.xlsx,2023-11-08T11:04:00,2023-11,FBA15HGNZG1Q,1C2AFIKM,LEJ3,,2,46,
S01962,2023-11.xlsx,2023-11-08T11:19:00,2023-11,FBA15HGNR7B7,3H64YJYU,LEJ3,,2,33,
S01963,2023-11.xlsx,2023-11-08T12:39:00,2023-11,FBA15HGP6HDR,1O27EW2I,LEJ3,,13,188,
S01964,2023-11.xlsx,2023-11-10T09:11:00,2023-11,FBA15HGX9NK3,6W3MCYXA,LEJ3,,3,47,
S01965,2023-11.xlsx,2023-11-10T10:51:00,2023-11,FBA15HGXQVLR,5YMDRM6Z,DTM1,,2,31,
S01966,2023-11.xlsx,2023-11-10T11:04:00,2023-11,FBA15HGXXFYY,75H1AHWK,DTM2,,1,10,
S01967,2023-11.xlsx,2023-11-10T12:00:00,2023-11,FBA15HGY5CW5,499DRJ7C,HAJ1,,7,109,
S01968,2023-11.xlsx,2023-11-10T12:43:00,2023-11,FBA15HGY3L34,5IZS9FIT,DTM1,,1,14,
S01969,2023-11.xlsx,2023-11-13T09:59:00,2023-11,FBA15HH3T7MD,86GM2HWY,LEJ3,,1,33,
S01970,2023-11.xlsx,2023-11-13T10:35:00,2023-11,FBA15HH419NQ,4QJ34WZC,HAJ1,,5,205,
S01971,2023-11.xlsx,2023-11-13T10:53:00,2023-11,FBA15HH3Z7N6,6COW5INI,DTM1,,2,8,
S01972,2023-11.xlsx,2023-11-15T08:06:00,2023-11,FBA15HHC5ZM1,478NV1OB,HAJ1,,3,116,
S01973,2023-11.xlsx,2023-11-15T08:27:00,2023-11,FBA15HHCMQW7,6DR33MZK,LEJ3,,3,19,
S01974,2023-11.xlsx,2023-11-15T08:57:00,2023-11,FBA15HHCKCX9,6PGJAGDU,DTM1,,3,5,
S01975,2023-11.xlsx,2023-11-15T09:10:00,2023-11,FBA15HHCPRHJ,1K63O1SR,DTM1,,1,9,
S01976,2023-11.xlsx,2023-11-16T07:42:00,2023-11,FBA15HHHQHR1,25I54FHV,HAJ1,,3,75,
S01977,2023-11.xlsx,2023-11-16T07:59:00,2023-11,FBA15HHHT1R2,8XDCKCPJ,HAJ1,,2,120,
S01978,2023-11.xlsx,2023-11-16T08:10:00,2023-11,FBA15HHHP1Y0,5ALH2DVM,HAJ1,,2,22,
S01979,2023-11.xlsx,2023-11-17T09:12:00,2023-11,FBA15HHMYHV7,7WNZS2LQ,LEJ3,,3,20,
S01980,2023-11.xlsx,2023-11-20T11:02:00,2023-11,FBA15HHW8ZSK,5AM6TO5R,HAJ1,,5,134,
S01981,2023-11.xlsx,2023-11-21T09:48:00,2023-11,FBA15HJ04HSD,3S7N137Y,DTM1,,7,150,
S01982,2023-11.xlsx,2023-11-22T10:25:00,2023-11,FBA15HJ411PX,2XG55MQX,HAJ1,,3,113,
S01983,2023-11.xlsx,2023-11-22T11:54:00,2023-11,FBA15HJ4RR2F,2L8PTHSG,HAJ1,,1,14,
S01984,2023-11.xlsx,2023-11-22T12:58:00,2023-11,FBA15HJ4Y3ZM,6UR47ZOC,HAJ1,,5,80,
S01985,2023-11.xlsx,2023-11-23T10:56:00,2023-11,FBA15HJ8JNTJ,79V1D3HP,DTM1,,1,7,
S01986,2023-11.xlsx,2023-11-24T09:45:00,2023-11,FBA15HJD0XD3,8AN9FHWS,DTM1,,1,10,
S01987,2023-11.xlsx,2023-11-24T10:51:00,2023-11,FBA15HJD80VY,4QYUKXCI,LEJ3,,5,42,
S01988,2023-11.xlsx,2023-11-24T11:21:00,2023-11,FBA15HJD9D7H,3BGNCELL,HAJ1,,3,100,
S01989,2023-11.xlsx,2023-11-27T13:49:00,2023-11,FBA15HJM8TT8,5ZOFE3VE,HAJ1,,4,50,
S01990,2023-11.xlsx,2023-11-28T10:51:00,2023-11,FBA15HJQXVFJ,7J8WVQQH,HAJ1,,5,105,
S01991,2023-11.xlsx,2023-11-28T11:40:00,2023-11,FBA15HJR3TH9,2MWBPSDA,DTM1,,2,12,
S01992,2023-11.xlsx,2023-11-29T11:59:00,2023-11,FBA15HJWCL3J,2UPWYWGG,DTM1,,1,6,
S01993,2023-12.xlsx,2023-12-01T08:40:00,2023-12,FBA15HK3PQH3,2QPTCXQG,DTM1,,2,6,
S01994,2023-12.xlsx,2023-12-01T09:00:00,2023-12,FBA15HK3MPBP,1VCA5TXZ,HAJ1,,3,60,
S01995,2023-12.xlsx,2023-12-01T09:05:00,2023-12,FBA15HK3QTX6,1KZLHFVW,LEJ3,,1,9,
S01996,2023-12.xlsx,2023-12-01T09:09:00,2023-12,FBA15HK3PMK4,49XJO1QJ,DTM1,,1,6,
S01997,2023-12.xlsx,2023-12-01T09:19:00,2023-12,FBA15HK3MQ46,8WALGL4U,DTM1,,1,17,
S01998,2023-12.xlsx,2023-12-01T10:22:00,2023-12,FBA15HK3ZVS1,1ZM28S7T,HAJ1,,3,120,
S01999,2023-12.xlsx,2023-12-01T10:47:00,2023-12,FBA15HK46W9X,3QAFEL5P,DTM1,,9,193,
S02000,2023-12.xlsx,2023-12-05T06:54:00,2023-12,FBA15HKF8Q1Z,4MRY6B2X,DTM2,,1,148,
S02001,2023-12.xlsx,2023-12-05T13:26:00,2023-12,FBA15HKHQL3J,57LZUNEE,DTM2,,4,9,
S02002,2023-12.xlsx,2023-12-07T08:55:00,2023-12,FBA15HKQM4CX,5FFV5VVJ,LEJ3,,4,65,
S02003,2023-12.xlsx,2023-12-11T11:16:00,2023-12,FBA15HL2WG4J,7BLUDNXV,HAJ1,,1,11,
S02004,2023-12.xlsx,2023-12-12T07:04:00,2023-12,FBA15HL5JYMG,2JR2HNGR,HAJ1,,5,63,
S02005,2023-12.xlsx,2023-12-12T07:18:00,2023-12,FBA15HL5H99H,88GGIM3L,LEJ3,,3,35,
S02006,2023-12.xlsx,2023-12-12T09:19:00,2023-12,FBA15HL6P8RH,3LFUKF8I,DTM1,,1,10,
S02007,2023-12.xlsx,2023-12-12T10:55:00,2023-12,FBA15HL6XXYD,5T1PGNGU,DTM1,,1,9,
S02008,2023-12.xlsx,2023-12-13T12:01:00,2023-12,FBA15HLD4VCZ,3BN8663E,HAJ1,,1,13,
S02009,2023-12.xlsx,2023-12-13T12:12:00,2023-12,FBA15HLCYP75,84PYKJJE,DTM1,,2,25,
S02010,2023-12.xlsx,2023-12-13T12:30:00,2023-12,FBA15HLD7LN6,8F284C5T,HAJ1,,4,76,
S02011,2023-12.xlsx,2023-12-13T12:59:00,2023-12,FBA15HLD7SL2,2ORMZLUU,LEJ3,,16,215,
S02012,2023-12.xlsx,2023-12-15T10:48:00,2023-12,FBA15HLNW90W,19IPP5YT,LEJ3,,12,212,
S02013,2023-12.xlsx,2023-12-18T10:38:00,2023-12,FBA15HLWBDKK,13V96TCN,LEJ3,,2,24,
S02014,2023-12.xlsx,2023-12-18T10:52:00,2023-12,FBA15HLW4F0Y,3GZX58AM,HAJ1,,2,107,
S02015,2023-12.xlsx,2023-12-19T09:29:00,2023-12,FBA15HM08TV3,3DZCQ87W,DTM2,,1,3,
S02016,2023-12.xlsx,2023-12-20T07:23:00,2023-12,FBA15HM3SRFY,47OP79XD,HAJ1,,2,7,
S02017,2023-12.xlsx,2023-12-20T07:42:00,2023-12,FBA15HM3SPQD,6DBZWVPQ,HAJ1,,1,58,
S02018,2023-12.xlsx,2023-12-20T08:33:00,2023-12,FBA15HM42QDQ,7S4NZR3Y,DTM2,,1,96,
S02019,2023-12.xlsx,2023-12-20T08:50:00,2023-12,FBA15HM40FTB,5TF916YC,HAJ1,,1,14,
S02020,2023-12.xlsx,2023-12-20T09:31:00,2023-12,FBA15HM4MFBV,2SKVDFGG,DTM2,,5,69,
S02021,2023-12.xlsx,2023-12-21T08:09:00,2023-12,FBA15HM941TF,4DIYNESW,HAJ1,,6,154,
S02022,2023-12.xlsx,2023-12-21T09:23:00,2023-12,FBA15HM9BJ3G,2EEFLD9V,LEJ3,,10,214,
S02023,2023-12.xlsx,2023-12-21T12:46:00,2023-12,FBA15HMBCMD0,3V6V2Z4L,DTM2,,4,20,
S02024,2023-12.xlsx,2023-12-22T08:22:00,2023-12,FBA15HMF5BNS,6YAI68EY,LEJ3,,2,13,
S02025,2023-12.xlsx,2023-12-22T08:29:00,2023-12,FBA15HMDS6RW,18AJWI1Q,DTM1,,1,9,
S02026,2023-12.xlsx,2023-12-22T10:43:00,2023-12,FBA15HMFPWP0,2HWW4E6W,HAJ1,,6,180,
S02027,2023-12.xlsx,2023-12-22T11:10:00,2023-12,FBA15HMFRPKX,33NFY1CI,LEJ3,,2,54,
S02028,2023-12.xlsx,2023-12-22T12:51:00,2023-12,FBA15HMG6RDW,1XM7D2AQ,LEJ3,,4,13,
S02029,2023-12.xlsx,2023-12-28T08:29:00,2023-12,FBA15HMVGX7K,78NQFOYO,DTM2,,4,22,
S02030,2024-01.xlsx,2024-01-05T09:28:00,2024-01,FBA15HNK0CJW,8IHHII3S,DTM2,,4,45,
S02031,2024-01.xlsx,2024-01-05T12:13:00,2024-01,FBA15HNKSMSW,1H8CWFHL,DTM1,,1,9,
S02032,2024-01.xlsx,2024-01-08T09:15:00,2024-01,FBA15HNR8S1T,64ENCU1N,DTM1,,1,5,
S02033,2024-01.xlsx,2024-01-08T09:30:00,2024-01,FBA15HNRBG04,8EQ5GL8U,LEJ3,,1,16,
S02034,2024-01.xlsx,2024-01-10T12:33:00,2024-01,FBA15HP2L3T2,4YKI9XJW,DTM2,,1,11,
S02035,2024-01.xlsx,2024-01-10T12:44:00,2024-01,FBA15HP2X50T,3G1LJ8EQ,HAJ1,,2,6,
S02036,2024-01.xlsx,2024-01-10T12:53:00,2024-01,FBA15HP2VB93,662C2FPT,HAJ1,,2,7,
S02037,2024-01.xlsx,2024-01-11T07:32:00,2024-01,FBA15HP5F24V,7W3CO1FQ,LEJ3,,3,39,
S02038,2024-01.xlsx,2024-01-11T07:50:00,2024-01,FBA15HP5NYCT,7D43WFNF,HAJ1,,1,10,
S02039,2024-01.xlsx,2024-01-11T08:03:00,2024-01,FBA15HP5J5SZ,4T7S82KE,DTM2,,1,3,
S02040,2024-01.xlsx,2024-01-11T08:27:00,2024-01,FBA15HP5LVZ1,2IOB89BI,HAJ1,,6,75,
S02041,2024-01.xlsx,2024-01-12T09:28:00,2024-01,FBA15HPBGBQ4,21SW5F7Q,STR1,,1,3,
S02042,2024-01.xlsx,2024-01-12T09:42:00,2024-01,FBA15HPB0Q3H,1AOQ7KRJ,LEJ3,,1,16,
S02043,2024-01.xlsx,2024-01-15T09:35:00,2024-01,FBA15HPJWBWN,8DZNWJ2K,LEJ3,,10,156,
S02044,2024-01.xlsx,2024-01-16T07:40:00,2024-01,FBA15HPN6BHM,5XUF3EGZ,DTM2,,10,56,
S02045,2024-01.xlsx,2024-01-16T08:26:00,2024-01,FBA15HPNQTX5,15ALA35C,DTM1,,1,9,
S02046,2024-01.xlsx,2024-01-16T08:35:00,2024-01,FBA15HPNNCWD,5VCSSVBO,DTM2,,1,11,
S02047,2024-01.xlsx,2024-01-16T08:45:00,2024-01,FBA15HPNNL57,2ETAZSDP,DTM1,,1,9,
S02048,2024-01.xlsx,2024-01-16T08:56:00,2024-01,FBA15HPNVW8M,738DPY6W,DTM2,,1,26,
S02049,2024-01.xlsx,2024-01-16T10:34:00,2024-01,FBA15HPPJF1M,3QH7M9DZ,LEJ3,,1,17,
S02050,2024-01.xlsx,2024-01-16T10:39:00,2024-01,FBA15HPPKWQ3,5NKPT71O,LEJ3,,2,15,
S02051,2024-01.xlsx,2024-01-18T07:51:00,2024-01,FBA15HPXSFRQ,7GQQPTAA,LEJ3,,2,8,
S02052,2024-01.xlsx,2024-01-18T08:05:00,2024-01,FBA15HPYTDPF,5WPLSGFC,DTM1,,2,7,
S02053,2024-01.xlsx,2024-01-18T08:42:00,2024-01,FBA15HPYYHDT,8TPQ9KDB,HAJ1,,7,49,
S02054,2024-01.xlsx,2024-01-18T11:12:00,2024-01,FBA15HPZR1YK,5PINW3KV,HAJ1,,1,9,
S02055,2024-01.xlsx,2024-01-22T09:46:00,2024-01,FBA15HQ9XNQZ,1ZBT5E5C,DTM1,,11,141,
S02056,2024-01.xlsx,2024-01-22T12:11:00,2024-01,FBA15HQBW02N,7UIMPRNO,DTM1,,1,9,
S02057,2024-01.xlsx,2024-01-22T12:16:00,2024-01,FBA15HQBW6JN,6F532R2I,DTM1,,1,9,
S02058,2024-01.xlsx,2024-01-22T12:27:00,2024-01,FBA15HQC26NZ,8DMU51UY,HAJ1,,2,40,
S02059,2024-01.xlsx,2024-01-22T12:52:00,2024-01,,,DTM2,,1,11,
S02060,2024-01.xlsx,2024-01-23T08:30:00,2024-01,FBA15HQFXM3J,6VYIK4XI,DTM1,,1,15,
S02061,2024-01.xlsx,2024-01-23T09:51:00,2024-01,FBA15HQGHVKK,3NW4KF1R,DTM1,,4,50,
S02062,2024-01.xlsx,2024-01-23T10:43:00,2024-01,FBA15HQGJM3W,84MISN9R,DTM1,,3,38,
S02063,2024-01.xlsx,2024-01-23T11:24:00,2024-01,FBA15HQGPXYK,1TQODLUD,DTM1,,3,9,
S02064,2024-01.xlsx,2024-01-24T09:02:00,2024-01,FBA15HQKYZLT,1MKJFDYG,DTM2,,1,3,
S02065,2024-01.xlsx,2024-01-24T09:24:00,2024-01,FBA15HQL3Z8N,8A7Y89PF,DTM1,,1,16,
S02066,2024-01.xlsx,2024-01-24T09:50:00,2024-01,FBA15HQL8157,1U9A5KPV,DTM2,,4,94,
S02067,2024-01.xlsx,2024-01-25T06:53:00,2024-01,FBA15HQPPPZV,2HOGXLLU,LEJ3,,1,12,
S02068,2024-01.xlsx,2024-01-25T07:56:00,2024-01,FBA15HQQ768J,3T48IVGB,HAJ1,,5,49,
S02069,2024-01.xlsx,2024-01-25T08:09:00,2024-01,FBA15HQQ2870,2HHQ3NXE,DTM1,,3,7,
S02070,2024-01.xlsx,2024-01-25T08:52:00,2024-01,FBA15HQQDJLP,14VXZGEP,LEJ3,,13,147,
S02071,2024-01.xlsx,2024-01-26T08:13:00,2024-01,FBA15HQVGFJ0,8FMMYY5N,LEJ3,,2,29,
S02072,2024-01.xlsx,2024-01-26T08:25:00,2024-01,FBA15HQVGL47,4MPB6W7A,HAJ1,,1,13,
S02073,2024-01.xlsx,2024-01-26T09:01:00,2024-01,FBA15HQVDCMC,3BTNPTRB,LEJ3,,3,48,
S02074,2024-01.xlsx,2024-01-26T09:18:00,2024-01,FBA15HQVL2VK,3SBQCIUP,HAJ1,,3,66,
S02075,2024-01.xlsx,2024-01-26T09:48:00,2024-01,,,LEJ3,,1,13,
S02076,2024-01.xlsx,2024-01-30T10:26:00,2024-01,FBA15HR7B8WJ,87FWFWAR,DTM1,,16,198,
S02077,2024-01.xlsx,2024-01-31T08:28:00,2024-01,FBA15HRBG4PM,3RZ7HP8M,HAJ1,,4,60,
S02078,2024-01.xlsx,2024-01-31T08:34:00,2024-01,FBA15HRBK6JM,8IPYCJHB,HAJ1,,1,11,
S02079,2024-01.xlsx,2024-01-31T08:48:00,2024-01,FBA15HRBB79D,88JIKFHE,DTM2,,3,62,
S02080,2024-02.xlsx,2024-02-01T07:12:00,2024-02,FBA15HRG8RZ3,31C5OTRU,DTM2,,1,58,
S02081,2024-02.xlsx,2024-02-01T07:58:00,2024-02,FBA15HRFYKKQ,6IG81HFY,DTM1,,2,37,
S02082,2024-02.xlsx,2024-02-01T08:19:00,2024-02,FBA15HRG7HCC,5TZTZB1L,DTM1,,2,6,
S02083,2024-02.xlsx,2024-02-01T08:24:00,2024-02,FBA15HRGFG9X,8BVKKQ3G,DTM1,,2,6,
S02084,2024-02.xlsx,2024-02-01T08:28:00,2024-02,FBA15HRG6RP4,5MLL12DJ,DTM1,,1,12,
S02085,2024-02.xlsx,2024-02-01T10:53:00,2024-02,FBA15HRH59B9,51EBIANX,DTM1,,2,23,
S02086,2024-02.xlsx,2024-02-01T13:05:00,2024-02,FBA15HRHH2PT,5Q18NN4G,DTM1,,14,158,
S02087,2024-02.xlsx,2024-02-02T10:52:00,2024-02,FBA15HRL9PXD,5CICPVFC,DTM1,,3,15,
S02088,2024-02.xlsx,2024-02-02T11:45:00,2024-02,FBA15HRLC62C,8QJKR26S,DTM1,,2,8,
S02089,2024-02.xlsx,2024-02-02T11:53:00,2024-02,FBA15HRLH9MK,33KGS2OO,HAJ1,,1,11,
S02090,2024-02.xlsx,2024-02-06T07:34:00,2024-02,FBA15HRSSPH4,87KLHQLN,HAJ1,,3,10,
S02091,2024-02.xlsx,2024-02-06T07:43:00,2024-02,FBA15HRSRSW0,63B2ADRJ,HAJ1,,1,114,
S02092,2024-02.xlsx,2024-02-06T08:24:00,2024-02,FBA15HRSWR68,58Q6V2TH,HAJ1,,5,175,
S02093,2024-02.xlsx,2024-02-06T08:36:00,2024-02,FBA15HRSYYKM,3B5BXAPZ,DTM1,,1,5,
S02094,2024-02.xlsx,2024-02-06T11:10:00,2024-02,FBA15HRTMXCH,82L1N4ZZ,HAJ1,,1,30,
S02095,2024-02.xlsx,2024-02-06T11:24:00,2024-02,FBA15HRTSDJP,575KNOPO,XGEB,,1,19,
S02096,2024-02.xlsx,2024-02-07T12:49:00,2024-02,FBA15HRX9SH2,3ONASOQN,DTM1,,12,217,
S02097,2024-02.xlsx,2024-02-08T08:57:00,2024-02,FBA15HRYPD42,8SL4ASVW,DTM1,,11,154,
S02098,2024-02.xlsx,2024-02-09T07:47:00,2024-02,FBA15HS0NVMD,1G1YESUV,DTM1,,10,142,
S02099,2024-02.xlsx,2024-02-14T07:12:00,2024-02,FBA15HS8JG7D,77XB6SJX,DTM1,,8,207,
S02100,2024-02.xlsx,2024-02-14T12:20:00,2024-02,FBA15HS9F8CV,4SGLMYVC,DTM2,,1,32,
S02101,2024-02.xlsx,2024-02-14T12:34:00,2024-02,FBA15HS9CCH1,7ISLYVFJ,DTM2,,1,46,
S02102,2024-02.xlsx,2024-02-14T12:54:00,2024-02,FBA15HS9K3K1,5GEP416D,DTM2,,1,58,
S02103,2024-02.xlsx,2024-02-14T13:15:00,2024-02,FBA15HS9NH03,6K826O2L,DTM2,,1,99,
S02104,2024-02.xlsx,2024-02-15T08:17:00,2024-02,FBA15HSBQQM4,4ZFAV63U,DTM2,,3,86,
S02105,2024-02.xlsx,2024-02-15T09:28:00,2024-02,FBA15HSBZ3TY,2DPKU5SS,DTM2,,8,124,
S02106,2024-02.xlsx,2024-02-15T09:51:00,2024-02,FBA15HSC2FMD,1CBLUOTD,DTM2,,1,11,
S02107,2024-02.xlsx,2024-02-15T09:59:00,2024-02,FBA15HSC6442,4B6VQLIL,DTM2,,1,11,
S02108,2024-02.xlsx,2024-02-19T08:32:00,2024-02,FBA15HSLL0TJ,2P1AQYVG,HAJ1,,5,47,
S02109,2024-02.xlsx,2024-02-19T08:51:00,2024-02,FBA15HSLHSL2,7YIS4BUX,HAJ1,,3,78,
S02110,2024-02.xlsx,2024-02-19T09:39:00,2024-02,FBA15HSLXC6S,2YE2KWFN,DTM1,,6,175,
S02111,2024-02.xlsx,2024-02-20T07:42:00,2024-02,FBA15HSQ03PC,7WPC7TKU,HAJ1,,4,65,
S02112,2024-02.xlsx,2024-02-20T08:03:00,2024-02,FBA15HSPXPJ1,1LH8H19J,HAJ1,,1,61,
S02113,2024-02.xlsx,2024-02-20T08:17:00,2024-02,FBA15HSQ1SSV,8AL1XJNO,HAJ1,,1,19,
S02114,2024-02.xlsx,2024-02-20T09:00:00,2024-02,FBA15HSQ8TKT,4JDGF4QE,DTM1,,3,42,
S02115,2024-02.xlsx,2024-02-20T09:37:00,2024-02,FBA15HSQDJQH,1AHHKEOQ,DTM1,,2,10,
S02116,2024-02.xlsx,2024-02-20T09:42:00,2024-02,FBA15HSQN1F1,4JNOMVMW,DTM1,,2,10,
S02117,2024-02.xlsx,2024-02-20T10:32:00,2024-02,FBA15HSQTLQB,25TVBM7N,HAJ1,,1,9,
S02118,2024-02.xlsx,2024-02-20T13:15:00,2024-02,FBA15HSR4YCZ,85KI2B1B,DTM1,,6,150,
S02119,2024-02.xlsx,2024-02-21T10:19:00,2024-02,FBA15HSVMRX1,512K3EUR,HAJ1,,1,28,
S02120,2024-02.xlsx,2024-02-21T11:52:00,2024-02,FBA15HSVWG4V,4VR6RD3T,DTM1,,1,10,
S02121,2024-02.xlsx,2024-02-21T11:58:00,2024-02,FBA15HSVX60W,4793C27D,DTM1,,1,10,
S02122,2024-02.xlsx,2024-02-21T12:35:00,2024-02,FBA15HSVVL5Q,1MT61YUK,HAJ1,,2,157,
S02123,2024-02.xlsx,2024-02-21T12:45:00,2024-02,FBA15HSW7WR3,757CDUUQ,HAJ1,,3,144,
S02124,2024-02.xlsx,2024-02-22T07:21:00,2024-02,FBA15HSY1890,3PDMMIBU,DTM1,,2,23,
S02125,2024-02.xlsx,2024-02-22T07:35:00,2024-02,FBA15HSY6NWH,8325R4VS,DTM1,,3,35,
S02126,2024-02.xlsx,2024-02-22T07:50:00,2024-02,FBA15HSY7LT8,3FHMMYFJ,DTM1,,2,40,
S02127,2024-02.xlsx,2024-02-22T08:11:00,2024-02,FBA15HSYC82W,7J7HVRNG,DTM2,,1,12,
S02128,2024-02.xlsx,2024-02-22T08:35:00,2024-02,FBA15HSYJRCL,17O25SCG,HAJ1,,2,10,
S02129,2024-02.xlsx,2024-02-22T09:00:00,2024-02,FBA15HSYRXZ7,342BTVSV,DTM2,,1,7,
S02130,2024-02.xlsx,2024-02-22T09:07:00,2024-02,FBA15HSYPQ8K,456BXHHN,HAJ1,,1,7,
S02131,2024-02.xlsx,2024-02-22T09:19:00,2024-02,FBA15HSYQ3FB,2UHADOHL,DTM1,,1,15,
S02132,2024-02.xlsx,2024-02-22T09:46:00,2024-02,FBA15HSYYYVS,4AE6WLWV,HAJ1,,5,68,
S02133,2024-03.xlsx,2024-03-01T07:19:00,2024-03,FBA15HTSPLQ1,2RHD2G4A,HAJ1,,1,62,
S02134,2024-03.xlsx,2024-03-01T07:33:00,2024-03,FBA15HTSLGT5,3GFRJ7EK,HAJ1,,1,115,
S02135,2024-03.xlsx,2024-03-01T07:52:00,2024-03,FBA15HTSP7RP,4DVJTEQO,CDG7,,1,45,
S02136,2024-03.xlsx,2024-03-01T08:16:00,2024-03,FBA15HTSQSGD,5DCOYJ3A,HAJ1,,3,130,
S02137,2024-03.xlsx,2024-03-01T10:32:00,2024-03,FBA15HTT5KQK,574HNR3P,DTM1,,3,19,
S02138,2024-03.xlsx,2024-03-01T10:49:00,2024-03,FBA15HTTTL0L,2CDQYILV,DTM1,,3,38,
S02139,2024-03.xlsx,2024-03-04T07:54:00,2024-03,FBA15HV006Z9,28BT1OXU,HAJ1,,1,15,
S02140,2024-03.xlsx,2024-03-05T09:21:00,2024-03,FBA15HV4TTPB,7DHHVLAD,HAJ1,,2,7,
S02141,2024-03.xlsx,2024-03-05T09:45:00,2024-03,FBA15HV4NLQ1,7HMKZA2C,HAJ1,,1,20,
S02142,2024-03.xlsx,2024-03-05T09:52:00,2024-03,FBA15HV4SWK3,377QWSIG,HAJ1,,1,30,
S02143,2024-03.xlsx,2024-03-05T11:02:00,2024-03,FBA15HV5DDQG,76C6QA5D,DTM1,,1,17,
S02144,2024-03.xlsx,2024-03-05T11:36:00,2024-03,FBA15HV5F0W0,3DH3DJ8H,HAJ1,,3,150,
S02145,2024-03.xlsx,2024-03-06T08:44:00,2024-03,FBA15HV8HWQ3,5HFQ4PWU,DTM1,,13,157,
S02146,2024-03.xlsx,2024-03-07T09:51:00,2024-03,FBA15HVF7JXC,3TBUUDZC,DTM1,,5,52,
S02147,2024-03.xlsx,2024-03-07T11:26:00,2024-03,FBA15HVFSSHM,8M5X675D,HAJ1,,2,25,
S02148,2024-03.xlsx,2024-03-07T11:32:00,2024-03,FBA15HVFCP4V,1O6YS91S,HAJ1,,2,25,
S02149,2024-03.xlsx,2024-03-08T09:17:00,2024-03,FBA15HVK2CJM,5X8J7E2X,HAJ1,,8,120,
S02150,2024-03.xlsx,2024-03-08T09:41:00,2024-03,FBA15HVK8LCP,1UB64XFM,DTM1,,2,7,
S02151,2024-03.xlsx,2024-03-08T10:39:00,2024-03,FBA15HVK6MN3,3A3OKMWL,DTM1,,1,12,
S02152,2024-03.xlsx,2024-03-08T10:54:00,2024-03,FBA15HVKD6RK,4J6XNGZH,HAJ1,,2,7,
S02153,2024-03.xlsx,2024-03-12T07:42:00,2024-03,FBA15HVWWJ96,2YPVOGDH,HAJ1,,2,40,
S02154,2024-03.xlsx,2024-03-12T08:13:00,2024-03,FBA15HVX4MQD,1PJWC69G,HAJ1,,5,140,
S02155,2024-03.xlsx,2024-03-12T09:43:00,2024-03,FBA15HVXQJZ9,7SU16MYJ,DTM1,,7,121,
S02156,2024-03.xlsx,2024-03-13T09:08:00,2024-03,FBA15HW2476H,4BI6OWIZ,HAJ1,,2,105,
S02157,2024-03.xlsx,2024-03-13T12:15:00,2024-03,FBA15HW31BNZ,6298L1JL,HAJ1,,1,58,
S02158,2024-03.xlsx,2024-03-15T07:30:00,2024-03,FBA15HWB2NTW,5BJHJWOW,DTM2,,1,96,
S02159,2024-03.xlsx,2024-03-15T07:56:00,2024-03,FBA15HWB9MC5,7P2AENFF,DTM1,,5,128,
S02160,2024-03.xlsx,2024-03-20T08:59:00,2024-03,FBA15HWTCDWM,6TP2LAFD,DTM1,,1,10,
S02161,2024-03.xlsx,2024-03-20T09:14:00,2024-03,FBA15HWTH9M6,7JOO7QEL,DTM1,,1,10,
S02162,2024-03.xlsx,2024-03-20T11:57:00,2024-03,FBA15HWTZ47L,5VUWOE3M,DTM1,,1,7,
S02163,2024-03.xlsx,2024-03-21T09:13:00,2024-03,FBA15HWYBL16,5DLR1IMO,HAJ1,,1,30,
S02164,2024-03.xlsx,2024-03-21T09:51:00,2024-03,FBA15HWYCNVL,2PG2AX6K,HAJ1,,6,250,
S02165,2024-03.xlsx,2024-03-21T12:11:00,2024-03,FBA15HWZKTRM,71OA4WSP,DTM1,,6,168,
S02166,2024-03.xlsx,2024-03-22T08:06:00,2024-03,FBA15HX1YKKM,1WQN4MQR,DTM2,,1,11,
S02167,2024-03.xlsx,2024-03-22T08:12:00,2024-03,FBA15HX25PHN,8CRLMS5Q,DTM2,,1,11,
S02168,2024-03.xlsx,2024-03-22T08:21:00,2024-03,FBA15HX1Z598,4IYU7PBY,HAJ1,,1,27,
S02169,2024-03.xlsx,2024-03-22T08:42:00,2024-03,FBA15HX29039,7532NO8V,DTM2,,3,40,
S02170,2024-03.xlsx,2024-03-22T11:59:00,2024-03,FBA15HX3BV95,4ZDCZ3MH,DTM1,,2,16,
S02171,2024-03.xlsx,2024-03-22T12:25:00,2024-03,FBA15HX3BPK2,4RHVEY8C,HAJ1,,2,39,
S02172,2024-03.xlsx,2024-03-27T12:02:00,2024-03,FBA15HXKR3K3,22837G5T,HAJ1,,1,64,
S02173,2024-03.xlsx,2024-03-27T12:25:00,2024-03,FBA15HXL73JY,5CGDAF3R,HAJ1,,2,9,
S02174,2024-03.xlsx,2024-03-28T09:03:00,2024-03,FBA15HXPQFH2,7VHJO44T,HAJ1,,4,51,
S02175,2024-03.xlsx,2024-03-28T09:41:00,2024-03,FBA15HXPYJRG,5NECNFGI,HAJ1,,7,85,
S02176,2024-03.xlsx,2024-03-28T11:04:00,2024-03,FBA15HXQ2RCH,17BG2Q5Y,DTM2,,1,58,
S02177,2024-03.xlsx,2024-03-29T08:31:00,2024-03,FBA15HXT670T,8VMZW5EW,DTM2,,1,3,
S02178,2024-03.xlsx,2024-03-29T08:59:00,2024-03,FBA15HXT7TZV,2UHOPC6M,HAJ1,,2,19,
S02179,2024-03.xlsx,2024-03-29T09:07:00,2024-03,FBA15HXTH427,1J5BCWTR,DTM1,,1,24,
S02180,2024-03.xlsx,2024-03-29T09:29:00,2024-03,FBA15HXTD92H,3322N36N,DTM1,,2,50,
S02181,2024-03.xlsx,2024-03-29T09:43:00,2024-03,FBA15HXTHNM4,1P4XHW8L,DTM1,,2,48,
S02182,2024-03.xlsx,2024-03-29T09:52:00,2024-03,FBA15HXTJ6LL,8Q1KFQJL,DTM2,,2,42,
S02183,2024-04.xlsx,2024-04-03T08:00:00,2024-04,FBA15HY7BY2S,8PYR7LSJ,DTM1,,6,147,
S02184,2024-04.xlsx,2024-04-03T10:39:00,2024-04,FBA15HY8MGXF,73WT3H7Q,DTM1,,1,33,
S02185,2024-04.xlsx,2024-04-03T11:02:00,2024-04,FBA15HY8RTCT,54NT8ISG,DTM2,,3,61,
S02186,2024-04.xlsx,2024-04-03T11:15:00,2024-04,FBA15HY8ZXKM,1BUSQLFD,HAJ1,,2,69,
S02187,2024-04.xlsx,2024-04-03T11:25:00,2024-04,FBA15HY8ZRF8,2IK23LBV,DTM2,,1,11,
S02188,2024-04.xlsx,2024-04-03T11:31:00,2024-04,FBA15HY8PTPK,1DPCRW2Y,DTM2,,1,11,
S02189,2024-04.xlsx,2024-04-03T11:35:00,2024-04,FBA15HY91DR7,8C58PG5P,DTM2,,1,11,
S02190,2024-04.xlsx,2024-04-05T09:38:00,2024-04,FBA15HYFHM14,6RK93L8O,DTM2,,1,155,
S02191,2024-04.xlsx,2024-04-05T10:13:00,2024-04,FBA15HYFM3VP,3R5LRG1N,HAJ1,,5,156,
S02192,2024-04.xlsx,2024-04-05T11:07:00,2024-04,FBA15HYFQYNX,3UTSMGEA,DTM1,,1,5,
S02193,2024-04.xlsx,2024-04-09T06:29:00,2024-04,FBA15HYRJ8HN,5R5U9KUV,HAJ1,,1,30,
S02194,2024-04.xlsx,2024-04-09T06:44:00,2024-04,FBA15HYR83P7,69C33W7H,HAJ1,,2,7,
S02195,2024-04.xlsx,2024-04-09T06:49:00,2024-04,FBA15HYRF8D6,6KQB2XOZ,HAJ1,,2,7,
S02196,2024-04.xlsx,2024-04-09T08:50:00,2024-04,FBA15HYS8N4J,7AJ9AXJU,DTM1,,9,161,
S02197,2024-04.xlsx,2024-04-09T10:57:00,2024-04,FBA15HYSX8QZ,2EBJ64OY,HAJ1,,1,10,
S02198,2024-04.xlsx,2024-04-09T11:25:00,2024-04,FBA15HYT5KSC,7DUEKP2P,DTM1,,1,10,
S02199,2024-04.xlsx,2024-04-10T11:57:00,2024-04,FBA15HYY7SG8,5FI67X3F,HAJ1,,4,260,
S02200,2024-04.xlsx,2024-04-11T06:00:00,2024-04,FBA15HZ00WD2,48V4TX2Z,DTM2,,1,32,
S02201,2024-04.xlsx,2024-04-11T07:36:00,2024-04,FBA15HZ0T7XC,3E877ECJ,HAJ1,,3,62,
S02202,2024-04.xlsx,2024-04-11T07:42:00,2024-04,FBA15HZ0T8RT,5KVLVV3P,DTM1,,1,10,
S02203,2024-04.xlsx,2024-04-12T10:36:00,2024-04,FBA15HZ5Y5Z2,7NB1TZ5T,DTM1,,1,5,
S02204,2024-04.xlsx,2024-04-12T10:42:00,2024-04,FBA15HZ62MD2,46TRRZFH,DTM1,,1,6,
S02205,2024-04.xlsx,2024-04-12T10:48:00,2024-04,FBA15HZ5P3XG,2PN4MXVK,DTM1,,1,6,
S02206,2024-04.xlsx,2024-04-12T11:18:00,2024-04,FBA15HZ6BNN5,2E3137NE,HAJ1,,7,86,
S02207,2024-04.xlsx,2024-04-15T06:03:00,2024-04,FBA15HZBNL67,4638N4HW,HAJ1,,1,155,
S02208,2024-04.xlsx,2024-04-16T07:47:00,2024-04,FBA15HZHNDQD,46FHVRRW,DTM1,,6,124,
S02209,2024-04.xlsx,2024-04-16T10:01:00,2024-04,FBA15HZJQRZB,5QDXJ4TA,HAJ1,,1,58,
S02210,2024-04.xlsx,2024-04-16T10:16:00,2024-04,FBA15HZJSF8N,3191XI8Q,HAJ1,,1,30,
S02211,2024-04.xlsx,2024-04-16T10:24:00,2024-04,FBA15HZJR67Y,7PFOX2KD,DTM1,,1,10,
S02212,2024-04.xlsx,2024-04-16T10:34:00,2024-04,FBA15HZJW65W,8I48LWPZ,DTM1,,1,10,
S02213,2024-04.xlsx,2024-04-16T10:38:00,2024-04,FBA15HZJVT31,4MN8UUGO,DTM1,,1,10,
S02214,2024-04.xlsx,2024-04-17T07:04:00,2024-04,FBA15HZN1V77,58I3C91I,HAJ1,,2,7,
S02215,2024-04.xlsx,2024-04-17T07:11:00,2024-04,FBA15HZMZLZ4,81RCVDBT,HAJ1,,1,20,
S02216,2024-04.xlsx,2024-04-17T07:16:00,2024-04,FBA15HZMXF9Q,14X89J1M,HAJ1,,1,14,
S02217,2024-04.xlsx,2024-04-17T07:23:00,2024-04,FBA15HZN0M39,34D2P1SM,HAJ1,,2,21,
S02218,2024-04.xlsx,2024-04-17T07:28:00,2024-04,FBA15HZN5VFK,2A4RJ1VI,HAJ1,,1,27,
S02219,2024-04.xlsx,2024-04-17T07:46:00,2024-04,FBA15HZN5736,1HURZH8I,HAJ1,,3,59,
S02220,2024-04.xlsx,2024-04-17T08:14:00,2024-04,FBA15HZN70W7,4HIY1SZH,DTM1,,2,40,
S02221,2024-04.xlsx,2024-04-18T10:47:00,2024-04,FBA15HZTQVSS,7SG662KQ,DTM2,,5,121,
S02222,2024-04.xlsx,2024-04-19T06:47:00,2024-04,FBA15HZX59NY,586T2JDV,HAJ1,,1,11,
S02223,2024-04.xlsx,2024-04-19T07:18:00,2024-04,FBA15HZXFGLL,83IDUGJK,HAJ1,,3,58,
S02224,2024-04.xlsx,2024-04-19T07:49:00,2024-04,FBA15HZXG2J1,18I9CWBN,HAJ1,,7,100,
S02225,2024-04.xlsx,2024-04-19T11:03:00,2024-04,FBA15HZY51TP,4BKY9FPM,DTM1,,9,194,
S02226,2024-04.xlsx,2024-04-23T08:21:00,2024-04,FBA15J07V6H6,3Z5O2WHP,DTM1,,1,12,
S02227,2024-04.xlsx,2024-04-23T08:28:00,2024-04,FBA15J07Y86Z,1DEZGFYV,DTM1,,1,12,
S02228,2024-04.xlsx,2024-04-23T08:44:00,2024-04,FBA15J0869Q5,4X1TUBMD,HAJ1,,1,58,
S02229,2024-04.xlsx,2024-04-23T08:51:00,2024-04,FBA15J08K3B2,4QPCQIMK,HAJ1,,1,114,
S02230,2024-04.xlsx,2024-04-23T08:57:00,2024-04,FBA15J08K4DM,5DEHE76X,DTM1,,1,13,
S02231,2024-04.xlsx,2024-04-23T09:34:00,2024-04,FBA15J082WFZ,1RUKM3JE,HAJ1,,2,160,
S02232,2024-04.xlsx,2024-04-23T10:36:00,2024-04,FBA15J0920VF,4VQGUPEC,DTM1,,5,52,
S02233,2024-04.xlsx,2024-04-23T11:16:00,2024-04,FBA15J08R1S4,8NTH167R,HAJ1,,5,132,
S02234,2024-04.xlsx,2024-04-24T08:52:00,2024-04,FBA15J0DQ60Z,695DGTES,DTM1,,1,10,
S02235,2024-04.xlsx,2024-04-24T09:00:00,2024-04,FBA15J0DWK3C,3MYVSLGB,DTM1,,1,10,
S02236,2024-04.xlsx,2024-04-24T09:57:00,2024-04,FBA15J0DZS5Y,5XK89N9J,XGEB,,1,19,
S02237,2024-04.xlsx,2024-04-25T08:54:00,2024-04,FBA15J0JMZ14,3JJBQ3GV,DTM1,,6,136,
S02238,2024-04.xlsx,2024-04-25T11:06:00,2024-04,FBA15J0KMG64,72XG3PYQ,HAJ1,,1,9,
S02239,2024-04.xlsx,2024-04-25T11:21:00,2024-04,FBA15J0KCQBN,2X84V9ND,HAJ1,,1,65,
S02240,2024-04.xlsx,2024-04-25T11:44:00,2024-04,FBA15J0KKY16,71JKQAIN,HAJ1,,4,80,
S02241,2024-04.xlsx,2024-04-26T05:57:00,2024-04,FBA15J0M54Z2,4OG2DGBW,DTM1,,2,16,
S02242,2024-04.xlsx,2024-04-26T06:08:00,2024-04,FBA15J0MKCV7,59Y2V6NP,DTM1,,1,17,
S02243,2024-04.xlsx,2024-04-26T06:22:00,2024-04,FBA15J0MCTSP,3S631DFG,DTM1,,1,5,
S02244,2024-04.xlsx,2024-04-26T06:33:00,2024-04,FBA15J0MNTQS,4VNS2KJC,DTM1,,1,6,
S02245,2024-04.xlsx,2024-04-26T06:38:00,2024-04,FBA15J0MGFPF,1T3XSW6H,DTM1,,1,5,
S02246,2024-04.xlsx,2024-04-26T06:53:00,2024-04,FBA15J0ML1MR,2Q7AASDP,HAJ1,,4,115,
S02247,2024-04.xlsx,2024-04-26T07:04:00,2024-04,FBA15J0MH8ZX,8XLLL4YJ,HAJ1,,3,55,
S02248,2024-04.xlsx,2024-04-26T07:16:00,2024-04,FBA15J0N0FZW,2J8L7ZRI,DTM1,,4,12,
S02249,2024-04.xlsx,2024-04-26T08:05:00,2024-04,FBA15J0N4GX4,663O8MSI,DTM1,,2,14,
S02250,2024-04.xlsx,2024-04-26T08:10:00,2024-04,FBA15J0N1F6N,6NCY5SBW,DTM1,,1,15,
S02251,2024-04.xlsx,2024-04-26T08:18:00,2024-04,FBA15J0N703N,4VKBZNVU,DTM1,,1,16,
S02252,2024-04.xlsx,2024-04-26T08:33:00,2024-04,FBA15J0N74K2,8ZOBYJBB,DTM1,,1,6,
S02253,2024-04.xlsx,2024-04-26T08:38:00,2024-04,FBA15J0NLSDJ,2N1HZNLR,DTM1,,1,6,
S02254,2024-04.xlsx,2024-04-26T08:44:00,2024-04,FBA15J0NC3Q4,1EXYJ6EB,DTM1,,1,15,
S02255,2024-04.xlsx,2024-04-26T08:58:00,2024-04,FBA15J0NK3DX,8DWRMO3Y,DTM1,,3,75,
S02256,2024-04.xlsx,2024-04-26T09:28:00,2024-04,FBA15J0NT7X0,3G54IVDI,DTM1,,1,50,
S02257,2024-04.xlsx,2024-04-26T09:43:00,2024-04,FBA15J0NVYVY,4RXNGUPK,DTM1,,2,36,
S02258,2024-04.xlsx,2024-04-26T10:53:00,2024-04,FBA15J0P3J5T,5W9ANNAV,DTM1,,2,27,
S02259,2024-04.xlsx,2024-04-26T11:08:00,2024-04,FBA15J0P3KHG,6C5ICM2O,DTM1,,2,38,
S02260,2024-04.xlsx,2024-04-26T11:29:00,2024-04,FBA15J0P453W,6L3BNKNO,DTM1,,1,6,
S02261,2024-04.xlsx,2024-04-26T11:35:00,2024-04,FBA15J0PC1TD,3IU1VABO,DTM1,,1,6,
S02262,2024-04.xlsx,2024-04-26T11:42:00,2024-04,FBA15J0P5QV6,3622C7HQ,DTM1,,1,6,
S02263,2024-04.xlsx,2024-04-29T08:34:00,2024-04,FBA15J0WH2CH,1IIFELJX,HAJ1,,3,95,
S02264,2024-04.xlsx,2024-04-29T08:54:00,2024-04,FBA15J0WRGWM,3YMV4HFA,DTM1,,1,4,
S02265,2024-04.xlsx,2024-04-29T10:08:00,2024-04,FBA15J0X9YLJ,297ZC8CX,DTM1,,4,34,
S02266,2024-04.xlsx,2024-04-29T10:18:00,2024-04,FBA15J0X382M,8OLPP51M,DTM1,,1,15,
S02267,2024-04.xlsx,2024-04-30T07:50:00,2024-04,FBA15J10C1HD,86BQ3Y8G,DTM1,,1,10,
S02268,2024-04.xlsx,2024-04-30T08:03:00,2024-04,FBA15J109PRV,4NU2X8KP,DTM1,,1,6,
S02269,2024-04.xlsx,2024-04-30T08:12:00,2024-04,FBA15J10RZKY,4YRYIZ7H,DTM1,,1,6,
S02270,2024-04.xlsx,2024-04-30T08:54:00,2024-04,FBA15J10WJ9W,43RATDCQ,HAJ1,,2,155,
S02271,2024-04.xlsx,2024-04-30T09:57:00,2024-04,FBA15J11FMRR,2D3UVH1T,HAJ1,,1,9,
S02272,2024-04.xlsx,2024-04-30T10:48:00,2024-04,FBA15J11HGY0,6GWS1OGV,DTM1,,5,19,
S02273,2024-05.xlsx,2024-05-02T10:19:00,2024-05,FBA15J15BS73,23TOD12Y,DTM2,,1,95,
S02274,2024-05.xlsx,2024-05-02T10:45:00,2024-05,FBA15J15S8RY,27OFGITI,HAJ1,,6,88,
S02275,2024-05.xlsx,2024-05-07T11:38:00,2024-05,FBA15J1LCQ53,3RO8PYFK,HAJ1,,1,30,
S02276,2024-05.xlsx,2024-05-07T12:00:00,2024-05,FBA15J1LG700,6JG9MZCJ,XDEA,,1,19,
S02277,2024-05.xlsx,2024-05-08T09:30:00,2024-05,FBA15J1PRLHQ,5G1EKYYD,DTM1,,6,142,
S02278,2024-05.xlsx,2024-05-09T06:53:00,2024-05,FBA15J1SGV6Y,25QEACEX,DTM2,,2,80,
S02279,2024-05.xlsx,2024-05-09T07:04:00,2024-05,FBA15J1SMP5B,56LJV8VD,HAJ1,,1,65,
S02280,2024-05.xlsx,2024-05-09T07:11:00,2024-05,FBA15J1SNWYY,6FYEC1KY,HAJ1,,2,48,
S02281,2024-05.xlsx,2024-05-09T07:21:00,2024-05,FBA15J1SNG56,73W3CTKN,DTM2,,2,33,
S02282,2024-05.xlsx,2024-05-09T07:48:00,2024-05,FBA15J1T20VV,536M7DDJ,DTM2,,2,102,
S02283,2024-05.xlsx,2024-05-09T09:58:00,2024-05,FBA15J1TR4DT,6XVK8IXC,DTM1,,4,101,
S02284,2024-05.xlsx,2024-05-10T07:17:00,2024-05,FBA15J1XGXHS,8VMLL9XL,DTM2,,3,50,
S02285,2024-05.xlsx,2024-05-10T07:25:00,2024-05,FBA15J1XGSZ3,8218DOZL,DTM1,,1,17,
S02286,2024-05.xlsx,2024-05-10T08:16:00,2024-05,FBA15J1XNDVF,6N23OILU,DTM2,,2,45,
S02287,2024-05.xlsx,2024-05-10T10:16:00,2024-05,FBA15J1Y9D7Q,1D5NV5GR,DTM2,,1,58,
S02288,2024-05.xlsx,2024-05-10T10:22:00,2024-05,FBA15J1Y9VJ9,7RTLUYRS,HAJ1,,1,58,
S02289,2024-05.xlsx,2024-05-10T10:36:00,2024-05,FBA15J1Y9STD,3QKIKTQF,HAJ1,,1,11,
S02290,2024-05.xlsx,2024-05-10T10:43:00,2024-05,FBA15J1YLPCZ,6WCRBUEM,HAJ1,,1,11,
S02291,2024-05.xlsx,2024-05-10T10:52:00,2024-05,FBA15J1YLXY5,677ZTKHT,HAJ1,,1,11,
S02292,2024-05.xlsx,2024-05-10T12:01:00,2024-05,FBA15J1YZRX9,1ZBDX89C,HAJ1,,2,7,
S02293,2024-05.xlsx,2024-05-13T08:38:00,2024-05,FBA15J24CY68,7GCYYOLM,HAJ1,,1,20,
S02294,2024-05.xlsx,2024-05-13T09:27:00,2024-05,FBA15J2510CC,43B5ZHED,DTM2,,2,6,
S02295,2024-05.xlsx,2024-05-13T09:34:00,2024-05,FBA15J24TQDH,5OO5U8KB,DTM2,,1,9,
S02296,2024-05.xlsx,2024-05-13T09:52:00,2024-05,FBA15J24SG2S,41KBVT8E,DTM2,,2,29,
S02297,2024-05.xlsx,2024-05-13T10:16:00,2024-05,FBA15J252HKM,52F7B2CC,HAJ1,,4,90,
S02298,2024-05.xlsx,2024-05-13T10:24:00,2024-05,FBA15J253F9L,62WPG62G,DTM1,,1,12,
S02299,2024-05.xlsx,2024-05-14T11:01:00,2024-05,FBA15J29PF3Q,2ZAHYM6Y,HAJ1,,2,48,
S02300,2024-05.xlsx,2024-05-14T11:33:00,2024-05,FBA15J29KYGY,71NILTAR,DTM1,,3,22,
S02301,2024-05.xlsx,2024-05-15T09:37:00,2024-05,FBA15J2FJFC5,8A7AQWFJ,DTM1,,6,161,
S02302,2024-05.xlsx,2024-05-17T09:46:00,2024-05,FBA15J2Q0BGQ,6CIXF9PM,DTM1,,11,179,
S02303,2024-05.xlsx,2024-05-17T11:42:00,2024-05,FBA15J2QJ0KR,8JCGWU7F,DTM2,,4,202,
S02304,2024-05.xlsx,2024-05-17T12:06:00,2024-05,FBA15J2QP95C,5OLL5A1U,HAJ1,,1,155,
S02305,2024-05.xlsx,2024-05-21T07:14:00,2024-05,FBA15J2ZFW7C,7BPNG5QB,HAJ1,,1,114,
S02306,2024-05.xlsx,2024-05-21T07:41:00,2024-05,FBA15J2ZKP28,8DSPMX8R,HAJ1,,2,110,
S02307,2024-05.xlsx,2024-05-21T07:48:00,2024-05,FBA15J2ZCN7N,84EDDVJX,DTM2,,1,33,
S02308,2024-05.xlsx,2024-05-21T08:50:00,2024-05,FBA15J303TYN,3J8PG2SU,DTM1,,1,7,
S02309,2024-05.xlsx,2024-05-21T09:02:00,2024-05,FBA15J30GNY4,2CP2I4AI,DTM1,,1,7,
S02310,2024-05.xlsx,2024-05-21T09:35:00,2024-05,FBA15J308GJM,484DCFHF,HAJ1,,5,105,
S02311,2024-05.xlsx,2024-05-22T06:30:00,2024-05,FBA15J33BFGK,67VC922K,DTM1,,1,12,
S02312,2024-05.xlsx,2024-05-22T06:36:00,2024-05,FBA15J33GM7S,19Q7XC8S,DTM1,,1,12,
S02313,2024-05.xlsx,2024-05-23T08:14:00,2024-05,FBA15J37S6Y1,1EOMS8CD,DTM2,,3,123,
S02314,2024-05.xlsx,2024-05-23T09:18:00,2024-05,FBA15J387RX1,4UQJ6QNF,DTM1,,1,9,
S02315,2024-05.xlsx,2024-05-23T09:28:00,2024-05,FBA15J38RJLQ,42O5FI4R,DTM1,,1,9,
S02316,2024-05.xlsx,2024-05-23T11:07:00,2024-05,FBA15J38X70G,3796QDMB,DTM1,,9,182,
S02317,2024-05.xlsx,2024-05-24T05:15:00,2024-05,FBA15J3C9QLW,2NZXYL8S,DTM1,,1,19,
S02318,2024-05.xlsx,2024-05-24T08:02:00,2024-05,FBA15J3D72JZ,1U4CNWUY,DTM1,,2,13,
S02319,2024-05.xlsx,2024-05-27T09:47:00,2024-05,FBA15J3LXW2Q,3B1PHAKT,HAJ1,,3,47,
S02320,2024-05.xlsx,2024-05-27T09:59:00,2024-05,FBA15J3LSWH3,3C96BZPX,HAJ1,,1,96,
S02321,2024-05.xlsx,2024-05-27T10:10:00,2024-05,FBA15J3LCYBM,1CCKDLMJ,DTM1,,2,27,
S02322,2024-05.xlsx,2024-05-27T10:17:00,2024-05,FBA15J3LVC93,8MXMOWTE,HAJ1,,1,30,
S02323,2024-05.xlsx,2024-05-27T10:44:00,2024-05,FBA15J3LZL65,8DTXS9HQ,DTM1,,4,33,
S02324,2024-05.xlsx,2024-05-28T10:33:00,2024-05,FBA15J3QVZ1X,7YFK3NKO,DTM2,,3,28,
S02325,2024-05.xlsx,2024-05-28T10:46:00,2024-05,FBA15J3R19CF,4D869I6O,DTM1,,2,24,
S02326,2024-05.xlsx,2024-05-28T10:53:00,2024-05,FBA15J3QWS0G,5UBQOFZD,DTM1,,1,6,
S02327,2024-05.xlsx,2024-05-29T09:25:00,2024-05,FBA15J3VXTB8,4SLW3KNK,DTM1,,2,6,
S02328,2024-05.xlsx,2024-05-29T09:41:00,2024-05,FBA15J3WG3H8,8COUH1OW,DTM1,,2,7,
S02329,2024-06.xlsx,2024-06-04T07:56:00,2024-06,FBA15J4DNSX2,8HLL1KRN,DTM1,,1,12,
S02330,2024-06.xlsx,2024-06-04T08:41:00,2024-06,FBA15J4DXM5D,8B3ZR9SM,HAJ1,,2,12,
S02331,2024-06.xlsx,2024-06-05T10:37:00,2024-06,FBA15J4L807R,6NKV4YNO,HAJ1,,1,11,
S02332,2024-06.xlsx,2024-06-05T10:43:00,2024-06,FBA15J4LC8BY,4MK1793U,HAJ1,,1,11,
S02333,2024-06.xlsx,2024-06-05T10:54:00,2024-06,FBA15J4LF0N5,6NVBWJRA,HAJ1,,1,11,
S02334,2024-06.xlsx,2024-06-05T11:55:00,2024-06,FBA15J4LCSLT,5RG5Z4EY,DTM1,,1,9,
S02335,2024-06.xlsx,2024-06-05T12:00:00,2024-06,FBA15J4LR528,4WUPT14Y,DTM1,,1,9,
S02336,2024-06.xlsx,2024-06-06T07:16:00,2024-06,FBA15J4NSDNZ,6EKEP9DQ,XPO1,,1,7,
S02337,2024-06.xlsx,2024-06-06T09:56:00,2024-06,FBA15J4Q5T77,7EN2CU9H,WRO5,,2,160,
S02338,2024-06.xlsx,2024-06-06T10:36:00,2024-06,FBA15J4QKD96,87QGWT7W,WRO5,,1,37,
S02339,2024-06.xlsx,2024-06-06T10:56:00,2024-06,FBA15J4QR2MN,6BHSFQHD,WRO5,,2,95,
S02340,2024-06.xlsx,2024-06-06T09:56:00,2024-06,FBA15J4Q5T77,7EN2CU9H,WRO5,,2,160,
S02341,2024-06.xlsx,2024-06-06T10:36:00,2024-06,FBA15J4QKD96,87QGWT7W,WRO5,,1,37,
S02342,2024-06.xlsx,2024-06-06T10:56:00,2024-06,FBA15J4QR2MN,6BHSFQHD,WRO5,,2,95,
S02343,2024-06.xlsx,2024-06-06T11:22:00,2024-06,FBA15J4QRMV6,6F6ZAQUQ,WRO5,,6,125,
S02344,2024-06.xlsx,2024-06-06T11:41:00,2024-06,FBA15J4QVW47,7RZYFGAE,WRO5,,4,130,
S02345,2024-06.xlsx,2024-06-07T06:11:00,2024-06,FBA15J4SNMBF,2LBE1UVT,WRO5,,2,50,
S02346,2024-06.xlsx,2024-06-07T06:25:00,2024-06,FBA15J4RT08N,3OEGLJ7D,XPO1,,1,37,
S02347,2024-06.xlsx,2024-06-07T07:11:00,2024-06,FBA15J4SYFFW,2NKBD7BQ,WRO5,,5,74,
S02348,2024-06.xlsx,2024-06-07T09:37:00,2024-06,FBA15J4V3C33,1SIJY7RB,XPO1,,12,200,
S02349,2024-06.xlsx,2024-06-11T10:36:00,2024-06,FBA15J53WQ2C,8Y6HJHGJ,DTM2,,1,30,
S02350,2024-06.xlsx,2024-06-12T07:27:00,2024-06,FBA15J573L2H,6N26W6BZ,XPO1,,1,23,
S02351,2024-06.xlsx,2024-06-12T09:30:00,2024-06,FBA15J57W71F,8AKXE4DS,XPO1,,1,7,
S02352,2024-06.xlsx,2024-06-12T09:37:00,2024-06,FBA15J57QTCN,2TTF6B1N,XPO1,,1,7,
S02353,2024-06.xlsx,2024-06-12T09:49:00,2024-06,FBA15J587B73,7CT15L2P,XPO1,,1,7,
S02354,2024-06.xlsx,2024-06-12T09:56:00,2024-06,FBA15J580HZQ,3HMC1YTC,WRO5,,1,15,
S02355,2024-06.xlsx,2024-06-13T08:49:00,2024-06,FBA15J5D35SP,31LHBXON,WRO5,,7,200,
S02356,2024-06.xlsx,2024-06-13T11:01:00,2024-06,FBA15J5DS37M,7Z4UMBZF,XPO1,,1,11,
S02357,2024-06.xlsx,2024-06-13T11:10:00,2024-06,FBA15J5DWX4G,3O6KO2AA,XPO1,,1,11,
S02358,2024-06.xlsx,2024-06-13T11:26:00,2024-06,FBA15J5F365X,16GSXGNM,XPO1,,1,30,
S02359,2024-06.xlsx,2024-06-13T11:49:00,2024-06,FBA15J5DZ8Q3,7MMBUTAT,WRO5,,1,28,
S02360,2024-06.xlsx,2024-06-14T06:54:00,2024-06,FBA15J5HGNPH,24H84D1A,WRO5,,2,37,
S02361,2024-06.xlsx,2024-06-14T07:09:00,2024-06,FBA15J5HKLWL,3L43CC4V,XPO1,,1,14,
S02362,2024-06.xlsx,2024-06-14T07:13:00,2024-06,FBA15J5HG1DF,655OBN1V,XPO1,,1,14,
S02363,2024-06.xlsx,2024-06-14T08:02:00,2024-06,FBA15J5HXRKQ,38PW7VJN,XPO1,,4,29,
S02364,2024-06.xlsx,2024-06-14T08:34:00,2024-06,FBA15J5J8ZY2,5GIAE97V,XPO1,,1,6,
S02365,2024-06.xlsx,2024-06-14T09:27:00,2024-06,FBA15J5JC3P4,4SR6NVDY,WRO5,,5,115,
S02366,2024-06.xlsx,2024-06-17T08:26:00,2024-06,FBA15J5PV1ML,7XADNVXH,XPO1,,3,131,
S02367,2024-06.xlsx,2024-06-18T07:52:00,2024-06,FBA15J5V54Q8,23XEC7KL,WRO5,,3,88,
S02368,2024-06.xlsx,2024-06-18T09:52:00,2024-06,FBA15J5W0V20,7GWCMTUC,WRO5,,2,110,
S02369,2024-06.xlsx,2024-06-18T10:41:00,2024-06,FBA15J5VXL76,6EIJJDPT,XPO1,,1,27,
S02370,2024-06.xlsx,2024-06-18T11:11:00,2024-06,FBA15J5W7083,6YJSOLCI,XPO1,,1,7,
S02371,2024-06.xlsx,2024-06-19T08:00:00,2024-06,FBA15J5Z3QWF,67UE1EYX,XPO1,,4,55,
S02372,2024-06.xlsx,2024-06-19T08:27:00,2024-06,FBA15J5ZHRB7,4KX476OW,XPO1,,1,11,
S02373,2024-06.xlsx,2024-06-19T08:37:00,2024-06,FBA15J5ZBV09,7FC1RIPC,XPO1,,1,11,
S02374,2024-06.xlsx,2024-06-19T08:42:00,2024-06,FBA15J5ZHMJT,1PCN1N6K,XPO1,,1,11,
S02375,2024-06.xlsx,2024-06-19T08:51:00,2024-06,FBA15J5Z3J5P,8EJ639FS,XPO1,,2,12,
S02376,2024-06.xlsx,2024-06-21T08:12:00,2024-06,FBA15J67T46D,1MOQUJ8X,XPO1,,9,162,
S02377,2024-06.xlsx,2024-06-25T07:12:00,2024-06,FBA15J6KY0S4,4K2EQTGG,WRO5,,5,215,
S02378,2024-06.xlsx,2024-06-25T08:13:00,2024-06,FBA15J6L7Q07,6VGP7CHB,WRO5,,5,175,
S02379,2024-06.xlsx,2024-06-25T08:25:00,2024-06,FBA15J6LB2JL,5U2YRU4E,WRO5,,1,125,
S02380,2024-06.xlsx,2024-06-28T07:36:00,2024-06,FBA15J704RYW,1TR2MASL,WRO5,,4,157,
S02381,2024-06.xlsx,2024-06-28T07:52:00,2024-06,FBA15J7049QL,7O6NW7VX,WRO5,,2,200,
S02382,2024-06.xlsx,2024-06-28T08:28:00,2024-06,FBA15J709RH6,8SBIQP9A,WRO5,,1,10,
S02383,2024-06.xlsx,2024-06-28T08:34:00,2024-06,FBA15J70BW51,6IHEJCHV,WRO5,,1,10,
S02384,2024-06.xlsx,2024-06-28T08:38:00,2024-06,FBA15J700S2W,7BSPCKJJ,WRO5,,1,10,
S02385,2024-06.xlsx,2024-06-28T10:45:00,2024-06,FBA15J70WWLC,1TGQX2DQ,WRO5,,1,30,
S02386,2024-07.xlsx,2024-07-01T08:19:00,2024-07,FBA15J76D8BK,3FT9C45J,WRO5,,2,88,
S02387,2024-07.xlsx,2024-07-01T10:18:00,2024-07,FBA15J77CRR9,3DOTQ6JH,WRO5,,1,170,
S02388,2024-07.xlsx,2024-07-01T10:43:00,2024-07,FBA15J77XJ4L,59UU9V6N,XPO1,,1,19,
S02389,2024-07.xlsx,2024-07-03T08:03:00,2024-07,FBA15J7HQ0T1,4X6OVAKC,WRO5,,1,70,
S02390,2024-07.xlsx,2024-07-03T08:49:00,2024-07,FBA15J7HXDDV,3BOXBSKH,WRO5,,3,85,
S02391,2024-07.xlsx,2024-07-03T10:54:00,2024-07,FBA15J7K05S7,4XOGQQHJ,WRO5,,4,70,
S02392,2024-07.xlsx,2024-07-04T10:37:00,2024-07,FBA15J7N91RN,23LEN5DJ,XPO1,,1,18,
S02393,2024-07.xlsx,2024-07-04T11:02:00,2024-07,FBA15J7PCRDJ,8HFS1YCM,WRO5,,1,6,
S02394,2024-07.xlsx,2024-07-04T11:24:00,2024-07,FBA15J7PCZCN,4U4WUU8T,WRO5,,1,6,
S02395,2024-07.xlsx,2024-07-04T11:59:00,2024-07,FBA15J7PCJ14,6KHPLW6T,XPO1,,2,40,
S02396,2024-07.xlsx,2024-07-05T06:46:00,2024-07,FBA15J7SJJLM,2UQ1ZSOL,WRO5,,4,113,
S02397,2024-07.xlsx,2024-07-05T07:10:00,2024-07,FBA15J7SF8Z8,8VQ994KX,XPO1,,9,213,
S02398,2024-07.xlsx,2024-07-08T09:55:00,2024-07,FBA15J80RMKR,69X91HBH,WRO5,,3,75,
S02399,2024-07.xlsx,2024-07-08T10:25:00,2024-07,FBA15J810XSY,3LEG3X8V,XPO1,,1,26,
S02400,2024-07.xlsx,2024-07-10T07:28:00,2024-07,FBA15J882TWB,238KP9KM,XPO1,,4,70,
S02401,2024-07.xlsx,2024-07-10T11:04:00,2024-07,FBA15J89XF9F,3PEEECVJ,WRO5,,3,64,
S02402,2024-07.xlsx,2024-07-10T11:17:00,2024-07,FBA15J89V36L,4XCIDUSK,XPO1,,1,11,
S02403,2024-07.xlsx,2024-07-10T11:40:00,2024-07,FBA15J8B6Q3C,1A9JOODP,XPO1,,1,16,
S02404,2024-07.xlsx,2024-07-11T07:10:00,2024-07,FBA15J8DD2KY,1CJWNKGE,XWR3,,1,3,
S02405,2024-07.xlsx,2024-07-11T07:37:00,2024-07,FBA15J8D9R44,1NC68FKC,XPO1,,4,45,
S02406,2024-07.xlsx,2024-07-12T07:50:00,2024-07,FBA15J8JCG4W,17WPOMNC,DUS2,,1,19,
S02407,2024-07.xlsx,2024-07-12T08:26:00,2024-07,FBA15J8JTFNL,33VOK6US,XPO1,,3,22,
S02408,2024-07.xlsx,2024-07-12T10:12:00,2024-07,FBA15J8KF2TT,6QFVMW6F,WRO5,,6,146,
S02409,2024-07.xlsx,2024-07-15T08:59:00,2024-07,FBA15J8QXS8N,7SYX97RM,XPO1,,8,162,
S02410,2024-07.xlsx,2024-07-19T07:16:00,2024-07,FBA15J97W025,1CYPGEDT,WRO5,,2,125,
S02411,2024-07.xlsx,2024-07-19T08:00:00,2024-07,FBA15J9821YP,38M9HQFY,WRO5,,2,70,
S02412,2024-07.xlsx,2024-07-19T08:33:00,2024-07,FBA15J97XW8P,4EQ9KK6S,WRO5,,2,30,
S02413,2024-07.xlsx,2024-07-19T09:22:00,2024-07,FBA15J98PFD7,55NTLF1P,WRO5,,2,14,
S02414,2024-07.xlsx,2024-07-19T09:39:00,2024-07,FBA15J98SNY0,61F6ST3W,XPO1,,1,6,
S02415,2024-07.xlsx,2024-07-19T10:01:00,2024-07,FBA15J995MKP,5XOT6F3Q,WRO5,,2,120,
S02416,2024-07.xlsx,2024-07-23T08:52:00,2024-07,FBA15J9LLZ1G,8E1Z1J8H,WRO5,,3,80,
S02417,2024-07.xlsx,2024-07-25T07:33:00,2024-07,FBA15J9VPMB5,1ZFIUUSR,XPO1,,6,125,
S02418,2024-07.xlsx,2024-07-26T09:30:00,2024-07,FBA15JB0XXQ2,4LTLUFBI,WRO5,,9,125,
S02419,2024-07.xlsx,2024-07-26T09:42:00,2024-07,FBA15JB0X7LW,5234C1XS,XPO1,,1,11,
S02420,2024-07.xlsx,2024-07-26T09:47:00,2024-07,FBA15JB0PCXB,1GBA3KEQ,XPO1,,1,11,
S02421,2024-07.xlsx,2024-07-31T08:19:00,2024-07,FBA15JBJ77CM,798Q579H,XPO1,,7,119,
S02422,2024-08.xlsx,2024-08-01T10:31:00,2024-08,FBA15JBP6V7B,49H7FQYR,XPO1,,6,116,
S02423,2024-08.xlsx,2024-08-02T07:07:00,2024-08,FBA15JBS1JWD,2XUJFBTJ,XPO1,,1,14,
S02424,2024-08.xlsx,2024-08-02T07:32:00,2024-08,FBA15JBSLYGH,34JUPO7Y,XPO1,,1,14,
S02425,2024-08.xlsx,2024-08-02T07:59:00,2024-08,FBA15JBSD7J1,6IP5CGXX,XPO1,,1,14,
S02426,2024-08.xlsx,2024-08-02T10:22:00,2024-08,FBA15JBTC6FT,8J3N2HMB,WRO5,,6,79,
S02427,2024-08.xlsx,2024-08-05T08:51:00,2024-08,FBA15JBZWBW6,3ZIJBQ9V,WRO5,,1,30,
S02428,2024-08.xlsx,2024-08-05T11:40:00,2024-08,FBA15JC0N81B,2ZGIWE9F,WRO5,,2,26,
S02429,2024-08.xlsx,2024-08-05T12:48:00,2024-08,FBA15JC10297,3NU2BXIV,XPO1,,4,19,
S02430,2024-08.xlsx,2024-08-06T07:17:00,2024-08,FBA15JC41XNV,3PFDNFGC,WRO5,,6,140,
S02431,2024-08.xlsx,2024-08-06T08:08:00,2024-08,FBA15JC45T7X,4XBI8QQL,WRO5,,3,54,
S02432,2024-08.xlsx,2024-08-06T08:32:00,2024-08,FBA15JC46YRK,48GYY8PK,WRO5,,2,70,
S02433,2024-08.xlsx,2024-08-06T09:50:00,2024-08,FBA15JC4VJ4M,78FIP4NA,XPO1,,4,31,
S02434,2024-08.xlsx,2024-08-06T10:44:00,2024-08,FBA15JC4WRPG,2WC4SCLW,WRO5,,2,40,
S02435,2024-08.xlsx,2024-08-08T11:30:00,2024-08,FBA15JCGNM33,2F2A9SCV,WRO5,,1,36,
S02436,2024-08.xlsx,2024-08-09T06:45:00,2024-08,FBA15JCJT8YC,45O2GHKN,XPO1,,2,18,
S02437,2024-08.xlsx,2024-08-09T07:53:00,2024-08,FBA15JCK8P5X,2V3LVJBZ,XPO1,,1,7,
S02438,2024-08.xlsx,2024-08-09T08:03:00,2024-08,FBA15JCKV8T3,5LG9J9KI,XPO1,,1,7,
S02439,2024-08.xlsx,2024-08-09T08:32:00,2024-08,FBA15JCKP29N,48S5J43B,XPO1,,1,7,
S02440,2024-08.xlsx,2024-08-13T08:43:00,2024-08,FBA15JCX020M,4SD5DWFN,WRO5,,1,11,
S02441,2024-08.xlsx,2024-08-13T08:58:00,2024-08,FBA15JCXK08V,16AY5Z1J,WRO5,,1,11,
S02442,2024-08.xlsx,2024-08-13T09:54:00,2024-08,FBA15JCXM1B1,8ENAEUGH,WRO5,,3,160,
S02443,2024-08.xlsx,2024-08-13T09:56:00,2024-08,FBA15JCXP479,3B5LZD4B,XPO1,,1,7,
S02444,2024-08.xlsx,2024-08-14T07:15:00,2024-08,FBA15JD0NPJ1,1M8XI8GC,WRO5,,1,70,
S02445,2024-08.xlsx,2024-08-14T07:38:00,2024-08,FBA15JD14D1Z,7KSMVTBN,XPO1,,1,10,
S02446,2024-08.xlsx,2024-08-14T07:50:00,2024-08,FBA15JD13DF9,3S6KRUFX,XPO1,,1,10,
S02447,2024-08.xlsx,2024-08-20T08:34:00,2024-08,FBA15JDM492S,3Q4BWJXO,XPO1,,1,14,
S02448,2024-08.xlsx,2024-08-20T09:33:00,2024-08,FBA15JDMP9RV,1Z1BQDZN,WRO5,,1,12,
S02449,2024-08.xlsx,2024-08-20T09:43:00,2024-08,FBA15JDMK74P,6FIYGCRI,WRO5,,1,12,
S02450,2024-08.xlsx,2024-08-20T09:55:00,2024-08,FBA15JDMPSVL,7IJ49KLD,WRO5,,1,12,
S02451,2024-08.xlsx,2024-08-20T10:54:00,2024-08,FBA15JDN1638,628W26AF,WRO5,,1,30,
S02452,2024-08.xlsx,2024-08-21T08:01:00,2024-08,FBA15JDRBQTX,3DSN467L,XPO1,,7,234,
S02453,2024-08.xlsx,2024-08-21T11:38:00,2024-08,FBA15JDSH7VJ,23XMBMXK,WRO5,,2,55,
S02454,2024-08.xlsx,2024-08-22T08:40:00,2024-08,FBA15JDXMRW1,2M8Z24GI,WRO5,,1,50,
S02455,2024-08.xlsx,2024-08-22T09:20:00,2024-08,FBA15JDXTZW8,1MEPZNBM,XPO1,,2,9,
S02456,2024-08.xlsx,2024-08-22T09:34:00,2024-08,FBA15JDY08T6,59SS7JOO,XPO1,,1,7,
S02457,2024-08.xlsx,2024-08-22T09:54:00,2024-08,FBA15JDY718R,342EV5JU,XPO1,,1,15,
S02458,2024-08.xlsx,2024-08-22T11:22:00,2024-08,FBA15JDYNXXF,4IJ36LGV,WRO5,,3,60,
S02459,2024-08.xlsx,2024-08-23T06:58:00,2024-08,FBA15JF0RLMW,1H4UM6VO,XPO1,,1,28,
S02460,2024-08.xlsx,2024-08-23T07:19:00,2024-08,FBA15JF0Y2V0,5VTUQO6J,XPO1,,3,55,
S02461,2024-08.xlsx,2024-08-23T07:33:00,2024-08,FBA15JF14R9N,4GKUNYJJ,WRO5,,2,76,
S02462,2024-08.xlsx,2024-08-23T07:59:00,2024-08,FBA15JF16YNC,7A5DYUAD,WRO5,,1,6,
S02463,2024-08.xlsx,2024-08-23T08:08:00,2024-08,FBA15JF1CQHL,3M78D4NV,WRO5,,1,6,
S02464,2024-08.xlsx,2024-08-23T08:37:00,2024-08,FBA15JF1DF01,8EWD6H4G,XPO1,,3,30,
S02465,2024-08.xlsx,2024-08-23T09:57:00,2024-08,FBA15JF20WYM,3JXNOX5J,LEJ3,,1,19,
S02466,2024-08.xlsx,2024-08-23T10:32:00,2024-08,FBA15JF2CTNM,2TL2D5GU,XPO1,,9,149,
S02467,2024-08.xlsx,2024-08-26T10:33:00,2024-08,FBA15JF87C29,3HVBL84U,WRO5,,5,96,
S02468,2024-08.xlsx,2024-08-27T06:11:00,2024-08,FBA15JFB7983,8P2TID4Y,WRO5,,1,35,
S02469,2024-08.xlsx,2024-08-27T06:24:00,2024-08,FBA15JFBF9QR,3JIAYOCC,XPO1,,1,14,
S02470,2024-08.xlsx,2024-08-27T06:29:00,2024-08,FBA15JFBW33S,3BXPBQIX,XPO1,,1,14,
S02471,2024-08.xlsx,2024-08-27T09:49:00,2024-08,FBA15JFCSW1G,23GDA8GG,WRO5,,7,86,
S02472,2024-08.xlsx,2024-08-28T07:44:00,2024-08,FBA15JFHJTZP,4ID2PIGC,WRO5,,1,70,
S02473,2024-08.xlsx,2024-08-28T10:41:00,2024-08,FBA15JFJNVDF,8EK5M3FX,WRO5,,2,85,
S02474,2024-08.xlsx,2024-08-30T08:09:00,2024-08,FBA15JFRYB8W,6AI9AYJM,XPO1,,13,188,
S02475,2024-08.xlsx,2024-08-30T11:31:00,2024-08,FBA15JFSW9P6,29E39AEQ,WRO5,,4,22,
S02476,2024-09.xlsx,2024-09-02T09:45:00,2024-09,FBA15JFZJD1L,683W548H,XPO1,,2,9,
S02477,2024-09.xlsx,2024-09-02T10:40:00,2024-09,FBA15JFZXKF9,75R6ZAEB,XPO1,,4,38,
S02478,2024-09.xlsx,2024-09-03T06:36:00,2024-09,FBA15JG399J9,2Q1WAO5P,XPO1,,3,19,
S02479,2024-09.xlsx,2024-09-03T07:30:00,2024-09,FBA15JG3HZJQ,5Q6Z3MIE,WRO5,,3,145,
S02480,2024-09.xlsx,2024-09-03T07:41:00,2024-09,FBA15JG3FRWZ,2XOVJ23Z,WRO5,,1,3,
S02481,2024-09.xlsx,2024-09-03T08:16:00,2024-09,FBA15JG3ZJNW,7MHVEGUW,XPO1,,2,9,
S02482,2024-09.xlsx,2024-09-05T09:44:00,2024-09,FBA15JGGLGF7,79IX3TKF,WRO5,,1,37,
S02483,2024-09.xlsx,2024-09-06T07:31:00,2024-09,FBA15JGKLDTG,4OB825AM,XPO1,,3,50,
S02484,2024-09.xlsx,2024-09-06T07:55:00,2024-09,FBA15JGKRV00,41M8IIKD,XPO1,,1,25,
S02485,2024-09.xlsx,2024-09-06T08:05:00,2024-09,FBA15JGKY14H,7CAVBQBI,XPO1,,1,6,
S02486,2024-09.xlsx,2024-09-06T08:27:00,2024-09,FBA15JGL4JZ8,2BW1EQIA,XPO1,,2,33,
S02487,2024-09.xlsx,2024-09-06T09:49:00,2024-09,FBA15JGM4F19,6MOIUCFM,WRO5,,7,78,
S02488,2024-09.xlsx,2024-09-09T09:43:00,2024-09,FBA15JGTMDXQ,6OPFJG8V,WRO5,,2,100,
S02489,2024-09.xlsx,2024-09-10T06:50:00,2024-09,FBA15JGYC99L,1VUDHMVT,XPO1,,9,134,
S02490,2024-09.xlsx,2024-09-11T06:14:00,2024-09,FBA15JH3B1GK,2L4T5B1F,WRO5,,3,98,
S02491,2024-09.xlsx,2024-09-11T06:44:00,2024-09,FBA15JH3H38V,49DGBJRC,XPO1,,1,7,
S02492,2024-09.xlsx,2024-09-11T07:04:00,2024-09,FBA15JH3HTSX,23SSOOON,WRO5,,1,34,
S02493,2024-09.xlsx,2024-09-11T11:24:00,2024-09,FBA15JH5BFT2,2N1WSQFX,WRO5,,4,88,
S02494,2024-09.xlsx,2024-09-12T07:43:00,2024-09,FBA15JH94PYD,7QO64BXF,WRO5,,2,10,
S02495,2024-09.xlsx,2024-09-12T07:57:00,2024-09,FBA15JH9157R,5SLJ4NXS,WRO5,,2,10,
S02496,2024-09.xlsx,2024-09-12T08:19:00,2024-09,FBA15JH9H7QQ,4NXXC29W,WRO5,,3,15,
S02497,2024-09.xlsx,2024-09-12T10:11:00,2024-09,FBA15JHBN42Y,1B8L1YCJ,WRO5,,3,24,
S02498,2024-09.xlsx,2024-09-12T10:30:00,2024-09,FBA15JHBVJ1Q,4ILN9E5H,WRO5,,6,212,
S02499,2024-09.xlsx,2024-09-17T06:17:00,2024-09,FBA15JHSMNK5,71XZE2AY,LEJ3,,1,19,
S02500,2024-09.xlsx,2024-09-17T06:34:00,2024-09,FBA15JHS12LB,14KF5EMH,XPO1,,1,20,
S02501,2024-09.xlsx,2024-09-17T06:50:00,2024-09,FBA15JHS54QN,343YIJUD,WRO5,,1,37,
S02502,2024-09.xlsx,2024-09-17T09:35:00,2024-09,FBA15JHSBTZJ,395EYXYM,XPO1,,14,243,
S02503,2024-09.xlsx,2024-09-17T10:31:00,2024-09,FBA15JHT5NTB,4AT3QC2P,XPO1,,1,14,
S02504,2024-09.xlsx,2024-09-18T06:19:00,2024-09,FBA15JHWQCPG,5N7RGUMO,WRO5,,1,37,
S02505,2024-09.xlsx,2024-09-18T07:50:00,2024-09,FBA15JHXHC74,64WF26BM,XPO1,,2,11,
S02506,2024-09.xlsx,2024-09-18T08:06:00,2024-09,FBA15JHXSYMH,67NY5LYZ,WRO5,,1,12,
S02507,2024-09.xlsx,2024-09-18T08:26:00,2024-09,FBA15JHXZSQ1,2XWT84HL,XPO1,,4,23,
S02508,2024-09.xlsx,2024-09-18T11:33:00,2024-09,FBA15JHZ8H0D,8E6PNSLA,WRO5,,2,60,
S02509,2024-09.xlsx,2024-09-19T08:00:00,2024-09,FBA15JJ2TQB5,2TD1RYRP,XPO1,,1,18,
S02510,2024-09.xlsx,2024-09-19T08:29:00,2024-09,FBA15JJ3FRJY,5TZIS95A,WRO5,,1,10,
S02511,2024-09.xlsx,2024-09-20T07:34:00,2024-09,FBA15JJ8FM7W,4YUFA5NL,XPO1,,5,33,
S02512,2024-09.xlsx,2024-09-20T07:56:00,2024-09,FBA15JJ8KMBZ,816AK2OI,WRO5,,4,63,
S02513,2024-09.xlsx,2024-09-20T08:18:00,2024-09,FBA15JJ8C492,1R4QM3GJ,XPO1,,10,159,
S02514,2024-09.xlsx,2024-09-23T09:28:00,2024-09,FBA15JJJH1KT,7XIWZ74J,WRO5,,1,170,
S02515,2024-09.xlsx,2024-09-23T09:36:00,2024-09,FBA15JJK04YG,57DFSQJA,WRO5,,1,120,
S02516,2024-09.xlsx,2024-09-23T09:45:00,2024-09,FBA15JJK0KWR,3ZF336AJ,XPO1,,1,7,
S02517,2024-09.xlsx,2024-09-24T08:24:00,2024-09,FBA15JJNS9G7,8U9RVK8J,WRO5,,7,180,
S02518,2024-09.xlsx,2024-09-24T08:53:00,2024-09,FBA15JJPG8PN,1QMPZ8YM,WRO5,,5,105,
S02519,2024-09.xlsx,2024-09-25T06:24:00,2024-09,FBA15JJT0C5R,2PDZW8FB,XPO1,,2,10,
S02520,2024-09.xlsx,2024-09-25T08:38:00,2024-09,FBA15JJV5T1K,3GQEI45Z,WRO5,,2,100,
S02521,2024-09.xlsx,2024-09-25T08:55:00,2024-09,FBA15JJVDFWV,1W4BJ9VY,XPO1,,2,17,
S02522,2024-09.xlsx,2024-09-26T07:31:00,2024-09,FBA15JJZGHZT,4OXKEPVV,WRO5,,2,58,
S02523,2024-09.xlsx,2024-09-26T07:43:00,2024-09,FBA15JJZK9S4,8IIUNL8B,WRO5,,1,2,
S02524,2024-09.xlsx,2024-09-26T10:25:00,2024-09,FBA15JK0Z085,77TNUS3K,WRO5,,2,27,
S02525,2024-09.xlsx,2024-09-27T06:08:00,2024-09,FBA15JK3JYHZ,6ZQO8SWV,WRO5,,2,30,
S02526,2024-09.xlsx,2024-09-30T11:27:00,2024-09,FBA15JKG2XD7,8GJ8L4UW,WRO5,,2,40,
S02527,2024-10.xlsx,2024-10-02T06:30:00,2024-10,FBA15JKLBJQK,2A45XMWW,XPO1,,2,10,
S02528,2024-10.xlsx,2024-10-02T07:34:00,2024-10,FBA15JKL697F,6L7E83PR,XPO1,,3,48,
S02529,2024-10.xlsx,2024-10-02T11:52:00,2024-10,FBA15JKMBG4J,6QDB3Y3B,WRO5,,6,112,
S02530,2024-10.xlsx,2024-10-03T11:51:00,2024-10,FBA15JKPJT2M,4XNX37MR,WRO5,,1,50,
S02531,2024-10.xlsx,2024-10-04T08:47:00,2024-10,FBA15JKR8YRZ,4U8ZJPPI,XPO1,,11,206,
S02532,2024-10.xlsx,2024-10-04T11:00:00,2024-10,FBA15JKS0MT5,1GE5UQBI,XPO1,,1,20,
S02533,2024-10.xlsx,2024-10-04T11:17:00,2024-10,FBA15JKRZNB0,19W8AU1P,WRO5,,1,37,
S02534,2024-10.xlsx,2024-10-04T12:07:00,2024-10,FBA15JKS127Y,4IWTSVZE,XPO1,,1,7,
S02535,2024-10.xlsx,2024-10-07T09:41:00,2024-10,FBA15JKYGHY6,34P69UKR,XPO1,,2,21,
S02536,2024-10.xlsx,2024-10-08T11:47:00,2024-10,FBA15JL3K68X,4RW4JD9Z,WRO2,,5,67,
S02537,2024-10.xlsx,2024-10-09T08:34:00,2024-10,FBA15JL713SW,43XDPEMZ,XPO1,,1,11,
S02538,2024-10.xlsx,2024-10-09T09:54:00,2024-10,FBA15JL7Q7J0,6BRJQB2D,POZ1,,4,43,
S02539,2024-10.xlsx,2024-10-09T10:33:00,2024-10,FBA15JL8BJW1,1R6W499Y,WRO2,,7,128,
S02540,2024-10.xlsx,2024-10-09T11:53:00,2024-10,FBA15JL8SXDN,68BYCZUB,XPO1,,3,38,
S02541,2024-10.xlsx,2024-10-10T06:26:00,2024-10,FBA15JLC4SP2,8WS9SEDK,XPO1,,2,23,
S02542,2024-10.xlsx,2024-10-10T07:24:00,2024-10,FBA15JLCGJHV,5NMVO7RM,WRO5,,6,45,
S02543,2024-10.xlsx,2024-10-11T06:28:00,2024-10,FBA15JLJW6V7,6JQ5BQLX,WRO5,,1,170,
S02544,2024-10.xlsx,2024-10-11T06:36:00,2024-10,FBA15JLJ5N3X,2ITQN3OT,WRO5,,1,36,
S02545,2024-10.xlsx,2024-10-11T09:41:00,2024-10,FBA15JLLFD1X,4HF3SO2N,WRO5,,1,34,
S02546,2024-10.xlsx,2024-10-14T09:52:00,2024-10,FBA15JLVCYLL,3WUE2PBY,XPO1,,2,15,
S02547,2024-10.xlsx,2024-10-14T11:00:00,2024-10,FBA15JLW2RNN,8ERZ9WVO,XPO1,,1,13,
S02548,2024-10.xlsx,2024-10-16T09:56:00,2024-10,FBA15JM4ZR0S,7BVIGUJD,XPO1,,8,176,
S02549,2024-10.xlsx,2024-10-16T11:53:00,2024-10,FBA15JM5N2P3,8IYTILVJ,XPO1,,2,25,
S02550,2024-10.xlsx,2024-10-16T12:09:00,2024-10,FBA15JM66YFK,68Y1WRZR,WRO5,,1,10,
S02551,2024-10.xlsx,2024-10-17T07:07:00,2024-10,FBA15JM92CL1,7V82MNKX,XPO1,,2,37,
S02552,2024-10.xlsx,2024-10-17T08:47:00,2024-10,FBA15JM9TBF4,73U6LSLG,WRO5,,3,57,
S02553,2024-10.xlsx,2024-10-17T09:33:00,2024-10,FBA15JMB2D8Y,8NX82KFA,XPO1,,1,6,
S02554,2024-10.xlsx,2024-10-17T09:54:00,2024-10,FBA15JMBCC36,4LIUKWWZ,WRO5,,1,12,
S02555,2024-10.xlsx,2024-10-17T10:02:00,2024-10,FBA15JMBF558,1KGRV84D,WRO5,,1,12,
S02556,2024-10.xlsx,2024-10-18T08:35:00,2024-10,FBA15JMFTGYN,1GSY7AUF,XPO1,,1,7,
S02557,2024-10.xlsx,2024-10-22T09:48:00,2024-10,FBA15JMVXH7H,55H1AA6U,XPO1,,1,12,
S02558,2024-10.xlsx,2024-10-22T10:05:00,2024-10,FBA15JMW2ZKH,3Y16JF1W,XPO1,,2,32,
S02559,2024-10.xlsx,2024-10-25T08:10:00,2024-10,FBA15JN9PZDX,3QBZAZUN,WRO5,,1,2,
S02560,2024-10.xlsx,2024-10-25T08:55:00,2024-10,FBA15JNB6HY0,2S6EEDEC,XPO1,,1,6,
S02561,2024-10.xlsx,2024-10-25T11:17:00,2024-10,FBA15JNBQTCD,76PQO2WB,WRO5,,5,85,
S02562,2024-10.xlsx,2024-10-28T10:28:00,2024-10,FBA15JNKGRZ6,86Y478IO,XPO1,,12,183,
S02563,2024-10.xlsx,2024-10-29T08:55:00,2024-10,FBA15JNQ7PK3,83NAKGJG,XPO1,,1,16,
S02564,2024-10.xlsx,2024-10-29T10:41:00,2024-10,FBA15JNQHHQ6,3IKV4Q8R,XPO1,,1,4,
S02565,2024-10.xlsx,2024-10-29T11:21:00,2024-10,FBA15JNR37KN,32Z9N6LK,WRO5,,8,147,
S02566,2024-10.xlsx,2024-10-29T11:43:00,2024-10,FBA15JNR3GVG,3WL7Q53W,XPO1,,1,14,
S02567,2024-10.xlsx,2024-10-29T12:07:00,2024-10,FBA15JNQYVW6,3GUH5OIG,XPO1,,1,21,
S02568,2024-10.xlsx,2024-10-30T08:33:00,2024-10,FBA15JNVPVNW,7DJBPJEA,XPO1,,1,10,
S02569,2024-10.xlsx,2024-10-30T09:33:00,2024-10,FBA15JNWGH68,1NWKKU8V,XPO1,,2,28,
S02570,2024-10.xlsx,2024-10-30T09:44:00,2024-10,FBA15JNWMG4J,3SPUJWEU,WRO5,,1,12,
S02571,2024-10.xlsx,2024-10-30T11:25:00,2024-10,FBA15JNWZVWB,2TC6454X,WRO5,,1,125,
S02572,2024-10.xlsx,2024-10-30T11:48:00,2024-10,FBA15JNX2S0J,7J9PZBIV,WRO5,,2,50,
S02573,2024-10.xlsx,2024-10-31T09:38:00,2024-10,FBA15JP0CBRH,6HR6MK7K,XPO1,,5,37,
S02574,2024-10.xlsx,2024-10-31T10:01:00,2024-10,FBA15JP0VGXC,8MXAWU7D,XPO1,,2,12,
S02575,2024-11.xlsx,2024-11-04T11:09:00,2024-11,FBA15JPCLB19,743HPXWG,XPO1,,4,38,
S02576,2024-11.xlsx,2024-11-04T11:33:00,2024-11,FBA15JPCQ1NT,7IUWUF3O,XPO1,,1,7,
S02577,2024-11.xlsx,2024-11-04T12:30:00,2024-11,FBA15JPCM1B8,82XOFZVJ,XPO1,,1,7,
S02578,2024-11.xlsx,2024-11-06T10:58:00,2024-11,FBA15JPP5RD8,55UEKTGR,WRO5,,1,12,
S02579,2024-11.xlsx,2024-11-06T11:12:00,2024-11,FBA15JPNRQF1,58BABVRY,WRO5,,1,12,
S02580,2024-11.xlsx,2024-11-06T12:17:00,2024-11,FBA15JPP5TM9,7G84B6AP,XPO1,,13,146,
S02581,2024-11.xlsx,2024-11-07T08:50:00,2024-11,FBA15JPSVYCM,3X7FN8PC,WRO5,,4,115,
S02582,2024-11.xlsx,2024-11-07T09:32:00,2024-11,FBA15JPSXB8Y,2MZL2FTL,XPO1,,1,11,
S02583,2024-11.xlsx,2024-11-07T09:44:00,2024-11,FBA15JPT2QVS,5O5DHM3V,XPO1,,1,11,
S02584,2024-11.xlsx,2024-11-07T11:12:00,2024-11,FBA15JPTPSJR,67FYXFSX,XPO1,,1,5,
S02585,2024-11.xlsx,2024-11-07T11:30:00,2024-11,FBA15JPTKY8B,4QHM3AOF,XPO1,,1,25,
S02586,2024-11.xlsx,2024-11-07T12:01:00,2024-11,FBA15JPTTYX2,2J8SEQPS,WRO5,,1,36,
S02587,2024-11.xlsx,2024-11-08T09:27:00,2024-11,FBA15JPYFV92,3PIP8T6J,XPO1,,10,141,
S02588,2024-11.xlsx,2024-11-12T10:20:00,2024-11,FBA15JQB220G,4N4U52AE,WRO5,,2,12,
S02589,2024-11.xlsx,2024-11-12T10:47:00,2024-11,FBA15JQBH5F5,4Y2BL7GI,WRO5,,1,2,
S02590,2024-11.xlsx,2024-11-12T10:54:00,2024-11,FBA15JQBGTFJ,3J7ZOK6U,WRO5,,1,2,
S02591,2024-11.xlsx,2024-11-12T11:54:00,2024-11,FBA15JQBJLC3,8Y2RPYAU,WRO5,,8,151,
S02592,2024-11.xlsx,2024-11-14T11:03:00,2024-11,FBA15JQN8JC3,4MSSKJGW,WRO5,,5,67,
S02593,2024-11.xlsx,2024-11-14T11:20:00,2024-11,FBA15JQN9FBV,1GPUMDOW,XPO1,,1,13,
S02594,2024-11.xlsx,2024-11-14T11:32:00,2024-11,FBA15JQNN8CM,58NF6CLA,XPO1,,1,13,
S02595,2024-11.xlsx,2024-11-15T10:30:00,2024-11,FBA15JQSH01X,4GZL92KX,WRO5,,2,17,
S02596,2024-11.xlsx,2024-11-15T10:53:00,2024-11,FBA15JQSSFQT,4NBFNFVI,WRO5,,2,65,
S02597,2024-11.xlsx,2024-11-15T11:14:00,2024-11,FBA15JQSHP53,7ULZ91NF,WRO5,,3,47,
S02598,2024-11.xlsx,2024-11-18T09:09:00,2024-11,FBA15JR06V0T,4K8C8ZSL,XPO1,,1,17,
S02599,2024-11.xlsx,2024-11-18T09:26:00,2024-11,FBA15JR03SPY,55PCE6JL,XPO1,,3,21,
S02600,2024-11.xlsx,2024-11-18T09:37:00,2024-11,FBA15JR05L9T,829D1SUE,XPO1,,1,6,
S02601,2024-11.xlsx,2024-11-18T09:57:00,2024-11,FBA15JR0L0ZY,8C9LUZRW,XPO1,,2,39,
S02602,2024-11.xlsx,2024-11-19T12:20:00,2024-11,FBA15JR5X33X,2BFSG21H,WRO5,,6,148,
S02603,2024-11.xlsx,2024-11-21T08:12:00,2024-11,FBA15JRFHZM0,4QKN8ADC,XPO1,,2,32,
S02604,2024-11.xlsx,2024-11-25T09:02:00,2024-11,FBA15JRTQTRD,32S9VQBF,XPO1,,2,42,
S02605,2024-11.xlsx,2024-11-26T08:37:00,2024-11,FBA15JRYZ9KQ,1K1K8A8D,WRO5,,4,120,
S02606,2024-11.xlsx,2024-11-27T12:36:00,2024-11,FBA15JS5S92V,4O2IF3OD,WRO5,,4,60,
S02607,2024-11.xlsx,2024-11-29T06:53:00,2024-11,FBA15JSDG9JH,82PEZ4EQ,XPO1,,11,201,
S02608,2024-11.xlsx,2024-11-29T13:08:00,2024-11,FBA15JSGTB9X,7FY1LCMQ,WRO5,,5,30,PACZKA KTÓRA IDZIE NA ANGLIE | Ona idzie przez magazyn przeładunkowy w niemczech i z tamtąd do magazynu w anglii
S02609,2024-11.xlsx,2024-11-20T11:10:00,2024-11,FBA15JRBDL16,5HRSGP8N,BHX4,,10,85,
S02610,2024-12.xlsx,2024-12-02T09:39:00,2024-12,FBA15JSNS92C,1893C53L,WRO5,,4,28,
S02611,2024-12.xlsx,2024-12-02T09:46:00,2024-12,FBA15JSP44GR,4FJAV5CP,WRO5,,5,35,
S02612,2024-12.xlsx,2024-12-02T10:22:00,2024-12,FBA15JSPBJY0,2WINRCPR,WRO5,,4,28,
S02613,2024-12.xlsx,2024-12-03T08:45:00,2024-12,FBA15JSSWWW1,3TZDS9IA,XPO1,,4,28,
S02614,2024-12.xlsx,2024-12-03T09:47:00,2024-12,FBA15JST6MGQ,5H3X1VFJ,WRO5,,1,2,
S02615,2024-12.xlsx,2024-12-03T09:55:00,2024-12,FBA15JSTQB1L,7A5G2Q9P,WRO5,,1,2,
S02616,2024-12.xlsx,2024-12-03T10:48:00,2024-12,FBA15JSTXYMH,7SLY9SON,XPO1,,1,50,
S02617,2024-12.xlsx,2024-12-03T13:05:00,2024-12,FBA15JSVJB7K,1IILN92S,WRO5,,1,8,
S02618,2024-12.xlsx,2024-12-03T13:19:00,2024-12,FBA15JSVHGL3,4HDBB7LV,XPO1,,1,5,
S02619,2024-12.xlsx,2024-12-03T13:26:00,2024-12,FBA15JSVMGT2,3RPQB1US,XPO1,,1,10,
S02620,2024-12.xlsx,2024-12-04T08:52:00,2024-12,FBA15JSZ67L5,4DBZWF1R,WRO5,,3,55,
S02621,2024-12.xlsx,2024-12-04T09:34:00,2024-12,FBA15JSZ6JK7,3I8R962U,XPO1,,4,152,
S02622,2024-12.xlsx,2024-12-05T07:54:00,2024-12,FBA15JT34DVZ,3TQGKVEQ,XPO1,,1,7,
S02623,2024-12.xlsx,2024-12-05T08:13:00,2024-12,FBA15JT35SK6,2N6CZD8M,XPO1,,1,7,
S02624,2024-12.xlsx,2024-12-05T08:27:00,2024-12,FBA15JT38BSZ,5MKWPDFL,XPO1,,1,13,
S02625,2024-12.xlsx,2024-12-05T08:56:00,2024-12,FBA15JT3MN8H,77XQBY3W,XPO1,,2,22,
S02626,2024-12.xlsx,2024-12-06T08:27:00,2024-12,FBA15JT82R1C,42WAMCLS,WRO5,,1,36,
S02627,2024-12.xlsx,2024-12-06T09:03:00,2024-12,FBA15JT841ZD,1URYYYNV,WRO5,,3,98,
S02628,2024-12.xlsx,2024-12-11T07:44:00,2024-12,FBA15JTRJ8NX,863F71BV,XPO1,,11,177,
S02629,2024-12.xlsx,2024-12-11T09:00:00,2024-12,FBA15JTTD6DN,8ZM7LWIP,XPO1,,1,11,
S02630,2024-12.xlsx,2024-12-11T09:28:00,2024-12,FBA15JTTGZ5C,26RADDSV,WRO5,,5,69,
S02631,2024-12.xlsx,2024-12-13T08:14:00,2024-12,FBA15JV35ZYK,4L8Y4ZID,WRO5,,1,36,
S02632,2024-12.xlsx,2024-12-13T08:22:00,2024-12,FBA15JV2RYMC,5JZQHODY,WRO5,,1,70,
S02633,2024-12.xlsx,2024-12-13T08:37:00,2024-12,FBA15JV2SR50,1D8IOPGR,WRO5,,1,120,
S02634,2024-12.xlsx,2024-12-16T07:46:00,2024-12,FBA15JV9Q2QY,3J8B3F5N,XPO1,,2,45,
S02635,2024-12.xlsx,2024-12-16T08:23:00,2024-12,FBA15JV9XWR7,4DZZ6OVB,XPO1,,4,61,
S02636,2024-12.xlsx,2024-12-16T08:29:00,2024-12,FBA15JVB5HF1,864X2U5V,WRO5,,1,60,
S02637,2024-12.xlsx,2024-12-17T07:31:00,2024-12,FBA15JVGQQGD,6PYUSDEG,WRO5,,2,17,
S02638,2024-12.xlsx,2024-12-17T11:57:00,2024-12,FBA15JVJHG09,479NSHUF,XPO1,,2,13,
S02639,2024-12.xlsx,2024-12-17T12:46:00,2024-12,FBA15JVJSK6P,18XLA85L,XPO1,,6,139,
S02640,2024-12.xlsx,2024-12-19T08:26:00,2024-12,FBA15JVSRTHK,3RLZKXIB,WRO5,,6,85,
S02641,2024-12.xlsx,2024-12-19T08:36:00,2024-12,FBA15JVSYDZM,4F8SAXYK,XPO1,,1,16,
S02642,2024-12.xlsx,2024-12-19T08:52:00,2024-12,FBA15JVT4TNB,7GBW2LJB,XPO1,,2,16,
S02643,2024-12.xlsx,2024-12-19T09:09:00,2024-12,FBA15JVT8WL6,7U74K4GX,WRO5,,2,22,
S02644,2024-12.xlsx,2024-12-19T09:16:00,2024-12,FBA15JVSZQFT,3ALV2IQJ,XPO1,,1,21,
S02645,2024-12.xlsx,2024-12-19T09:40:00,2024-12,FBA15JVTJ9NG,3A54JMFV,WRO5,,2,85,
S02646,2024-12.xlsx,2024-12-19T12:53:00,2024-12,FBA15JVVGCXT,4EMPGX3M,XPO1,,8,171,
S02647,2024-12.xlsx,2024-12-20T10:48:00,2024-12,FBA15JVZFYVJ,2AMJ2PMN,XPO1,,2,10,
S02648,2024-12.xlsx,2024-12-20T11:20:00,2024-12,FBA15JVZFHP5,4H1FUPBX,WRO5,,2,18,
S02649,2024-12.xlsx,2024-12-23T08:42:00,2024-12,FBA15JW5LV22,3P73HW9N,XPO1,,1,6,
S02650,2024-12.xlsx,2024-12-23T09:43:00,2024-12,FBA15JW5V59L,1FW5HMHN,XPO1,,2,8,
S02651,2024-12.xlsx,2024-12-23T09:52:00,2024-12,FBA15JW5VB3M,4SR2YKRY,XPO1,,1,6,
S02652,2024-12.xlsx,2024-12-27T08:33:00,2024-12,FBA15JWM86T5,6BDDKFYV,XPO1,,2,17,
S02653,2024-12.xlsx,2024-12-27T09:29:00,2024-12,FBA15JWMDGSS,1LMZNY2Z,WRO5,,5,110,
S02654,2024-12.xlsx,2024-12-27T09:44:00,2024-12,FBA15JWMPL5Z,4OLAGXRR,WRO5,,1,12,
S02655,2024-12.xlsx,2024-12-30T12:10:00,2024-12,FBA15JWV92SQ,3FEKXRFF,XPO1,,4,26,
S02656,2024-12.xlsx,2024-12-31T07:56:00,2024-12,FBA15JWY33N8,3AANMHAY,WRO5,,1,34,
S02657,2025-01.xlsx,2025-01-02T09:52:00,2025-01,FBA15JX32D5Z,2GZUBQ1N,XPO1,,7,165,
S02658,2025-01.xlsx,2025-01-02T13:04:00,2025-01,FBA15JX40VGL,1NW7SCVY,WRO5,,5,48,
S02659,2025-01.xlsx,2025-01-03T10:32:00,2025-01,FBA15JX7DF4V,4TEH1XUQ,XPO1,,1,14,
S02660,2025-01.xlsx,2025-01-22T07:18:00,2025-01,FBA15JZL01C0,1GW4DFBB,WRO5,,1,7,
S02661,2025-01.xlsx,2025-01-22T08:11:00,2025-01,FBA15JZL37FM,3421BYJS,WRO5,,3,63,
S02662,2025-01.xlsx,2025-01-22T08:46:00,2025-01,FBA15JZLBG17,6U31EKOY,XPO1,,1,10,
S02663,2025-01.xlsx,2025-01-22T09:18:00,2025-01,FBA15JZLRCPW,2X45UYXK,XPO1,,1,6,
S02664,2025-01.xlsx,2025-01-22T12:29:00,2025-01,FBA15JZMCPVF,6TZFLVXS,WRO5,,4,110,
S02665,2025-01.xlsx,2025-01-22T13:45:00,2025-01,FBA15JZMMD3W,67BG3A8J,WRO5,,5,35,
S02666,2025-01.xlsx,2025-01-22T13:45:00,2025-01,FBA15JZMKYC4,4Y6HWLCB,XPO1,,4,35,
S02667,2025-01.xlsx,2025-01-27T09:13:00,2025-01,FBA15JZW30HH,59UAQBZO,WRO5,,1,60,
S02668,2025-01.xlsx,2025-01-27T10:36:00,2025-01,FBA15JZW5WFX,6WAPEXBC,WRO5,,9,250,
S02669,2025-01.xlsx,2025-01-27T11:25:00,2025-01,FBA15JZWMWTQ,8WQGEVFM,WRO5,,5,90,
S02670,2025-01.xlsx,2025-01-27T11:50:00,2025-01,FBA15JZWGSK8,1KHTRX2A,XPO1,,1,25,
S02671,2025-01.xlsx,2025-01-27T12:19:00,2025-01,FBA15JZWSV1D,19O39FCS,XPO1,,1,15,
S02672,2025-01.xlsx,2025-01-28T10:29:00,2025-01,FBA15JZYB3PW,5QGL7IQL,XPO1,,1,16,
S02673,2025-01.xlsx,2025-01-28T11:15:00,2025-01,FBA15JZYNR7C,3568GDVN,XPO1,,1,18,
S02674,2025-01.xlsx,2025-01-28T12:23:00,2025-01,FBA15JZYZSNK,6124EC5N,XPO1,,1,10,
S02675,2025-01.xlsx,2025-01-29T07:13:00,2025-01,FBA15JZZZYGK,7QBQYIYO,XPO1,,13,202,
S02676,2025-01.xlsx,2025-01-29T09:03:00,2025-01,FBA15K002ZZW,2N8AVXYG,WRO5,,3,30,
S02677,2025-01.xlsx,2025-01-29T09:43:00,2025-01,FBA15K00DYMM,42MNFZWZ,XPO1,,1,6,
S02678,2025-01.xlsx,2025-01-29T09:50:00,2025-01,FBA15K009YPZ,73MCBASR,XPO1,,1,6,
S02679,2025-01.xlsx,2025-01-29T11:08:00,2025-01,FBA15K00J3C9,7BRLYKMA,XPO1,,6,29,
S02680,2025-01.xlsx,2025-01-29T11:43:00,2025-01,FBA15K00Q9P7,6AXDEZFX,WRO5,,5,30,
S02681,2025-01.xlsx,2025-01-29T13:31:00,2025-01,FBA15K0103KL,8OI7G16Z,WRO5,,8,180,
S02682,2025-01.xlsx,2025-01-30T09:19:00,2025-01,FBA15K02852D,7BI2WJLV,WRO5,,6,51,
S02683,2025-01.xlsx,2025-01-30T09:55:00,2025-01,FBA15K0265T1,5RH1GSNY,WRO5,,6,82,
S02684,2025-01.xlsx,2025-01-30T11:17:00,2025-01,FBA15K02NXL1,8SQOAINO,WRO5,,4,200,
S02685,2025-01.xlsx,2025-01-31T06:49:00,2025-01,FBA15K03WHQD,36YIUXIT,XPO1,,1,10,
S02686,2025-01.xlsx,2025-01-31T08:11:00,2025-01,FBA15K044BCZ,6K99WWNF,XPO1,,1,10,
S02687,2025-01.xlsx,2025-01-31T08:28:00,2025-01,FBA15K03WN09,32X5OW7Q,XPO1,,1,60,
S02688,2025-01.xlsx,2025-01-31T08:46:00,2025-01,FBA15K042JSR,1OYC6TET,XPO1,,1,6,
S02689,2025-01.xlsx,2025-01-31T09:02:00,2025-01,FBA15K040RQ0,2I191D4T,XPO1,,2,23,
S02690,2025-01.xlsx,2025-01-31T11:39:00,2025-01,FBA15K04S9B2,8BR3TI2S,WRO5,,1,60,
S02691,2025-02.xlsx,2025-02-03T10:28:00,2025-02,FBA15K073N7D,826UADGI,XPO1,,2,25,
S02692,2025-02.xlsx,2025-02-03T12:14:00,2025-02,FBA15K07FQT2,3B74LGBT,XPO1,,4,44,
S02693,2025-02.xlsx,2025-02-04T08:27:00,2025-02,FBA15K08ZL12,7YAZUXLI,XPO1,,3,19,
S02694,2025-02.xlsx,2025-02-04T09:00:00,2025-02,FBA15K0962ZQ,5EGZMWFH,WRO5,,4,50,
S02695,2025-02.xlsx,2025-02-04T09:23:00,2025-02,FBA15K097K97,5N9DHRQH,XPO1,,1,21,
S02696,2025-02.xlsx,2025-02-04T09:40:00,2025-02,FBA15K098426,1WTTIVSB,XPO1,,1,14,
S02697,2025-02.xlsx,2025-02-04T09:52:00,2025-02,FBA15K0933HM,8QNWCYDH,XPO1,,1,6,
S02698,2025-02.xlsx,2025-02-04T10:56:00,2025-02,FBA15K09JYX7,7A2AE6OI,WRO5,,3,145,
S02699,2025-02.xlsx,2025-02-05T09:28:00,2025-02,FBA15K0DJH9W,8R2ZR3ZX,XPO1,,13,201,
S02700,2025-02.xlsx,2025-02-06T08:33:00,2025-02,FBA15K0H51P7,2D3M76ST,WRO5,,5,50,
S02701,2025-02.xlsx,2025-02-06T09:01:00,2025-02,FBA15K0HFDTS,2JUGMMMN,WRO5,,8,65,
S02702,2025-02.xlsx,2025-02-06T09:56:00,2025-02,FBA15K0HM2L5,66QLBQTA,XPO1,,5,27,
S02703,2025-02.xlsx,2025-02-06T11:04:00,2025-02,FBA15K0HVHR0,5QXZXKDP,WRO5,,2,135,
S02704,2025-02.xlsx,2025-02-07T08:02:00,2025-02,FBA15K0LDJC2,7DEFC4MU,XPO1,,5,53,
S02705,2025-02.xlsx,2025-02-07T10:45:00,2025-02,FBA15K0LZRR5,2ML6X6JD,WRO5,,2,40,
S02706,2025-02.xlsx,2025-02-07T12:41:00,2025-02,FBA15K0MQPS3,8V64WQXL,WRO5,,3,35,
S02707,2025-02.xlsx,2025-02-10T07:27:00,2025-02,FBA15K0RM1B6,41F8L77K,XPO1,,1,12,
S02708,2025-02.xlsx,2025-02-10T07:53:00,2025-02,FBA15K0RG2H5,53VE2R3S,XPO1,,1,11,
S02709,2025-02.xlsx,2025-02-10T08:33:00,2025-02,FBA15K0RMY1K,24QMFWBX,WRO5,,4,118,
S02710,2025-02.xlsx,2025-02-10T09:43:00,2025-02,FBA15K0S294B,2TKQVQGE,XPO1,,2,48,
S02711,2025-02.xlsx,2025-02-10T11:03:00,2025-02,FBA15K0ST99Q,3VGQKLQR,WRO5,,5,70,
S02712,2025-02.xlsx,2025-02-10T11:29:00,2025-02,FBA15K0SR8LV,5573JY9V,WRO5,,1,16,
S02713,2025-02.xlsx,2025-02-10T13:59:00,2025-02,FBA15K0T602J,5CCV5TFD,XPO1,,3,51,
S02714,2025-02.xlsx,2025-02-11T07:28:00,2025-02,FBA15K0WBN1P,5HQX89JB,XPO1,,2,39,
S02715,2025-02.xlsx,2025-02-11T07:47:00,2025-02,FBA15K0WHBK0,32IOMDPG,XPO1,,1,10,
S02716,2025-02.xlsx,2025-02-11T08:36:00,2025-02,FBA15K0WSSSZ,4M32BQXB,XPO1,,1,16,
S02717,2025-02.xlsx,2025-02-11T08:43:00,2025-02,FBA15K0WNNVJ,4YEHWQOF,XPO1,,1,16,
S02718,2025-02.xlsx,2025-02-11T09:10:00,2025-02,FBA15K0WYB0F,5ER1ITIR,XPO1,,1,4,
S02719,2025-02.xlsx,2025-02-11T09:48:00,2025-02,FBA15K0X5NLX,1KEKFSWQ,WRO5,,1,21,
S02720,2025-02.xlsx,2025-02-11T10:59:00,2025-02,FBA15K0XPQSS,8TA18A6G,XPO1,,2,20,
S02721,2025-02.xlsx,2025-02-11T13:19:00,2025-02,FBA15K0Y4CGC,6QVGDZFT,XPO1,,14,169,
S02722,2025-02.xlsx,2025-02-12T13:08:00,2025-02,FBA15K11YC98,4XTKOZOC,WRO5,,3,77,
S02723,2025-02.xlsx,2025-02-13T10:28:00,2025-02,FBA15K153SVB,3C1L1CZD,WRO5,,7,190,
S02724,2025-02.xlsx,2025-02-13T10:39:00,2025-02,FBA15K154YKF,48OFJFHA,WRO5,,1,16,
S02725,2025-02.xlsx,2025-02-13T10:59:00,2025-02,FBA15K150V3G,56ASX2DM,WRO5,,1,22,
S02726,2025-02.xlsx,2025-02-13T11:22:00,2025-02,FBA15K155M8C,2XQDDG8X,WRO5,,1,36,
S02727,2025-02.xlsx,2025-02-14T11:00:00,2025-02,FBA15K19P5FB,5BKWCHTL,XPO1,,13,218,
S02728,2025-02.xlsx,2025-02-17T09:32:00,2025-02,FBA15K1GL7Y0,15VD94UI,WRO5,,1,11,
S02729,2025-02.xlsx,2025-02-17T11:29:00,2025-02,FBA15K1H0JF4,7ARJVWBX,XPO1,,1,10,
S02730,2025-02.xlsx,2025-02-17T12:14:00,2025-02,FBA15K1H7RFN,1GKKVORM,WRO5,,1,10,
S02731,2025-02.xlsx,2025-02-18T08:34:00,2025-02,FBA15K1L97Z4,6BXERIQX,WRO5,,2,28,
S02732,2025-02.xlsx,2025-02-18T09:06:00,2025-02,FBA15K1LHBQR,4OU33P2I,WRO5,,5,80,
S02733,2025-02.xlsx,2025-02-18T09:56:00,2025-02,FBA15K1LLZ8S,43JEZI8R,WRO5,,1,34,
S02734,2025-02.xlsx,2025-02-18T10:50:00,2025-02,FBA15K1M06RN,7TWBVU4H,WRO5,,7,60,
S02735,2025-02.xlsx,2025-02-19T08:09:00,2025-02,FBA15K1Q91RR,7BLBX4PI,XPO1,,6,49,
S02736,2025-02.xlsx,2025-02-19T08:57:00,2025-02,FBA15K1QF5PK,5X7DN7BE,XPO1,,7,109,
S02737,2025-02.xlsx,2025-02-20T09:05:00,2025-02,FBA15K1VJLBX,81FGZI9I,WRO5,,1,10,
S02738,2025-02.xlsx,2025-02-20T09:44:00,2025-02,FBA15K1W7N3P,7Z1B5M8A,WRO5,,1,60,
S02739,2025-02.xlsx,2025-02-20T09:58:00,2025-02,FBA15K1W6YPT,5ZCCGWON,WRO5,,2,11,
S02740,2025-02.xlsx,2025-02-20T10:54:00,2025-02,FBA15K1WC4VN,1GMFYHPQ,WRO5,,1,12,
S02741,2025-02.xlsx,2025-02-20T11:06:00,2025-02,FBA15K1W9ZQ0,7SIEJ3WI,WRO5,,1,12,
S02742,2025-02.xlsx,2025-02-20T11:14:00,2025-02,FBA15K1WKFX3,3QS16LLP,WRO5,,1,12,
S02743,2025-02.xlsx,2025-02-21T08:46:00,2025-02,FBA15K1ZJWJ9,64SFQCXR,XPO1,,10,197,
S02744,2025-02.xlsx,2025-02-21T12:33:00,2025-02,FBA15K20S1Q0,7MSJH4KU,WRO5,,5,144,
S02745,2025-02.xlsx,2025-02-25T07:31:00,2025-02,FBA15K28WQ9P,6N6INGPK,WRO5,,3,60,
S02746,2025-02.xlsx,2025-02-25T07:38:00,2025-02,FBA15K294T6R,6DGE9MKN,XPO1,,2,22,
S02747,2025-02.xlsx,2025-02-25T08:16:00,2025-02,FBA15K291PFR,89TS1WCV,WRO5,,6,51,
S02748,2025-02.xlsx,2025-02-25T08:25:00,2025-02,FBA15K290NYM,6416QCYR,XPO1,,1,24,
S02749,2025-02.xlsx,2025-02-25T09:05:00,2025-02,FBA15K29TC8S,2WM65Y6J,XPO1,,2,48,
S02750,2025-02.xlsx,2025-02-25T10:26:00,2025-02,FBA15K2B9SSB,6GVW6G8M,XPO1,,2,26,
S02751,2025-02.xlsx,2025-02-25T11:19:00,2025-02,FBA15K2BJYJJ,1K96VXNT,XPO1,,4,30,
S02752,2025-02.xlsx,2025-02-26T06:45:00,2025-02,FBA15K2DWJHK,161TJPYM,XPO1,,1,13,
S02753,2025-02.xlsx,2025-02-26T07:46:00,2025-02,FBA15K2FMRW5,8TSJ6OYD,WRO5,,4,55,
S02754,2025-02.xlsx,2025-02-26T08:12:00,2025-02,FBA15K2FLLKC,4ZTZXBIU,XPO1,,1,6,
S02755,2025-02.xlsx,2025-02-26T08:37:00,2025-02,FBA15K2FMQVK,7DBL76RZ,XPO1,,1,6,
S02756,2025-02.xlsx,2025-02-26T08:46:00,2025-02,FBA15K2FRF80,39ALATRZ,XPO1,,1,14,
S02757,2025-02.xlsx,2025-02-26T09:04:00,2025-02,FBA15K2G6818,35VBBDXN,XPO1,,1,18,
S02758,2025-02.xlsx,2025-02-26T09:48:00,2025-02,FBA15K2GNY22,6VSK5F2D,WRO5,,3,20,
S02759,2025-02.xlsx,2025-02-26T10:27:00,2025-02,FBA15K2GL20F,3ZFMNAPS,XPO1,,1,21,
S02760,2025-02.xlsx,2025-02-26T10:53:00,2025-02,FBA15K2GKSL4,3TPH99EL,WRO5,,1,57,
S02761,2025-02.xlsx,2025-02-27T08:07:00,2025-02,FBA15K2L9T05,5BDJ92CL,WRO5,,5,207,
S02762,2025-02.xlsx,2025-02-27T08:57:00,2025-02,FBA15K2LVCF9,6LF2GX9V,WRO5,,1,34,
S02763,2025-02.xlsx,2025-02-27T12:54:00,2025-02,FBA15K2MZZLB,21MIFGBD,WRO5,,1,190,
S02764,2025-02.xlsx,2025-02-28T07:30:00,2025-02,FBA15K2Q998Y,4RMG574U,WRO5,,3,120,
S02765,2025-02.xlsx,2025-02-28T08:10:00,2025-02,FBA15K2QCNMH,7M6ZKVOL,WRO5,,3,65,
S02766,2025-02.xlsx,2025-02-28T08:50:00,2025-02,FBA15K2QQMC3,6T9MRODA,WRO5,,3,65,
S02767,2025-02.xlsx,2025-02-28T08:59:00,2025-02,FBA15K2QTN64,3ALU68BU,XPO1,,1,27,
S02768,2025-02.xlsx,2025-02-28T09:55:00,2025-02,FBA15K2R5N0Y,7Z2M8KTJ,XPO1,,2,64,
S02769,2025-02.xlsx,2025-02-28T10:24:00,2025-02,FBA15K2RDC92,4S4O3MGQ,XPO1,,2,42,
S02770,2025-02.xlsx,2025-02-28T10:31:00,2025-02,FBA15K2RH0L1,6DRMGD3S,XPO1,,1,20,
S02771,2025-02.xlsx,2025-02-28T10:53:00,2025-02,FBA15K2R8T10,8BZ55C1H,XPO1,,3,27,
S02772,2025-02.xlsx,2025-02-28T11:22:00,2025-02,FBA15K2RQKL7,2ZGFQTAN,XPO1,,2,58,
S02773,2025-03.xlsx,2025-03-03T09:11:00,2025-03,FBA15K2XJFBN,8DRHT77I,XPO1,,1,16,
S02774,2025-03.xlsx,2025-03-03T09:45:00,2025-03,FBA15K2XSZ6M,8TQMBJPP,WRO5,,7,97,
S02775,2025-03.xlsx,2025-03-03T10:27:00,2025-03,FBA15K2XTRRX,5X4ZPU2F,WRO5,,1,50,
S02776,2025-03.xlsx,2025-03-03T10:40:00,2025-03,FBA15K2Y0MLP,7BLJSG7P,WRO5,,1,36,
S02777,2025-03.xlsx,2025-03-03T10:51:00,2025-03,FBA15K2Y6W5Z,4A2JS58M,WRO5,,2,48,
S02778,2025-03.xlsx,2025-03-04T09:04:00,2025-03,FBA15K31RRMZ,8Z3LCROJ,XPO1,,13,181,
S02779,2025-03.xlsx,2025-03-05T07:29:00,2025-03,FBA15K35DXBP,5GK6IRDS,WRO5,,4,20,
S02780,2025-03.xlsx,2025-03-05T08:14:00,2025-03,FBA15K35NYY3,1UJ39JKI,WRO5,,9,44,
S02781,2025-03.xlsx,2025-03-05T08:26:00,2025-03,FBA15K35X0BF,7U6V171E,WRO5,,1,4,
S02782,2025-03.xlsx,2025-03-05T09:25:00,2025-03,FBA15K36446J,86UJVETX,WRO5,,1,5,
S02783,2025-03.xlsx,2025-03-05T09:46:00,2025-03,FBA15K36FDT0,8PLV6MOZ,XPO1,,4,37,
S02784,2025-03.xlsx,2025-03-05T10:23:00,2025-03,FBA15K36PFDG,6DWK8JLR,XPO1,,2,30,
S02785,2025-03.xlsx,2025-03-05T12:44:00,2025-03,FBA15K37CB5R,5UX3F9NS,WRO5,,1,56,
S02786,2025-03.xlsx,2025-03-07T09:29:00,2025-03,FBA15K3HKL1T,1SMGN7LQ,XPO1,,3,104,
S02787,2025-03.xlsx,2025-03-10T10:39:00,2025-03,FBA15K3PQ1SX,2H7OWJ5Y,WRO5,,5,130,
S02788,2025-03.xlsx,2025-03-10T10:47:00,2025-03,FBA15K3PRLXJ,5FVMWKNV,WRO5,,1,28,
S02789,2025-03.xlsx,2025-03-10T10:59:00,2025-03,FBA15K3PS8GY,19DI1UXH,WRO5,,1,170,
S02790,2025-03.xlsx,2025-03-12T08:06:00,2025-03,FBA15K3ZD04B,6BP2M7AP,XPO1,,1,14,
S02791,2025-03.xlsx,2025-03-12T08:48:00,2025-03,FBA15K3ZM5KT,7R8T6CKD,XPO1,,3,200,
S02792,2025-03.xlsx,2025-03-13T07:40:00,2025-03,FBA15K43RDJ1,7J4BANQV,XPO1,,1,10,
S02793,2025-03.xlsx,2025-03-13T07:51:00,2025-03,FBA15K43VTGK,8LFWCB9I,XPO1,,1,10,
S02794,2025-03.xlsx,2025-03-13T09:02:00,2025-03,FBA15K44D6SM,8VUJGIYC,XPO1,,1,20,
S02795,2025-03.xlsx,2025-03-13T09:10:00,2025-03,FBA15K44BH1T,39K343QE,XPO1,,1,20,
S02796,2025-03.xlsx,2025-03-13T09:36:00,2025-03,FBA15K44KRQ9,65BMPWFU,XPO1,,2,41,
S02797,2025-03.xlsx,2025-03-13T09:44:00,2025-03,FBA15K44G2N5,1WYSL92T,XPO1,,1,24,
S02798,2025-03.xlsx,2025-03-13T10:19:00,2025-03,FBA15K44S962,79P7WCUP,XPO1,,1,27,
S02799,2025-03.xlsx,2025-03-13T10:30:00,2025-03,FBA15K44W33X,1GWFLS4Y,XPO1,,1,14,
S02800,2025-03.xlsx,2025-03-13T10:41:00,2025-03,FBA15K4546K3,732TVDAW,XPO1,,1,21,
S02801,2025-03.xlsx,2025-03-13T12:53:00,2025-03,FBA15K45NT6Y,5GLVQ72R,XPO1,,4,104,
S02802,2025-03.xlsx,2025-03-14T07:58:00,2025-03,FBA15K488NJF,41ICFCWN,WRO5,,3,49,
S02803,2025-03.xlsx,2025-03-14T08:09:00,2025-03,FBA15K47Z9B9,2BUYTLST,WRO5,,1,30,
S02804,2025-03.xlsx,2025-03-14T11:21:00,2025-03,FBA15K49GSR5,8YYT3SCM,WRO5,,2,160,
S02805,2025-03.xlsx,2025-03-18T07:23:00,2025-03,FBA15K4L0W3W,6WE2VDIP,XPO1,,1,21,
S02806,2025-03.xlsx,2025-03-18T08:23:00,2025-03,FBA15K4LK0YP,4QOJ17WH,XPO1,,6,94,
S02807,2025-03.xlsx,2025-03-18T09:48:00,2025-03,FBA15K4M4K5Z,668MP8OC,XPO1,,5,226,
S02808,2025-03.xlsx,2025-03-18T13:05:00,2025-03,FBA15K4N0654,2CT4Y25P,XPO1,,2,58,
S02809,2025-03.xlsx,2025-03-19T07:16:00,2025-03,FBA15K4QTTN3,4THDTA5G,XPO1,,1,30,
S02810,2025-03.xlsx,2025-03-19T07:34:00,2025-03,FBA15K4QS5GN,27QOFUMJ,XPO1,,1,18,
S02811,2025-03.xlsx,2025-03-19T07:58:00,2025-03,FBA15K4R0KDF,32KT1BFE,XPO1,,1,14,
S02812,2025-03.xlsx,2025-03-19T09:38:00,2025-03,FBA15K4S2C2V,5PPR4OHR,WRO5,,2,124,
S02813,2025-03.xlsx,2025-03-19T13:04:00,2025-03,FBA15K4T0J3C,1NJP3BZG,WRO5,,12,165,
S02814,2025-03.xlsx,2025-03-19T13:52:00,2025-03,FBA15K4TCCX0,38ZM92ZZ,XPO1,,5,105,
S02815,2025-03.xlsx,2025-03-20T09:44:00,2025-03,FBA15K4XS3KR,21T4HBLG,WRO5,,3,97,
S02816,2025-03.xlsx,2025-03-20T10:22:00,2025-03,FBA15K4XT7X7,8958QUXR,XPO1,,3,27,
S02817,2025-03.xlsx,2025-03-20T11:36:00,2025-03,FBA15K4Y5TKY,7THIGG1Q,WRO5,,3,110,
S02818,2025-03.xlsx,2025-03-21T08:40:00,2025-03,FBA15K519KPV,7ZJA9CCE,XPO1,,4,174,
S02819,2025-03.xlsx,2025-03-21T10:32:00,2025-03,FBA15K52625Y,1KL81B9Q,XPO1,,6,144,
S02820,2025-03.xlsx,2025-03-24T10:45:00,2025-03,FBA15K583ZMG,8MMLUC9J,WRO5,,3,50,
S02821,2025-03.xlsx,2025-03-25T09:40:00,2025-03,FBA15K5D0QP9,3NYR5HOP,WRO5,,6,70,
S02822,2025-03.xlsx,2025-03-25T10:42:00,2025-03,FBA15K5D9BRN,3MZWRHPW,WRO5,,2,150,
S02823,2025-03.xlsx,2025-03-25T10:58:00,2025-03,FBA15K5DJSHK,4XCKACSQ,XPO1,,2,85,
S02824,2025-03.xlsx,2025-03-26T08:29:00,2025-03,FBA15K5HXYQN,14V3VWMP,XPO1,,3,107,
S02825,2025-03.xlsx,2025-03-27T07:17:00,2025-03,FBA15K5NKT7T,5UUFLRAY,WRO5,,1,34,
S02826,2025-03.xlsx,2025-03-27T07:59:00,2025-03,FBA15K5P0VZK,4X3JAKKJ,XPO1,,1,26,
S02827,2025-03.xlsx,2025-03-27T08:36:00,2025-03,FBA15K5P354C,39QIOABT,XPO1,,7,144,
S02828,2025-03.xlsx,2025-03-27T12:39:00,2025-03,FBA15K5QKD6W,6ZMC6IYN,XPO1,,4,30,
S02829,2025-03.xlsx,2025-03-28T08:06:00,2025-03,FBA15K5SYGG3,4XJM3VTR,XPO1,,6,140,
S02830,2025-03.xlsx,2025-03-28T09:30:00,2025-03,FBA15K5TL2MN,5D2XZBLL,XPO1,,1,9,
S02831,2025-03.xlsx,2025-03-31T08:11:00,2025-03,FBA15K5ZXFF0,3HWURZBS,WRO5,,1,28,
S02832,2025-03.xlsx,2025-03-31T08:24:00,2025-03,FBA15K5ZTZ9N,2MCADVVC,XPO1,,1,13,
S02833,2025-03.xlsx,2025-03-31T08:36:00,2025-03,FBA15K6047X4,8U84M67S,WRO5,,2,35,
S02834,2025-03.xlsx,2025-03-31T10:27:00,2025-03,FBA15K60ZLB5,5FOFWDAB,WRO5,,2,35,
S02835,2025-03.xlsx,2025-03-31T10:45:00,2025-03,FBA15K60Z7CT,7HGZ8P3I,WRO5,,1,29,
S02836,2025-04.xlsx,2025-04-01T07:34:00,2025-04,FBA15K63X4HR,5AEKIVUD,XPO1,,1,27,
S02837,2025-04.xlsx,2025-04-01T08:06:00,2025-04,FBA15K646T1K,4WEGLYOQ,WRO5,,7,125,
S02838,2025-04.xlsx,2025-04-01T08:35:00,2025-04,FBA15K64BS78,5H4VZP3N,WRO5,,4,83,
S02839,2025-04.xlsx,2025-04-01T08:45:00,2025-04,FBA15K64JJ7B,4PVZ52TM,WRO5,,1,34,
S02840,2025-04.xlsx,2025-04-01T10:00:00,2025-04,FBA15K655J7Z,1BGLJ34Z,XPO1,,2,27,
S02841,2025-04.xlsx,2025-04-01T10:25:00,2025-04,FBA15K6579DN,7M8T6LMJ,WRO5,,1,11,
S02842,2025-04.xlsx,2025-04-01T10:37:00,2025-04,FBA15K654HFJ,1V6NEVTX,WRO5,,2,60,
S02843,2025-04.xlsx,2025-04-02T06:24:00,2025-04,FBA15K680R9F,8B39LRAO,XPO1,,1,6,
S02844,2025-04.xlsx,2025-04-02T06:47:00,2025-04,FBA15K6882L7,1SRKYJ3T,WRO5,,1,11,
S02845,2025-04.xlsx,2025-04-02T06:55:00,2025-04,FBA15K68BX7N,6K3A24CL,WRO5,,1,11,
S02846,2025-04.xlsx,2025-04-02T07:03:00,2025-04,FBA15K688GMS,86EZSXPO,WRO5,,1,11,
S02847,2025-04.xlsx,2025-04-02T09:25:00,2025-04,FBA15K69PVWN,6FLSF5ZV,WRO5,,2,34,
S02848,2025-04.xlsx,2025-04-02T10:03:00,2025-04,FBA15K69MXP6,433BWXTE,XPO1,,1,14,
S02849,2025-04.xlsx,2025-04-03T07:18:00,2025-04,FBA15K6DZRXB,2SHIU99Q,XPO1,,7,143,
S02850,2025-04.xlsx,2025-04-03T10:00:00,2025-04,FBA15K6G7LD2,2SYN1AHP,WRO5,,2,39,
S02851,2025-04.xlsx,2025-04-03T12:25:00,2025-04,FBA15K6H8K8H,7F7ILR4U,WRO5,,1,170,
S02852,2025-04.xlsx,2025-04-04T09:59:00,2025-04,FBA15K6K69JH,39Y1P5ZH,WRO5,,1,10,
S02853,2025-04.xlsx,2025-04-04T10:38:00,2025-04,FBA15K6KN7XC,1NSI1MBU,WRO5,,4,192,
S02854,2025-04.xlsx,2025-04-08T08:56:00,2025-04,FBA15K6VBJDM,4NWP1D7Q,XPO1,,1,24,
S02855,2025-04.xlsx,2025-04-08T09:04:00,2025-04,FBA15K6VHQ82,6PC6RARH,XPO1,,1,24,
S02856,2025-04.xlsx,2025-04-08T09:13:00,2025-04,FBA15K6VT60J,2EB2OL3Z,XPO1,,1,24,
S02857,2025-04.xlsx,2025-04-08T09:40:00,2025-04,FBA15K6VPJZ0,57LLGZRR,WRO5,,1,35,
S02858,2025-04.xlsx,2025-04-08T09:50:00,2025-04,FBA15K6VXGCG,2WGOYGXX,XPO1,,1,6,
S02859,2025-04.xlsx,2025-04-08T09:58:00,2025-04,FBA15K6WCXML,5PXBWELX,XPO1,,1,6,
S02860,2025-04.xlsx,2025-04-08T10:17:00,2025-04,FBA15K6WG8TM,5SZQX1TK,XPO1,,1,6,
S02861,2025-04.xlsx,2025-04-08T10:51:00,2025-04,FBA15K6WGGKP,1GTEQJUN,WRO5,,4,150,
S02862,2025-04.xlsx,2025-04-09T09:47:00,2025-04,FBA15K70TJ6H,2SYGTYNQ,WRO5,,1,170,
S02863,2025-04.xlsx,2025-04-10T08:19:00,2025-04,FBA15K75ZBCV,7UDYQG7Q,WRO5,,4,26,
S02864,2025-04.xlsx,2025-04-10T09:58:00,2025-04,FBA15K7733RJ,1YD86QTP,XPO1,,1,26,
S02865,2025-04.xlsx,2025-04-10T10:11:00,2025-04,FBA15K772QJT,6VBS7VZZ,XPO1,,1,20,
S02866,2025-04.xlsx,2025-04-10T10:21:00,2025-04,FBA15K777ZB8,185DGSWW,XPO1,,1,20,
S02867,2025-04.xlsx,2025-04-10T10:29:00,2025-04,FBA15K776MY1,3535P7PH,XPO1,,1,20,
S02868,2025-04.xlsx,2025-04-10T11:51:00,2025-04,FBA15K77K7PN,74NOC5YK,WRO5,,1,2,
S02869,2025-04.xlsx,2025-04-11T06:46:00,2025-04,FBA15K7BLT0M,73MGVO3Q,XPO1,,5,156,
S02870,2025-04.xlsx,2025-04-11T10:58:00,2025-04,FBA15K7DZLGL,6ANB3JEY,WRO5,,1,3,
S02871,2025-04.xlsx,2025-04-14T07:56:00,2025-04,FBA15K7LNBJX,22HPDTFU,XPO1,,5,89,
S02872,2025-04.xlsx,2025-04-14T10:38:00,2025-04,FBA15K7N5M3T,7NI4XH6X,XPO1,,2,99,
S02873,2025-04.xlsx,2025-04-16T08:18:00,2025-04,FBA15K7XRX6K,5ZWETAHP,XPO1,,1,14,
S02874,2025-04.xlsx,2025-04-16T08:51:00,2025-04,FBA15K7XPYPF,27Y2CVQO,WRO5,,2,130,
S02875,2025-04.xlsx,2025-04-16T10:01:00,2025-04,FBA15K7Y4531,7EWSLDOC,WRO5,,2,56,
S02876,2025-04.xlsx,2025-04-16T10:52:00,2025-04,FBA15K7YQDHS,3LVTMX1S,XPO1,,1,15,
S02877,2025-04.xlsx,2025-04-16T11:28:00,2025-04,FBA15K7YQZFX,3TQNIMQP,WRO5,,2,95,
S02878,2025-04.xlsx,2025-04-17T07:06:00,2025-04,FBA15K811K66,3WPU7K5Z,XPO1,,1,6,
S02879,2025-04.xlsx,2025-04-17T07:15:00,2025-04,FBA15K815GH6,53RLJANH,XPO1,,1,5,
S02880,2025-04.xlsx,2025-04-17T08:30:00,2025-04,FBA15K827YK6,2WHG59LX,WRO5,,6,73,
S02881,2025-04.xlsx,2025-04-17T08:39:00,2025-04,FBA15K827T89,5R58J31L,XPO1,,1,21,
S02882,2025-04.xlsx,2025-04-17T10:25:00,2025-04,FBA15K82V4Q7,1HA6VRZX,XPO1,,8,124,
S02883,2025-04.xlsx,2025-04-18T07:16:00,2025-04,FBA15K85G8P3,589Q6FVB,XPO1,,5,34,
S02884,2025-04.xlsx,2025-04-18T08:07:00,2025-04,FBA15K85L0RT,13II8FHI,WRO5,,5,44,
S02885,2025-04.xlsx,2025-04-22T09:33:00,2025-04,FBA15K8GH98T,8UDUESKT,XPO1,,1,14,
S02886,2025-04.xlsx,2025-04-22T10:24:00,2025-04,FBA15K8GRX3F,817TIVGU,WRO5,,4,158,
S02887,2025-04.xlsx,2025-04-23T06:42:00,2025-04,FBA15K8K23L1,25LN234M,WRO5,,1,35,
S02888,2025-04.xlsx,2025-04-23T07:20:00,2025-04,FBA15K8KPJT2,1YSIHTYL,WRO5,,1,12,
S02889,2025-04.xlsx,2025-04-23T08:09:00,2025-04,FBA15K8KWXHG,481RM3TK,XPO1,,5,150,
S02890,2025-04.xlsx,2025-04-24T06:06:00,2025-04,FBA15K8Q6JDT,1E6FJPUX,XPO1,,1,14,
S02891,2025-04.xlsx,2025-04-24T06:56:00,2025-04,FBA15K8Q1MYB,3R2D8U5Q,WRO5,,1,30,
S02892,2025-04.xlsx,2025-04-24T07:13:00,2025-04,FBA15K8QC0MY,43X6GWAX,XPO1,,1,18,
S02893,2025-04.xlsx,2025-04-24T07:33:00,2025-04,FBA15K8QZNJF,2GM5QAOG,XPO1,,1,5,
S02894,2025-04.xlsx,2025-04-24T07:59:00,2025-04,FBA15K8QR7MB,8FSS5BKH,WRO5,,4,27,
S02895,2025-04.xlsx,2025-04-24T08:15:00,2025-04,FBA15K8QPY90,7KDX37LD,WRO5,,1,34,
S02896,2025-04.xlsx,2025-04-24T08:21:00,2025-04,FBA15K8R47QT,3LFWRGAF,WRO5,,1,34,
S02897,2025-04.xlsx,2025-04-24T08:42:00,2025-04,FBA15K8R7R7P,2OLC92JH,WRO5,,3,33,
S02898,2025-04.xlsx,2025-04-24T09:28:00,2025-04,FBA15K8RMW2N,5PJBCTLY,XPO1,,1,13,
S02899,2025-04.xlsx,2025-04-28T08:28:00,2025-04,FBA15K9452V3,8QBEMOJG,XPO1,,1,24,
S02900,2025-04.xlsx,2025-04-28T08:39:00,2025-04,FBA15K94467M,2AATN5YS,XPO1,,1,24,
S02901,2025-04.xlsx,2025-04-28T09:05:00,2025-04,FBA15K944FDK,6Y22FYYV,XPO1,,1,15,
S02902,2025-04.xlsx,2025-04-29T07:11:00,2025-04,FBA15K987MQS,4JO5U9VR,WRO5,,4,95,
S02903,2025-04.xlsx,2025-04-29T07:50:00,2025-04,FBA15K98JHZP,39TVE6TK,XPO1,,7,117,
S02904,2025-04.xlsx,2025-04-29T11:25:00,2025-04,FBA15K9B6VN8,66BIYC8C,XPO1,,1,25,
S02905,2025-04.xlsx,2025-04-29T11:38:00,2025-04,FBA15K9B7Y7K,8KR5556J,XPO1,,2,26,
S02906,2025-04.xlsx,2025-04-30T06:41:00,2025-04,FBA15K9DWW68,1O85429I,WRO5,,1,10,
S02907,2025-04.xlsx,2025-04-30T07:37:00,2025-04,FBA15K9DXVKK,1H31IJCC,XPO1,,1,15,
S02908,2025-04.xlsx,2025-04-30T10:03:00,2025-04,FBA15K9GPBHB,444G9MXC,WRO5,,4,135,
S02909,2025-05.xlsx,2025-05-02T08:22:00,2025-05,FBA15K9LSDHC,3EITSW2E,XPO1,,8,106,
S02910,2025-05.xlsx,2025-05-06T07:07:00,2025-05,FBA15KB1767L,8XMHYNCU,XPO1,,1,9,
S02911,2025-05.xlsx,2025-05-06T07:31:00,2025-05,FBA15KB1VS9Y,1KPMP87H,WRO5,,2,95,
S02912,2025-05.xlsx,2025-05-06T07:54:00,2025-05,FBA15KB1MT40,2ACOCCXQ,XPO1,,3,40,
S02913,2025-05.xlsx,2025-05-06T08:04:00,2025-05,FBA15KB1RWBX,37SY8NAL,XPO1,,1,7,
S02914,2025-05.xlsx,2025-05-06T08:44:00,2025-05,FBA15KB2FBZG,6WPANHAE,XPO1,,2,30,
S02915,2025-05.xlsx,2025-05-07T10:47:00,2025-05,FBA15KBB3MCJ,2E43H5DL,XPO1,,1,18,
S02916,2025-05.xlsx,2025-05-07T11:11:00,2025-05,FBA15KBBZL01,7P5SH6DA,XPO1,,1,13,
S02917,2025-05.xlsx,2025-05-08T10:14:00,2025-05,FBA15KBHCZD1,318V9OIZ,WRO5,,1,3,
S02918,2025-05.xlsx,2025-05-08T11:54:00,2025-05,FBA15KBHLWP8,48LG1EWR,WRO5,,1,10,
S02919,2025-05.xlsx,2025-05-09T11:38:00,2025-05,FBA15KBN5PSM,87N1S1EM,XPO1,,3,198,
S02920,2025-05.xlsx,2025-05-12T11:11:00,2025-05,FBA15KBV9GJ4,37T8CCIL,WRO5,,3,70,
S02921,2025-05.xlsx,2025-05-13T08:17:00,2025-05,FBA15KBYP01X,4T766RXN,XPO1,,1,14,
S02922,2025-05.xlsx,2025-05-13T08:48:00,2025-05,FBA15KBZ8G07,63L8EJUL,WRO5,,1,34,
S02923,2025-05.xlsx,2025-05-13T09:34:00,2025-05,FBA15KBZS690,5GGON54W,WRO5,,1,34,
S02924,2025-05.xlsx,2025-05-13T09:50:00,2025-05,FBA15KBZRS6V,2DA4K8YZ,XPO1,,1,5,
S02925,2025-05.xlsx,2025-05-13T09:55:00,2025-05,FBA15KBZHN2Q,8V13IT9Y,XPO1,,1,5,
S02926,2025-05.xlsx,2025-05-13T10:20:00,2025-05,FBA15KC00756,74EE53WS,WRO5,,1,56,
S02927,2025-05.xlsx,2025-05-14T08:23:00,2025-05,FBA15KC3P7V1,2A6ZU1OG,WRO5,,2,63,
S02928,2025-05.xlsx,2025-05-14T08:44:00,2025-05,FBA15KC40554,12GIVZXL,XPO1,,6,148,
S02929,2025-05.xlsx,2025-05-15T06:59:00,2025-05,FBA15KC82DCT,2J4GSMKR,XPO1,,1,14,
S02930,2025-05.xlsx,2025-05-15T07:13:00,2025-05,FBA15KC8M0DM,6Y5NSWSX,XPO1,,1,14,
S02931,2025-05.xlsx,2025-05-15T08:05:00,2025-05,FBA15KC8J2RY,7GOWGJZY,WRO5,,5,75,
S02932,2025-05.xlsx,2025-05-15T08:19:00,2025-05,FBA15KC903GQ,4BBBAOCR,WRO5,,3,38,
S02933,2025-05.xlsx,2025-05-15T08:31:00,2025-05,FBA15KC8LQW3,1T7NE9YY,WRO5,,1,31,
S02934,2025-05.xlsx,2025-05-15T08:41:00,2025-05,FBA15KC94PZ4,2NMUDAZW,WRO5,,1,31,
S02935,2025-05.xlsx,2025-05-15T08:50:00,2025-05,FBA15KC8SR6W,6JPK3T9W,XPO1,,1,70,
S02936,2025-05.xlsx,2025-05-15T09:30:00,2025-05,FBA15KC9F2P3,5SW5TLHL,XPO1,,2,50,
S02937,2025-05.xlsx,2025-05-15T09:45:00,2025-05,FBA15KC9GV3V,2PVROMFT,XPO1,,1,25,
S02938,2025-05.xlsx,2025-05-15T09:53:00,2025-05,FBA15KC9PP2T,2BUH1LJP,XPO1,,1,20,
S02939,2025-05.xlsx,2025-05-16T08:16:00,2025-05,FBA15KCF487V,87JQ7SGS,XPO1,,4,229,
S02940,2025-05.xlsx,2025-05-20T07:24:00,2025-05,FBA15KCRH4WM,5C6N2MPN,WRO5,,2,172,
S02941,2025-05.xlsx,2025-05-20T07:47:00,2025-05,FBA15KCRM3RN,3XRW74XS,XPO1,,1,14,
S02942,2025-05.xlsx,2025-05-20T07:55:00,2025-05,FBA15KCRKVMR,3PWBTLFQ,XPO1,,1,14,
S02943,2025-05.xlsx,2025-05-20T08:03:00,2025-05,FBA15KCRF7SC,2GORQKCE,WRO5,,1,27,
S02944,2025-05.xlsx,2025-05-20T08:52:00,2025-05,FBA15KCRRW78,48H5677F,XPO1,,1,6,
S02945,2025-05.xlsx,2025-05-20T09:20:00,2025-05,FBA15KCS007W,4KRX2R9B,XPO1,,1,6,
S02946,2025-05.xlsx,2025-05-20T09:56:00,2025-05,FBA15KCSN6G4,7A73E32K,WRO5,,2,29,
S02947,2025-05.xlsx,2025-05-21T09:48:00,2025-05,FBA15KCY255K,1NRLHZVP,WRO5,,1,10,
S02948,2025-05.xlsx,2025-05-21T09:58:00,2025-05,FBA15KCY9VSZ,3AKJPCEK,WRO5,,1,10,
S02949,2025-05.xlsx,2025-05-21T10:05:00,2025-05,FBA15KCYFDJ8,3TZDDE8Q,WRO5,,1,10,
S02950,2025-05.xlsx,2025-05-22T07:53:00,2025-05,FBA15KD1V95V,4GNEHNGF,WRO5,,5,124,
S02951,2025-05.xlsx,2025-05-22T10:47:00,2025-05,FBA15KD39T5H,388X4PBG,WRO5,,2,90,
S02952,2025-05.xlsx,2025-05-22T10:58:00,2025-05,FBA15KD36VFM,42G1Z26N,XPO1,,1,7,
S02953,2025-05.xlsx,2025-05-22T11:14:00,2025-05,FBA15KD35J2P,19EG6XLI,XPO1,,1,7,
S02954,2025-05.xlsx,2025-05-22T11:46:00,2025-05,FBA15KD3H2S3,62O23A8K,XPO1,,1,16,
S02955,2025-05.xlsx,2025-05-22T11:54:00,2025-05,FBA15KD3HV3Z,5HKYGYFG,XPO1,,1,14,
S02956,2025-05.xlsx,2025-05-22T12:06:00,2025-05,FBA15KD3JDW9,8KLK6QPS,XPO1,,1,12,
S02957,2025-05.xlsx,2025-05-22T12:15:00,2025-05,FBA15KD3JM6F,1U765SUS,XPO1,,1,13,
S02958,2025-05.xlsx,2025-05-22T12:21:00,2025-05,FBA15KD3JKY2,7N7M7EBP,XPO1,,1,10,
S02959,2025-05.xlsx,2025-05-23T07:15:00,2025-05,FBA15KD62H4B,8YXKNH4H,WRO5,,1,6,
S02960,2025-05.xlsx,2025-05-23T07:50:00,2025-05,FBA15KD5SS5Y,2DIZ2TLA,WRO5,,1,14,
S02961,2025-05.xlsx,2025-05-23T08:20:00,2025-05,FBA15KD67Y0T,725M28TO,XPO1,,1,10,
S02962,2025-05.xlsx,2025-05-23T08:26:00,2025-05,FBA15KD680CQ,1KPKWLXO,XPO1,,1,10,
S02963,2025-05.xlsx,2025-05-23T08:36:00,2025-05,FBA15KD6SCR3,7U1WMYEU,XPO1,,1,10,
S02964,2025-05.xlsx,2025-05-23T09:51:00,2025-05,FBA15KD7FB70,7KKMANNC,WRO5,,6,132,
S02965,2025-05.xlsx,2025-05-23T10:13:00,2025-05,FBA15KD7H3N2,2GMUKMVU,WRO5,,1,6,
S02966,2025-05.xlsx,2025-05-23T10:37:00,2025-05,FBA15KD7KLQ3,52MIY91P,XPO1,,1,12,
S02967,2025-05.xlsx,2025-05-26T08:15:00,2025-05,FBA15KDD6Z2W,8AILDUYR,WRO5,,1,2,
S02968,2025-05.xlsx,2025-05-26T08:36:00,2025-05,FBA15KDDR0HW,7WMBPYXO,XPO1,,2,14,
S02969,2025-05.xlsx,2025-05-26T08:45:00,2025-05,FBA15KDDJKX4,8E1SURHT,XPO1,,1,7,
S02970,2025-05.xlsx,2025-05-26T09:29:00,2025-05,FBA15KDF38SM,33MFRO6Y,XPO1,,2,22,
S02971,2025-05.xlsx,2025-05-26T09:40:00,2025-05,FBA15KDDWD5P,6AYVWE2E,WRO5,,2,65,
S02972,2025-05.xlsx,2025-05-26T12:15:00,2025-05,FBA15KDFRRH3,5G8S3TUS,WRO5,,1,4,
S02973,2025-05.xlsx,2025-05-27T07:03:00,2025-05,FBA15KDJ35VK,7RG2HQUP,WRO5,,3,60,
S02974,2025-05.xlsx,2025-05-27T08:03:00,2025-05,FBA15KDJNFC7,39V27W9Z,WRO5,,1,35,
S02975,2025-05.xlsx,2025-05-27T08:33:00,2025-05,FBA15KDJW72H,5KPRMNEV,XPO1,,1,7,
S02976,2025-05.xlsx,2025-05-27T08:59:00,2025-05,FBA15KDK85L9,2A1P3F6I,XPO1,,1,9,
S02977,2025-05.xlsx,2025-05-27T09:37:00,2025-05,FBA15KDKBXWT,5R5R4AMQ,WRO5,,1,3,
S02978,2025-05.xlsx,2025-05-28T07:07:00,2025-05,FBA15KDNLL4K,3M8WAWOM,XPO1,,9,148,
S02979,2025-05.xlsx,2025-05-29T08:02:00,2025-05,FBA15KDVLNSY,3NPMMJVF,WRO5,,5,134,
S02980,2025-05.xlsx,2025-05-29T10:46:00,2025-05,FBA15KDWPJ58,5YQDQCGG,XPO1,,1,24,
S02981,2025-05.xlsx,2025-05-29T11:08:00,2025-05,FBA15KDWJ9TB,2V6YMZOL,WRO5,,2,26,
S02982,2025-05.xlsx,2025-05-30T06:33:00,2025-05,FBA15KDYYZ36,7O3QIVOP,WRO5,,3,95,
S02983,2025-05.xlsx,2025-05-30T07:37:00,2025-05,FBA15KDZ7WW6,3KNZPG8N,XPO1,,1,6,
S02984,2025-05.xlsx,2025-05-30T07:53:00,2025-05,FBA15KDZB6LF,3STE656T,XPO1,,1,6,
S02985,2025-05.xlsx,2025-05-30T09:10:00,2025-05,FBA15KDZS6J1,4887MRXQ,XPO1,,7,163,
S02986,2025-05.xlsx,2025-05-30T12:38:00,2025-05,FBA15KF10FXS,2LQNN46O,WRO5,,1,120,
S02987,2025-05.xlsx,2025-05-30T12:51:00,2025-05,FBA15KF0ZGPC,7KLKPHCA,WRO5,,1,60,
S02988,2025-06.xlsx,2025-06-03T06:43:00,2025-06,FBA15KF6KDLR,8WNYMBOV,WRO5,,2,170,
S02989,2025-06.xlsx,2025-06-03T07:06:00,2025-06,FBA15KF6L65P,5PTI39JB,WRO5,,1,58,
S02990,2025-06.xlsx,2025-06-03T07:21:00,2025-06,FBA15KF6RRXJ,72Z1GTRC,WRO5,,3,95,
S02991,2025-06.xlsx,2025-06-03T07:38:00,2025-06,FBA15KF6V0LJ,1LKULFSE,WRO5,,2,170,
S02992,2025-06.xlsx,2025-06-04T08:10:00,2025-06,FBA15KFD2HCJ,5QEV26EK,WRO5,,3,70,
S02993,2025-06.xlsx,2025-06-04T08:50:00,2025-06,FBA15KFDJCS3,8YBOC2QZ,WRO5,,7,85,
S02994,2025-06.xlsx,2025-06-04T09:41:00,2025-06,FBA15KFF44BH,83VW7L4G,WRO5,,3,45,
S02995,2025-06.xlsx,2025-06-04T09:52:00,2025-06,FBA15KFFF02X,4HFDTGQW,WRO5,,3,240,
S02996,2025-06.xlsx,2025-06-04T10:36:00,2025-06,FBA15KFFD3GS,5C44Y4ZN,XPO1,,10,194,
S02997,2025-06.xlsx,2025-06-05T08:24:00,2025-06,FBA15KFKDMNL,7HGLANRC,XPO1,,1,15,
S02998,2025-06.xlsx,2025-06-05T08:51:00,2025-06,FBA15KFK8489,5WN7G4PO,WRO5,,2,15,
S02999,2025-06.xlsx,2025-06-05T09:27:00,2025-06,FBA15KFKK192,3APP7GSF,WRO5,,1,26,
S03000,2025-06.xlsx,2025-06-05T10:02:00,2025-06,FBA15KFKZ6FB,4Z8OZR6J,WRO5,,2,37,
S03001,2025-06.xlsx,2025-06-06T12:02:00,2025-06,FBA15KFQL17X,8L19VAQD,WRO5,,3,65,
S03002,2025-06.xlsx,2025-06-09T11:51:00,2025-06,FBA15KFXBT94,7AUDBYIN,WRO5,,5,56,
S03003,2025-06.xlsx,2025-06-10T08:29:00,2025-06,FBA15KG0505T,8TMFEMZS,XPO1,,11,195,
S03004,2025-06.xlsx,2025-06-11T09:34:00,2025-06,FBA15KG5Y5W9,5WFWW4WZ,WRO5,,1,7,
S03005,2025-06.xlsx,2025-06-11T09:51:00,2025-06,FBA15KG61GHM,67L9ZFZO,XPO1,,1,7,
S03006,2025-06.xlsx,2025-06-11T10:21:00,2025-06,FBA15KG62854,5ZMTC8EN,XPO1,,1,7,
S03007,2025-06.xlsx,2025-06-11T10:29:00,2025-06,FBA15KG65ND2,8N3VEH7O,WRO5,,1,35,
S03008,2025-06.xlsx,2025-06-11T12:58:00,2025-06,FBA15KG6YNQ8,1VJCA86T,XPO1,,1,20,
S03009,2025-06.xlsx,2025-06-12T06:43:00,2025-06,FBA15KG93BN3,4HL7MT6A,XPO1,,5,163,
S03010,2025-06.xlsx,2025-06-12T10:31:00,2025-06,FBA15KGBWCP6,6PVK9FYJ,XPO1,,1,14,
S03011,2025-06.xlsx,2025-06-12T10:52:00,2025-06,FBA15KGC1DBC,75ZR4B7L,XPO1,,1,14,
S03012,2025-06.xlsx,2025-06-12T11:07:00,2025-06,FBA15KGBQ4XC,2CH9UD8M,XPO1,,1,6,
S03013,2025-06.xlsx,2025-06-12T11:12:00,2025-06,FBA15KGBZ3CC,7RVVN1SM,XPO1,,1,6,
S03014,2025-06.xlsx,2025-06-12T12:04:00,2025-06,FBA15KGC85CZ,82YRVM8B,XPO1,,3,24,
S03015,2025-06.xlsx,2025-06-13T07:53:00,2025-06,FBA15KGG76FH,82WNOV4O,WRO5,,4,125,
S03016,2025-06.xlsx,2025-06-13T08:23:00,2025-06,FBA15KGGH6ZN,5VGDTEIC,WRO5,,1,34,
S03017,2025-06.xlsx,2025-06-13T08:32:00,2025-06,FBA15KGG7Z5M,851ZTC6N,WRO5,,1,34,
S03018,2025-06.xlsx,2025-06-16T07:40:00,2025-06,FBA15KGN3CPN,7ZQWOXRX,XPO1,,5,73,
S03019,2025-06.xlsx,2025-06-16T10:19:00,2025-06,FBA15KGP6HNF,2C81LJYH,XPO1,,1,15,
S03020,2025-06.xlsx,2025-06-16T10:33:00,2025-06,FBA15KGP3RJ2,5UQ437KJ,XPO1,,1,35,
S03021,2025-06.xlsx,2025-06-16T11:13:00,2025-06,FBA15KGPH72N,7842C2PC,XPO1,,4,37,
S03022,2025-06.xlsx,2025-06-17T10:01:00,2025-06,FBA15KGVM3QH,4SGID3AC,WRO5,,10,95,
S03023,2025-06.xlsx,2025-06-17T11:06:00,2025-06,FBA15KGVXDST,1LCBI4GD,WRO5,,2,85,
S03024,2025-06.xlsx,2025-06-18T08:24:00,2025-06,FBA15KGZ91FQ,5KTALJ5X,XPO1,,6,82,
S03025,2025-06.xlsx,2025-06-23T11:03:00,2025-06,FBA15KHHSP59,799UNJ7N,WRO5,,1,10,
S03026,2025-06.xlsx,2025-06-23T11:54:00,2025-06,FBA15KHHVWLL,1DR764HZ,WRO5,,1,27,
S03027,2025-06.xlsx,2025-06-24T07:45:00,2025-06,FBA15KHLMCS2,5ELWGZWG,XPO1,,2,13,
S03028,2025-06.xlsx,2025-06-24T08:17:00,2025-06,FBA15KHM81K9,3YN2Z81J,WRO5,,3,59,
S03029,2025-06.xlsx,2025-06-24T08:23:00,2025-06,FBA15KHLZQP3,1WN1C4RH,XPO1,,1,20,
S03030,2025-06.xlsx,2025-06-24T08:30:00,2025-06,FBA15KHMCVP7,35N59SVS,WRO5,,1,14,
S03031,2025-06.xlsx,2025-06-24T09:34:00,2025-06,FBA15KHMZDDC,2PTEL4QI,XPO1,,8,219,
S03032,2025-06.xlsx,2025-06-24T12:19:00,2025-06,FBA15KHNP85Z,4L98CB5S,XPO1,,1,9,
S03033,2025-06.xlsx,2025-06-25T08:03:00,2025-06,FBA15KHRRBMY,7R26S28D,XPO1,,1,24,
S03034,2025-06.xlsx,2025-06-25T08:26:00,2025-06,FBA15KHRY8G0,3GKI9C5V,WRO5,,3,180,
S03035,2025-06.xlsx,2025-06-25T08:42:00,2025-06,FBA15KHSDVW5,7L5PNOPU,XPO1,,1,14,
S03036,2025-06.xlsx,2025-06-25T08:55:00,2025-06,FBA15KHSF3B4,4IFLD1XM,XPO1,,1,6,
S03037,2025-06.xlsx,2025-06-25T09:20:00,2025-06,FBA15KHSW3LQ,1JR16IXL,XPO1,,1,6,
S03038,2025-06.xlsx,2025-06-25T09:25:00,2025-06,FBA15KHSQ2G2,59ZC1XTD,XPO1,,1,6,
S03039,2025-06.xlsx,2025-06-26T06:44:00,2025-06,FBA15KHXZDK7,5Q8DD3HO,XPO1,,1,7,
S03040,2025-06.xlsx,2025-06-26T07:53:00,2025-06,FBA15KHYGW4Z,53HUUT6V,XPO1,,5,103,
S03041,2025-06.xlsx,2025-06-26T10:47:00,2025-06,FBA15KJ04QF4,3EUDGSFU,WRO5,,4,124,
S03042,2025-06.xlsx,2025-06-27T08:30:00,2025-06,FBA15KJ3Y1F7,53LSO22H,XPO1,,1,10,
S03043,2025-06.xlsx,2025-06-27T11:31:00,2025-06,FBA15KJ568PR,8313I63U,WRO5,,1,120,
S03044,2025-06.xlsx,2025-06-30T07:53:00,2025-06,FBA15KJBNB3N,7944DY7E,XPO1,,3,83,
S03045,2025-07.xlsx,2025-07-01T07:16:00,2025-07,FBA15KJHR7CK,24OBA5XW,WRO5,,1,58,
S03046,2025-07.xlsx,2025-07-01T07:27:00,2025-07,FBA15KJJ0X5G,85XKA72S,WRO5,,1,58,
S03047,2025-07.xlsx,2025-07-01T07:33:00,2025-07,FBA15KJHTCGL,2T1FCCYB,WRO5,,1,58,
S03048,2025-07.xlsx,2025-07-01T08:22:00,2025-07,FBA15KJJFFWS,6DA2INIK,WRO5,,2,21,
S03049,2025-07.xlsx,2025-07-01T09:39:00,2025-07,FBA15KJJVW8J,5WDOR37M,WRO5,,1,35,
S03050,2025-07.xlsx,2025-07-01T10:03:00,2025-07,FBA15KJK7P6D,777B7YDQ,WRO5,,2,175,
S03051,2025-07.xlsx,2025-07-02T08:06:00,2025-07,FBA15KJPV5T6,17XJ8LEW,XPO1,,1,14,
S03052,2025-07.xlsx,2025-07-02T09:56:00,2025-07,FBA15KJQ7NFC,7TKU9S6J,WRO5,,1,34,
S03053,2025-07.xlsx,2025-07-02T10:06:00,2025-07,FBA15KJQP3BW,2NVMW8ID,XPO1,,1,14,
S03054,2025-07.xlsx,2025-07-02T10:49:00,2025-07,FBA15KJQRT1Q,2M6GHZ1M,XPO1,,6,122,
S03055,2025-07.xlsx,2025-07-03T06:14:00,2025-07,FBA15KJTR645,5HES4KYJ,WRO5,,5,140,
S03056,2025-07.xlsx,2025-07-03T11:13:00,2025-07,FBA15KJXBQ30,8LS578LT,WRO5,,1,10,
S03057,2025-07.xlsx,2025-07-04T07:35:00,2025-07,FBA15KK0XZJ8,6F8U117G,WRO5,,1,27,
S03058,2025-07.xlsx,2025-07-04T08:21:00,2025-07,FBA15KK1B3QV,4UHQGPBU,WRO5,,1,2,
S03059,2025-07.xlsx,2025-07-04T08:35:00,2025-07,FBA15KK181JJ,7489E6AC,WRO5,,7,85,
S03060,2025-07.xlsx,2025-07-04T09:28:00,2025-07,FBA15KK1TT92,6SK1K6EZ,XPO1,,2,5,
S03061,2025-07.xlsx,2025-07-04T11:31:00,2025-07,FBA15KK2BLFY,871PQ48A,WRO5,,12,64,
S03062,2025-07.xlsx,2025-07-07T08:24:00,2025-07,FBA15KK8HHMT,5CZTF8UQ,WRO5,,2,170,
S03063,2025-07.xlsx,2025-07-07T08:39:00,2025-07,FBA15KK8B9MV,7RHONXLT,XPO1,,1,24,
S03064,2025-07.xlsx,2025-07-07T09:20:00,2025-07,FBA15KK8SCLP,1K898BJM,XPO1,,1,13,
S03065,2025-07.xlsx,2025-07-07T09:54:00,2025-07,FBA15KK93N9P,7786P5PE,XPO1,,1,14,
S03066,2025-07.xlsx,2025-07-07T11:00:00,2025-07,FBA15KK9GTSZ,2EHQZW3H,XPO1,,2,19,
S03067,2025-07.xlsx,2025-07-07T11:43:00,2025-07,FBA15KK9KBYK,3GJDEQBU,XPO1,,5,139,
S03068,2025-07.xlsx,2025-07-08T07:03:00,2025-07,FBA15KKDHZSC,6LLD9BSV,WRO5,,2,50,
S03069,2025-07.xlsx,2025-07-08T07:55:00,2025-07,FBA15KKF274J,1849XWVF,WRO5,,3,22,
S03070,2025-07.xlsx,2025-07-08T08:14:00,2025-07,FBA15KKF2X7Q,8LN3GZFD,WRO5,,5,79,
S03071,2025-07.xlsx,2025-07-09T06:53:00,2025-07,FBA15KKKQMXJ,36TZXVRJ,WRO5,,3,62,
S03072,2025-07.xlsx,2025-07-09T07:40:00,2025-07,FBA15KKLM6JF,6SV64VES,WRO5,,5,74,
S03073,2025-07.xlsx,2025-07-09T07:56:00,2025-07,FBA15KKLJMRJ,5KSYJL4K,XPO1,,4,130,
S03074,2025-07.xlsx,2025-07-10T10:51:00,2025-07,FBA15KKT1ZCH,5D8Y2T1N,WRO5,,2,115,
S03075,2025-07.xlsx,2025-07-10T11:13:00,2025-07,FBA15KKTHSXN,4W7BK1IY,WRO5,,3,83,
S03076,2025-07.xlsx,2025-07-11T05:54:00,2025-07,FBA15KKWM7KD,19GUOGYV,XPO1,,1,7,
S03077,2025-07.xlsx,2025-07-11T06:17:00,2025-07,FBA15KKX1QPZ,17AKGQUY,XPO1,,4,30,
S03078,2025-07.xlsx,2025-07-11T07:04:00,2025-07,FBA15KKWX7BB,5B8H4PPM,XPO1,,1,7,
S03079,2025-07.xlsx,2025-07-11T07:24:00,2025-07,FBA15KKXP4GT,3C6XYYDF,XPO1,,5,139,
S03080,2025-07.xlsx,2025-07-11T07:39:00,2025-07,FBA15KKXPBMS,6Y9IC7HB,WRO5,,1,32,
S03081,2025-07.xlsx,2025-07-11T07:45:00,2025-07,FBA15KKXXQGZ,3BU7SJVD,XPO1,,1,30,
S03082,2025-07.xlsx,2025-07-11T10:25:00,2025-07,FBA15KKZ2C8C,37PL5F5M,WRO5,,7,165,
S03083,2025-07.xlsx,2025-07-11T10:33:00,2025-07,FBA15KKZ4G3P,8H7QQXSG,XPO1,,1,7,
S03084,2025-07.xlsx,2025-07-11T10:42:00,2025-07,FBA15KKYZH3H,35P6IERD,XPO1,,1,7,
S03085,2025-07.xlsx,2025-07-11T10:33:00,2025-07,FBA15KKZ4G3P,8H7QQXSG,XPO1,,1,7,
S03086,2025-07.xlsx,2025-07-14T10:21:00,2025-07,FBA15KL5K66W,1STZQJXJ,XPO1,,1,10,
S03087,2025-07.xlsx,2025-07-15T10:27:00,2025-07,FBA15KLCBW21,8J461FYQ,XPO1,,6,173,
S03088,2025-07.xlsx,2025-07-15T12:05:00,2025-07,FBA15KLCW6J1,4XQXMXTI,WRO5,,1,58,
S03089,2025-07.xlsx,2025-07-16T08:54:00,2025-07,FBA15KLJ15WQ,7OS276VQ,XPO1,,1,7,
S03090,2025-07.xlsx,2025-07-16T10:26:00,2025-07,FBA15KLKB7ZW,268ZYOGL,WRO5,,3,19,
S03091,2025-07.xlsx,2025-07-16T11:15:00,2025-07,FBA15KLJXQMJ,5D9XCEHY,WRO5,,2,163,
S03092,2025-07.xlsx,2025-07-17T08:23:00,2025-07,FBA15KLP0NX2,3JESOG5U,XPO1,,1,4,
S03093,2025-07.xlsx,2025-07-17T08:44:00,2025-07,FBA15KLNX9KW,68H16UTV,XPO1,,1,4,
S03094,2025-07.xlsx,2025-07-17T09:59:00,2025-07,FBA15KLPYNP0,4TI8ONJI,WRO5,,4,73,
S03095,2025-07.xlsx,2025-07-17T10:31:00,2025-07,FBA15KLQ29JQ,1DDWRC5A,XPO1,,1,9,
S03096,2025-07.xlsx,2025-07-18T07:47:00,2025-07,FBA15KLTQ7MX,2KMFXFJJ,WRO5,,1,28,
S03097,2025-07.xlsx,2025-07-18T08:24:00,2025-07,FBA15KLV2SVF,2APD4UIC,XPO1,,4,150,
S03098,2025-07.xlsx,2025-07-18T11:46:00,2025-07,FBA15KLWBG55,8Q12V97T,WRO5,,1,35,
S03099,2025-07.xlsx,2025-07-18T11:59:00,2025-07,FBA15KLWKZN7,1WFZ773H,XPO1,,1,24,
S03100,2025-07.xlsx,2025-07-21T10:32:00,2025-07,FBA15KM33GV4,4BS9P1VW,WRO5,,1,34,
S03101,2025-07.xlsx,2025-07-21T10:39:00,2025-07,FBA15KM3BZG3,1LBNEBYO,WRO5,,1,34,
S03102,2025-07.xlsx,2025-07-21T10:45:00,2025-07,FBA15KM3C051,2HQDKLHK,WRO5,,1,34,
S03103,2025-07.xlsx,2025-07-23T07:05:00,2025-07,FBA15KMD1W2X,246NMR2B,XPO1,,6,118,
S03104,2025-07.xlsx,2025-07-23T08:54:00,2025-07,FBA15KMF517G,3VIKRDLE,WRO5,,1,2,
S03105,2025-07.xlsx,2025-07-23T09:30:00,2025-07,FBA15KMF74CT,83DCCPIW,WRO5,,3,60,
S03106,2025-07.xlsx,2025-07-23T10:04:00,2025-07,FBA15KMFJ49X,51PPF87R,WRO5,,1,35,
S03107,2025-07.xlsx,2025-07-24T06:30:00,2025-07,FBA15KMJYH0B,3ME4DQ3N,XPO1,,1,14,
S03108,2025-07.xlsx,2025-07-24T06:43:00,2025-07,FBA15KMK3JSZ,1FZD58VB,XPO1,,1,15,
S03109,2025-07.xlsx,2025-07-24T09:37:00,2025-07,FBA15KMLH76S,82V9SE2N,XPO1,,1,30,
S03110,2025-07.xlsx,2025-07-24T09:51:00,2025-07,FBA15KMLF1BX,1A4WDFYL,XPO1,,1,30,
S03111,2025-07.xlsx,2025-07-24T10:06:00,2025-07,FBA15KMM950K,1972231R,XPO1,,1,20,
S03112,2025-07.xlsx,2025-07-24T10:13:00,2025-07,FBA15KMMBNCB,2L8LM9ZH,XPO1,,1,20,
S03113,2025-07.xlsx,2025-07-24T10:21:00,2025-07,FBA15KMMPQSS,8LCRZGHL,XPO1,,1,20,
S03114,2025-07.xlsx,2025-07-24T10:33:00,2025-07,FBA15KMM72N2,2ZESTDLA,XPO1,,1,20,
S03115,2025-07.xlsx,2025-07-24T10:41:00,2025-07,FBA15KMLWL4R,2EFS575O,XPO1,,1,50,
S03116,2025-07.xlsx,2025-07-24T10:55:00,2025-07,FBA15KMMF7BP,6Z2E3RND,XPO1,,1,26,
S03117,2025-07.xlsx,2025-07-24T11:10:00,2025-07,FBA15KMM11S5,6UFBWECW,XPO1,,1,18,
S03118,2025-07.xlsx,2025-07-24T11:20:00,2025-07,FBA15KMMG476,4NOGD6XQ,XPO1,,1,18,
S03119,2025-07.xlsx,2025-07-24T11:44:00,2025-07,FBA15KMMNSX9,33O647QP,WRO5,,2,50,
S03120,2025-07.xlsx,2025-07-24T11:59:00,2025-07,FBA15KMMGW91,6FW26NWK,WRO5,,2,50,
S03121,2025-07.xlsx,2025-07-25T07:03:00,2025-07,FBA15KMQGJ26,6F6EB69Z,XPO1,,8,33,
S03122,2025-07.xlsx,2025-07-25T07:40:00,2025-07,FBA15KMQR1NS,8IU4EUEI,XPO1,,5,146,
S03123,2025-07.xlsx,2025-07-25T09:55:00,2025-07,FBA15KMR9QGQ,4VNAIL3C,WRO5,,3,43,
S03124,2025-07.xlsx,2025-07-29T07:43:00,2025-07,FBA15KN40VNM,11FCS8UB,WRO5,,4,23,
S03125,2025-07.xlsx,2025-07-29T08:12:00,2025-07,FBA15KN42PQ0,2RA1OCZY,WRO5,,1,48,
S03126,2025-07.xlsx,2025-07-29T09:27:00,2025-07,FBA15KN3Y8WQ,2JHTW9LB,XPO1,,1,7,
S03127,2025-07.xlsx,2025-07-29T09:39:00,2025-07,FBA15KN4XTX4,56596UWV,XPO1,,1,7,
S03128,2025-07.xlsx,2025-07-29T11:10:00,2025-07,FBA15KN5N5R6,13QZZKPV,XPO1,,6,26,
S03129,2025-07.xlsx,2025-07-29T11:49:00,2025-07,FBA15KN5QF9Z,2ID4XJVU,WRO5,,8,87,
S03130,2025-07.xlsx,2025-07-29T12:00:00,2025-07,FBA15KN5SY4W,8UBRU1KU,WRO5,,1,10,
S03131,2025-07.xlsx,2025-07-29T12:25:00,2025-07,FBA15KN5KXRJ,1Y9UDA4C,WRO5,,1,130,
S03132,2025-07.xlsx,2025-07-30T05:58:00,2025-07,FBA15KN9JGGJ,4RWLRNBE,WRO5,,3,60,
S03133,2025-07.xlsx,2025-07-30T06:13:00,2025-07,FBA15KN8NPT5,4DKBF1QD,WRO5,,2,50,
S03134,2025-07.xlsx,2025-07-30T06:21:00,2025-07,FBA15KN9CQLM,5XJ397JN,WRO5,,4,30,
S03135,2025-07.xlsx,2025-07-30T08:03:00,2025-07,FBA15KNB3CM6,5BOAF8VW,WRO5,,4,93,
S03136,2025-07.xlsx,2025-07-30T08:14:00,2025-07,FBA15KN96S28,29AWZDRS,WRO5,,1,23,
S03137,2025-07.xlsx,2025-07-30T08:37:00,2025-07,FBA15KNBHSJG,1XJVI4PT,XPO1,,2,8,
S03138,2025-08.xlsx,2025-08-01T06:23:00,2025-08,FBA15KNMJC21,4Y3IXKQY,XPO1,,3,34,
S03139,2025-08.xlsx,2025-08-01T08:27:00,2025-08,FBA15KNNNC4G,5R8D8RQR,WRO5,,12,84,
S03140,2025-08.xlsx,2025-08-01T08:59:00,2025-08,FBA15KNNS93R,4D9CBZGY,WRO5,,4,50,
S03141,2025-08.xlsx,2025-08-01T09:42:00,2025-08,FBA15KNPN2Y7,6B55G9OB,WRO5,,2,190,
S03142,2025-08.xlsx,2025-08-01T11:41:00,2025-08,FBA15KNPW10Z,7J1QPCDN,WRO5,,1,11,
S03143,2025-08.xlsx,2025-08-05T07:03:00,2025-08,FBA15KP12TTH,2JLUEWGC,XPO1,,6,146,
S03144,2025-08.xlsx,2025-08-12T08:33:00,2025-08,FBA15KPYM7D1,767TFB5B,XPO1,,5,108,
S03145,2025-08.xlsx,2025-08-14T06:54:00,2025-08,FBA15KQ8MCB9,4RPFP1HH,WRO5,,3,25,
S03146,2025-08.xlsx,2025-08-14T07:07:00,2025-08,FBA15KQ93ZB5,81V3UHUD,XPO1,,1,10,
S03147,2025-08.xlsx,2025-08-14T07:25:00,2025-08,FBA15KQ91J6T,471BVEKW,XPO1,,1,10,
S03148,2025-08.xlsx,2025-08-18T08:35:00,2025-08,FBA15KQMWPLD,1251LLLV,WRO5,,1,6,
S03149,2025-08.xlsx,2025-08-19T08:05:00,2025-08,FBA15KQS13ST,1BA4ZAMS,WRO5,,10,159,
S03150,2025-08.xlsx,2025-08-19T11:50:00,2025-08,FBA15KQTXM7L,1CISRDLJ,WRO5,,6,105,
S03151,2025-08.xlsx,2025-08-20T10:41:00,2025-08,FBA15KQZPDQD,7Q9KP71R,WRO5,,2,125,
S03152,2025-08.xlsx,2025-08-20T11:33:00,2025-08,FBA15KR062YY,74CH4TER,WRO5,,6,73,
S03153,2025-08.xlsx,2025-08-22T06:00:00,2025-08,FBA15KR6DFPG,4UD1TLPO,WRO5,,1,58,
S03154,2025-08.xlsx,2025-08-22T06:17:00,2025-08,FBA15KR6Z4DS,2EPKQEXK,XPO1,,1,14,
S03155,2025-08.xlsx,2025-08-22T06:30:00,2025-08,FBA15KR6XGQ6,1M25LQJQ,XPO1,,1,15,
S03156,2025-08.xlsx,2025-08-22T06:55:00,2025-08,FBA15KR7J59Y,5WT9X1QK,WRO5,,3,42,
S03157,2025-08.xlsx,2025-08-22T07:09:00,2025-08,FBA15KR7HHS5,2NQZ7LVJ,XPO1,,1,14,
S03158,2025-08.xlsx,2025-08-22T07:20:00,2025-08,FBA15KR7R0VB,37QJ5V1D,XPO1,,1,12,
S03159,2025-08.xlsx,2025-08-22T07:43:00,2025-08,FBA15KR7KNQN,7ZZFVGSR,XPO1,,5,44,
S03160,2025-08.xlsx,2025-08-22T08:52:00,2025-08,FBA15KR82SHK,7N5EGPSY,XPO1,,1,26,
S03161,2025-08.xlsx,2025-08-22T10:18:00,2025-08,FBA15KR8W0CZ,3HFPSZPV,XPO1,,7,145,
S03162,2025-08.xlsx,2025-08-25T08:51:00,2025-08,FBA15KRG5FZ4,3UYVQZSJ,XPO1,,1,14,
S03163,2025-08.xlsx,2025-08-25T09:21:00,2025-08,FBA15KRGMDDY,1C2RSPJD,XPO1,,1,14,
S03164,2025-08.xlsx,2025-08-25T09:43:00,2025-08,FBA15KRGQSHC,5OBXI33L,XPO1,,2,12,
S03165,2025-08.xlsx,2025-08-25T11:15:00,2025-08,FBA15KRHF0J2,1GUUO5AP,WRO5,,3,110,
S03166,2025-08.xlsx,2025-08-27T08:19:00,2025-08,FBA15KRSJ5B1,8A59BFVT,XPO1,,1,9,
S03167,2025-08.xlsx,2025-08-27T08:39:00,2025-08,FBA15KRSNNP1,67HOC5OM,WRO5,,2,58,
S03168,2025-08.xlsx,2025-08-27T08:50:00,2025-08,FBA15KRSVLBL,7NA27MJA,XPO1,,1,6,
S03169,2025-08.xlsx,2025-08-27T09:58:00,2025-08,FBA15KRTKNBG,36AEFIZM,WRO5,,1,34,
S03170,2025-08.xlsx,2025-08-27T10:04:00,2025-08,FBA15KRTF8LQ,4FJ1CL8U,WRO5,,1,34,
S03171,2025-08.xlsx,2025-08-27T10:23:00,2025-08,FBA15KRTDRYK,7OFNQHQD,WRO5,,1,28,
S03172,2025-08.xlsx,2025-08-27T11:14:00,2025-08,FBA15KRTW0XV,7W52646A,XPO1,,5,119,
S03173,2025-08.xlsx,2025-08-29T06:04:00,2025-08,FBA15KS2QYYF,4EQN9EXB,XPO1,,1,204,
S03174,2025-08.xlsx,2025-08-29T10:07:00,2025-08,FBA15KS57BFB,834IYJIJ,WRO5,,4,47,
S03175,2025-08.xlsx,2025-08-29T10:48:00,2025-08,FBA15KS4Q3GQ,55TWM3VM,XPO1,,1,12,
S03176,2025-09.xlsx,2025-09-01T10:00:00,2025-09,FBA15KSF4V20,1D3WBB5E,XPO1,,1,15,
S03177,2025-09.xlsx,2025-09-01T10:26:00,2025-09,FBA15KSFBBBQ,17NZ51PP,WRO5,,1,10,
S03178,2025-09.xlsx,2025-09-01T10:44:00,2025-09,FBA15KSFHRZG,5IXVBRTQ,XPO1,,1,14,
S03179,2025-09.xlsx,2025-09-02T07:52:00,2025-09,FBA15KSJZBTG,2B1ODL7S,WRO5,,3,50,
S03180,2025-09.xlsx,2025-09-02T08:36:00,2025-09,FBA15KSKFGQY,3AJVP5WV,XPO1,,4,30,
S03181,2025-09.xlsx,2025-09-02T09:26:00,2025-09,FBA15KSL5K8W,87MAR4UU,XPO1,,9,145,
S03182,2025-09.xlsx,2025-09-03T08:06:00,2025-09,FBA15KSQSX2Y,7OONF3GH,WRO5,,1,220,
S03183,2025-09.xlsx,2025-09-03T11:21:00,2025-09,FBA15KSSF864,1MLU17ZV,XPO1,,3,45,
S03184,2025-09.xlsx,2025-09-03T11:46:00,2025-09,FBA15KSSGKB0,8MCZNWEU,XPO1,,1,6,
S03185,2025-09.xlsx,2025-09-04T06:21:00,2025-09,FBA15KSWJMXH,86SMA47L,WRO5,,2,21,
S03186,2025-09.xlsx,2025-09-04T07:48:00,2025-09,FBA15KSX7GC5,1UT5JZMB,WRO5,,5,40,
S03187,2025-09.xlsx,2025-09-05T06:10:00,2025-09,FBA15KT1QW5Y,6LIDG1WI,XPO1,,1,14,
S03188,2025-09.xlsx,2025-09-05T09:49:00,2025-09,FBA15KT3PKKJ,3QP92R4V,WRO5,,2,70,
S03189,2025-09.xlsx,2025-09-05T10:39:00,2025-09,FBA15KT3X6VC,4N9HKYUE,WRO5,,1,27,
S03190,2025-09.xlsx,2025-09-08T07:02:00,2025-09,FBA15KT981YK,3NNIO1JC,XPO1,,1,10,
S03191,2025-09.xlsx,2025-09-08T07:32:00,2025-09,FBA15KT9KQG2,6KD7SQ6W,XPO1,,1,26,
S03192,2025-09.xlsx,2025-09-08T07:49:00,2025-09,FBA15KTB01DC,8OIKMWIW,XPO1,,1,11,
S03193,2025-09.xlsx,2025-09-08T11:40:00,2025-09,FBA15KTCJLMN,12RGVTJO,WRO5,,8,85,
S03194,2025-09.xlsx,2025-09-09T06:21:00,2025-09,FBA15KTGS9Y8,89RCFNSD,XPO1,,1,14,
S03195,2025-09.xlsx,2025-09-09T07:02:00,2025-09,FBA15KTGZRF4,83PJMM4R,XPO1,,1,14,
S03196,2025-09.xlsx,2025-09-09T07:15:00,2025-09,FBA15KTH4DN3,4CW8GFAB,XPO1,,1,6,
S03197,2025-09.xlsx,2025-09-09T07:23:00,2025-09,FBA15KTH44HV,1XOTSA1Z,WRO5,,1,34,
S03198,2025-09.xlsx,2025-09-09T07:35:00,2025-09,FBA15KTH6LJM,8WYF6XRK,WRO5,,1,35,
S03199,2025-09.xlsx,2025-09-09T09:42:00,2025-09,FBA15KTJNXQ8,2DOOBUBT,XPO1,,1,7,
S03200,2025-09.xlsx,2025-09-10T05:59:00,2025-09,FBA15KTN247C,896RII4S,WRO5,,1,34,
S03201,2025-09.xlsx,2025-09-10T06:11:00,2025-09,FBA15KTMXRFP,6E8OQ8GF,XPO1,,1,14,
S03202,2025-09.xlsx,2025-09-10T08:35:00,2025-09,FBA15KTPG036,4P6Q9X6D,WRO5,,5,133,
S03203,2025-09.xlsx,2025-09-10T09:42:00,2025-09,FBA15KTQFZQK,29MG7DAK,WRO5,,4,47,
S03204,2025-09.xlsx,2025-09-11T06:13:00,2025-09,FBA15KTTQM8N,86XR34DN,XPO1,,1,10,
S03205,2025-09.xlsx,2025-09-11T06:23:00,2025-09,FBA15KTTSM6N,8G1SAD1T,XPO1,,1,10,
S03206,2025-09.xlsx,2025-09-12T08:11:00,2025-09,FBA15KV1J8P7,43JCLV9C,XPO1,,4,117,
S03207,2025-09.xlsx,2025-09-16T08:18:00,2025-09,FBA15KVHXXK5,3H52YU4F,XPO1,,1,9,
S03208,2025-09.xlsx,2025-09-16T10:57:00,2025-09,FBA15KVKQ5WQ,4PES2FTR,WRO5,,6,78,
S03209,2025-09.xlsx,2025-09-17T07:56:00,2025-09,FBA15KVQ58D6,5ZQVUGCI,XPO1,,1,14,
S03210,2025-09.xlsx,2025-09-17T08:10:00,2025-09,FBA15KVQ291M,41FIBGMG,WRO5,,9,41,
S03211,2025-09.xlsx,2025-09-17T08:20:00,2025-09,FBA15KVQ978W,414ETGTM,XPO1,,1,14,
S03212,2025-09.xlsx,2025-09-17T09:21:00,2025-09,FBA15KVQVQHX,5ZD3SDOL,WRO5,,5,29,
S03213,2025-09.xlsx,2025-09-17T11:13:00,2025-09,FBA15KVRS727,6RX69XKO,WRO5,,4,50,
S03214,2025-09.xlsx,2025-09-18T05:53:00,2025-09,FBA15KVWL8B0,8914BY2E,WRO5,,1,10,
S03215,2025-09.xlsx,2025-09-18T06:13:00,2025-09,FBA15KVWMK28,2MFGQCJX,WRO5,,2,10,
S03216,2025-09.xlsx,2025-09-18T06:29:00,2025-09,FBA15KVW9L0M,7119SZBZ,XPO1,,3,161,
S03217,2025-09.xlsx,2025-09-18T08:10:00,2025-09,FBA15KVXLPNJ,2SMIQLUJ,WRO5,,3,65,
S03218,2025-09.xlsx,2025-09-18T08:39:00,2025-09,FBA15KVXYN7M,6O9XRCFW,WRO5,,3,118,
S03219,2025-09.xlsx,2025-09-18T08:59:00,2025-09,FBA15KVXW37L,4CTMSV7X,WRO5,,2,223,
S03220,2025-09.xlsx,2025-09-18T12:24:00,2025-09,FBA15KVZGP35,5EVQI18F,XPO1,,1,10,
S03221,2025-09.xlsx,2025-09-19T06:52:00,2025-09,FBA15KW292BM,1TDQGGOT,WRO5,,1,56,
S03222,2025-09.xlsx,2025-09-19T07:03:00,2025-09,FBA15KW20HFD,5TO4BEGV,WRO5,,1,56,
S03223,2025-09.xlsx,2025-09-19T07:20:00,2025-09,FBA15KW297Q2,5DWQ1J7X,XPO1,,1,12,
S03224,2025-09.xlsx,2025-09-19T07:49:00,2025-09,FBA15KW2JNRP,3MYTI3EY,WRO5,,1,10,
S03225,2025-09.xlsx,2025-09-19T08:01:00,2025-09,FBA15KW2N1CX,8XO5X2FZ,WRO5,,1,10,
S03226,2025-09.xlsx,2025-09-19T08:55:00,2025-09,FBA15KW30KND,866DD4QT,XPO1,,1,6,
S03227,2025-09.xlsx,2025-09-19T10:22:00,2025-09,FBA15KW3W9ZF,43QUS5JB,WRO5,,9,41,
S03228,2025-09.xlsx,2025-09-19T11:07:00,2025-09,FBA15KW4CW0N,1BYU6VTY,XPO1,,1,7,
S03229,2025-09.xlsx,2025-09-22T08:25:00,2025-09,FBA15KWC2KVJ,78LZOM2T,XPO1,,3,27,
S03230,2025-09.xlsx,2025-09-22T11:14:00,2025-09,FBA15KWDX2YC,1RJIDRFJ,WRO5,,9,200,
S03231,2025-09.xlsx,2025-09-23T06:02:00,2025-09,FBA15KWHM5CQ,17XFGPKG,XPO1,,1,14,
S03232,2025-09.xlsx,2025-09-23T06:27:00,2025-09,FBA15KWHDWXB,2GMJDBNL,XPO1,,1,20,
S03233,2025-09.xlsx,2025-09-23T06:42:00,2025-09,FBA15KWHTLBG,8JS491SA,XPO1,,1,26,
S03234,2025-09.xlsx,2025-09-23T06:59:00,2025-09,FBA15KWHWYGK,6J5B7CAU,WRO5,,1,10,
S03235,2025-09.xlsx,2025-09-23T07:05:00,2025-09,FBA15KWHGQ01,6ODLB36Q,WRO5,,1,10,
S03236,2025-09.xlsx,2025-09-23T07:11:00,2025-09,FBA15KWHSSCX,15X5X1VO,WRO5,,1,10,
S03237,2025-09.xlsx,2025-09-23T08:49:00,2025-09,FBA15KWJN3Z3,2CICTSDI,WRO5,,4,22,
S03238,2025-09.xlsx,2025-09-23T08:58:00,2025-09,FBA15KWJW7V6,7OLXAI5V,XPO1,,1,21,
S03239,2025-09.xlsx,2025-09-23T09:32:00,2025-09,FBA15KWK6GG1,3PBB8C8X,XPO1,,7,25,
S03240,2025-09.xlsx,2025-09-23T10:01:00,2025-09,FBA15KWKC3BP,3RR36ZFH,WRO5,,1,3,
S03241,2025-09.xlsx,2025-09-24T08:47:00,2025-09,FBA15KWNPZZP,7NA1C3XM,WRO5,,3,10,
S03242,2025-09.xlsx,2025-09-24T10:18:00,2025-09,FBA15KWP1R16,63RVDNKG,XPO1,,1,14,
S03243,2025-09.xlsx,2025-09-24T11:18:00,2025-09,FBA15KWPJ2S9,2IHVI5UB,WRO5,,12,103,
S03244,2025-09.xlsx,2025-09-25T06:37:00,2025-09,FBA15KWRC2TC,4S28EB7F,WRO5,,5,80,
S03245,2025-09.xlsx,2025-09-25T06:51:00,2025-09,FBA15KWRD4D1,8W9W5A4Z,WRO5,,2,16,
S03246,2025-09.xlsx,2025-09-25T07:32:00,2025-09,FBA15KWSX154,4VJ1OY8U,XPO1,,5,109,
S03247,2025-09.xlsx,2025-09-25T12:14:00,2025-09,FBA15KWWJ1N8,72ST536X,XPO1,,8,38,
S03248,2025-09.xlsx,2025-09-26T05:45:00,2025-09,FBA15KWZDNCY,278JDSWW,WRO5,,2,60,
S03249,2025-09.xlsx,2025-09-26T08:03:00,2025-09,FBA15KWZY1XG,62SU2ERL,XPO1,,7,19,
S03250,2025-09.xlsx,2025-09-26T10:03:00,2025-09,FBA15KX1BFD5,3VB4DYWW,WRO5,,3,100,
S03251,2025-09.xlsx,2025-09-26T12:26:00,2025-09,FBA15KX28XPD,885ENEGT,XPO1,,2,16,
S03252,2025-10.xlsx,2025-10-01T07:52:00,2025-10,FBA15KXLRKZR,249XB6OO,WRO5,,1,226,
S03253,2025-10.xlsx,2025-10-01T11:05:00,2025-10,FBA15KXMYSSH,6RQI9KJP,XPO1,,1,5,
S03254,2025-10.xlsx,2025-10-01T11:35:00,2025-10,FBA15KXMVGWT,2NLQ1XBA,WRO5,,2,104,
S03255,2025-10.xlsx,2025-10-01T12:59:00,2025-10,FBA15KXN4JCN,71QO6U9K,XPO1,,2,23,
S03256,2025-10.xlsx,2025-10-02T10:08:00,2025-10,FBA15JTY1ZY6,8PA3G42M,XPO1,,1,10,
S03257,2025-10.xlsx,2025-10-03T05:50:00,2025-10,FBA15KXRDGDN,3ITBC42D,WRO5,,3,225,
S03258,2025-10.xlsx,2025-10-03T08:43:00,2025-10,FBA15JTYKC6Q,2MVEO1LR,WRO5,,1,34,
S03259,2025-10.xlsx,2025-10-07T06:21:00,2025-10,FBA15KXYZV4D,3GGIL7IN,WRO5,,7,85,
S03260,2025-10.xlsx,2025-10-07T08:08:00,2025-10,FBA15KXZB4SF,7U8TXYPK,XPO1,,3,30,
S03261,2025-10.xlsx,2025-10-08T07:39:00,2025-10,FBA15KY3BZ8M,5V6I6P8R,WRO5,,12,77,
S03262,2025-10.xlsx,2025-10-08T12:10:00,2025-10,FBA15KY59PHN,62C2OHQB,XPO1,,12,189,
S03263,2025-10.xlsx,2025-10-09T06:49:00,2025-10,FBA15KY7XJRV,8USJJ3PJ,WRO5,,6,11,
S03264,2025-10.xlsx,2025-10-09T09:19:00,2025-10,FBA15KY9LPRY,5WAIAAWJ,WRO5,,9,43,
S03265,2025-10.xlsx,2025-10-09T11:21:00,2025-10,FBA15KYBL6NJ,35SH13AL,XPO1,,5,30,
S03266,2025-10.xlsx,2025-10-10T05:49:00,2025-10,FBA15KYFDLTD,3ZOWCX2O,WRO5,,1,34,
S03267,2025-10.xlsx,2025-10-10T06:15:00,2025-10,FBA15KYF4X1G,56DM9SBP,XPO1,,1,10,
S03268,2025-10.xlsx,2025-10-10T06:29:00,2025-10,FBA15KYFCTMQ,6FAOK3WR,WRO5,,1,35,
S03269,2025-10.xlsx,2025-10-10T06:43:00,2025-10,FBA15KYFLWFY,1MLSTN9C,XPO1,,1,24,
S03270,2025-10.xlsx,2025-10-10T07:02:00,2025-10,FBA15KYFY512,89X1IIOV,WRO5,,1,28,
S03271,2025-10.xlsx,2025-10-10T07:30:00,2025-10,FBA15KYFZKNB,2EMPN4PR,WRO5,,5,90,
S03272,2025-10.xlsx,2025-10-13T07:15:00,2025-10,FBA15KYQVQJ4,8SUCXSEL,WRO5,,2,70,
S03273,2025-10.xlsx,2025-10-14T05:54:00,2025-10,FBA15KYWP8KK,6UFR7WOC,WRO5,,1,56,
S03274,2025-10.xlsx,2025-10-14T06:28:00,2025-10,FBA15KYX3Y00,1YU4HQBU,WRO5,,1,125,
S03275,2025-10.xlsx,2025-10-14T06:47:00,2025-10,FBA15KYWZNQC,2DNOS1PD,XPO1,,1,10,
S03276,2025-10.xlsx,2025-10-14T07:51:00,2025-10,FBA15KYXX9BH,5GC2UUHF,XPO1,,1,10,
S03277,2025-10.xlsx,2025-10-14T07:56:00,2025-10,FBA15KYY0QRV,3RT6T93L,XPO1,,1,10,
S03278,2025-10.xlsx,2025-10-14T10:32:00,2025-10,FBA15KYZHV81,6FZH8XHB,WRO5,,5,115,
S03279,2025-10.xlsx,2025-10-14T12:48:00,2025-10,FBA15KYZTBWL,1BX18V1C,XPO1,,5,111,
S03280,2025-10.xlsx,2025-10-15T08:09:00,2025-10,FBA15KZ36BJS,34ZB2BUJ,WRO5,,3,90,
S03281,2025-10.xlsx,2025-10-15T09:45:00,2025-10,FBA15KZ4BJHS,1DVOCA7J,WRO5,,5,70,
S03282,2025-10.xlsx,2025-10-15T09:53:00,2025-10,FBA15KZ41TMB,46LK9VUG,XPO1,,1,14,
S03283,2025-10.xlsx,2025-10-16T09:45:00,2025-10,FBA15KZ9N48L,1M3OTS2S,XPO1,,1,6,
S03284,2025-10.xlsx,2025-10-16T11:49:00,2025-10,FBA15KZB9YRX,3UN2AN4Z,WRO5,,4,42,
S03285,2025-10.xlsx,2025-10-16T12:13:00,2025-10,FBA15KZBNVF0,65KFLNPL,XPO1,,1,21,
S03286,2025-10.xlsx,2025-10-17T08:30:00,2025-10,FBA15KZGC92F,4FK4DB3J,XPO1,,1,24,
S03287,2025-10.xlsx,2025-10-17T08:54:00,2025-10,FBA15KZGDG9N,7CUUK3LY,XPO1,,1,20,
S03288,2025-10.xlsx,2025-10-17T09:30:00,2025-10,FBA15KZGQBFB,2FF51YMV,XPO1,,1,14,
S03289,2025-10.xlsx,2025-10-17T09:42:00,2025-10,FBA15KZGRJGQ,46U9TMYM,XPO1,,1,14,
S03290,2025-10.xlsx,2025-10-20T06:14:00,2025-10,FBA15KZN47ZL,4M4ZZKFL,XPO1,,1,14,
S03291,2025-10.xlsx,2025-10-20T06:25:00,2025-10,FBA15KZNDBRS,8FU1P1FR,XPO1,,1,14,
S03292,2025-10.xlsx,2025-10-20T07:13:00,2025-10,FBA15KZNZGZ5,6DNZNTBE,WRO5,,3,71,
S03293,2025-10.xlsx,2025-10-20T07:49:00,2025-10,FBA15KZP9M73,3BU56P5E,WRO5,,4,86,
S03294,2025-10.xlsx,2025-10-20T10:06:00,2025-10,FBA15KZQ8BL1,325WD1HD,XPO1,,5,37,
S03295,2025-10.xlsx,2025-10-20T10:35:00,2025-10,FBA15KZQ8FKY,77LSFJCG,XPO1,,1,35,
S03296,2025-10.xlsx,2025-10-21T07:39:00,2025-10,FBA15KZTWWCY,8VRTSE7K,WRO5,,5,65,
S03297,2025-10.xlsx,2025-10-21T07:58:00,2025-10,FBA15KZV31LP,7UKXUTZP,XPO1,,2,13,
S03298,2025-10.xlsx,2025-10-21T12:16:00,2025-10,FBA15KZXDSM6,6VBLCQOU,XPO1,,1,26,
S03299,2025-10.xlsx,2025-10-22T05:33:00,2025-10,FBA15KZZHGSV,29WXCF1H,XPO1,,2,14,
S03300,2025-10.xlsx,2025-10-22T05:45:00,2025-10,FBA15KZZGF75,11ZLLNWO,XPO1,,1,14,
S03301,2025-10.xlsx,2025-10-22T06:33:00,2025-10,FBA15KZZWFYN,41S7VWYF,XPO1,,5,27,
S03302,2025-10.xlsx,2025-10-22T06:47:00,2025-10,FBA15L007DTS,616CFJBT,XPO1,,1,10,
S03303,2025-10.xlsx,2025-10-22T08:06:00,2025-10,FBA15L00SGJG,49P16TBU,WRO5,,6,60,
S03304,2025-10.xlsx,2025-10-22T09:48:00,2025-10,FBA15L0200GD,6PDDORYJ,WRO5,,7,87,
S03305,2025-10.xlsx,2025-10-22T11:13:00,2025-10,FBA15L02Q1N3,58V324UU,XPO1,,3,12,
S03306,2025-10.xlsx,2025-10-22T11:36:00,2025-10,FBA15L02SLJX,7E23JZQQ,XPO1,,1,9,
S03307,2025-10.xlsx,2025-10-23T06:32:00,2025-10,FBA15L05B5WC,21SLUZGK,XPO1,,5,19,
S03308,2025-10.xlsx,2025-10-23T07:57:00,2025-10,FBA15L06D325,4N4E2DLU,WRO5,,8,46,
S03309,2025-10.xlsx,2025-10-23T08:40:00,2025-10,FBA15L06L4BZ,4VJS617Y,XPO1,,6,30,
S03310,2025-10.xlsx,2025-10-24T06:12:00,2025-10,FBA15L0B3V6F,6ELSFVXL,WRO5,,1,35,
S03311,2025-10.xlsx,2025-10-24T06:58:00,2025-10,FBA15L0BGYG1,3Q4JMJFS,XPO1,,1,14,
S03312,2025-10.xlsx,2025-10-24T07:07:00,2025-10,FBA15L0BQLZX,7EHCPSUM,XPO1,,1,14,
S03313,2025-10.xlsx,2025-10-24T07:44:00,2025-10,FBA15L0BQY4R,7MWBOTZC,WRO5,,2,110,
S03314,2025-10.xlsx,2025-10-27T09:24:00,2025-10,FBA15L0LYM2B,2C9KGRQT,XPO1,,3,16,
S03315,2025-10.xlsx,2025-10-27T13:15:00,2025-10,FBA15L0N7BNP,6XNQDYLT,XPO1,,3,40,
S03316,2025-10.xlsx,2025-10-28T09:04:00,2025-10,FBA15L0RY2Y5,1IJQMQSF,XPO1,,5,110,
S03317,2025-10.xlsx,2025-10-28T12:44:00,2025-10,FBA15L0TFB6S,1O59DG7L,WRO5,,10,48,
S03318,2025-10.xlsx,2025-10-29T06:57:00,2025-10,FBA15L0XHKL0,1LKF4RTQ,WRO5,,4,100,
S03319,2025-10.xlsx,2025-10-29T07:20:00,2025-10,FBA15L0XDF14,4G2S81XN,XPO1,,2,11,
S03320,2025-10.xlsx,2025-10-29T09:23:00,2025-10,FBA15L0YQ48T,8D8AIE1Y,WRO5,,3,72,
S03321,2025-10.xlsx,2025-10-29T12:41:00,2025-10,FBA15L105DSV,2DWQWU1B,XPO1,,1,14,
S03322,2025-10.xlsx,2025-10-30T10:52:00,2025-10,FBA15L14XX1V,3ZDFNAVA,XPO1,,2,19,
S03323,2025-11.xlsx,2025-11-03T08:35:00,2025-11,FBA15L1HBMRN,4DGNCBTH,XPO1,,4,36,
S03324,2025-11.xlsx,2025-11-03T09:54:00,2025-11,FBA15L1HXN0G,8TQII5MM,WRO5,,6,145,
S03325,2025-11.xlsx,2025-11-06T08:50:00,2025-11,FBA15L20BFFN,7MIDAYCK,XPO1,,1,4,
S03326,2025-11.xlsx,2025-11-06T12:10:00,2025-11,FBA15L21MPQF,8ENC68LP,WRO5,,6,55,
S03327,2025-11.xlsx,2025-11-07T08:22:00,2025-11,FBA15L24NDZN,2UYQWERU,WRO5,,6,22,
S03328,2025-11.xlsx,2025-11-12T11:01:00,2025-11,FBA15L2RWBKY,8CQ91ITF,WRO5,,1,56,
S03329,2025-11.xlsx,2025-11-13T07:37:00,2025-11,FBA15L2WRW54,6EITA78A,XPO1,,1,10,
S03330,2025-11.xlsx,2025-11-13T07:46:00,2025-11,FBA15L2X637D,1LXAT94W,XPO1,,1,10,
S03331,2025-11.xlsx,2025-11-13T07:55:00,2025-11,FBA15L2X1GK6,4EU1E7JG,XPO1,,1,10,
S03332,2025-11.xlsx,2025-11-13T08:30:00,2025-11,FBA15L2XGY32,3I9JXLYK,WRO5,,4,28,
S03333,2025-11.xlsx,2025-11-13T08:45:00,2025-11,FBA15L2XDLRH,347T5YMS,WRO5,,1,56,
S03334,2025-11.xlsx,2025-11-13T10:57:00,2025-11,FBA15L2YN3G0,3RDT38GD,XPO1,,2,21,
S03335,2025-11.xlsx,2025-11-13T11:07:00,2025-11,FBA15L2YV0VT,6JG9RO4Q,WRO5,,1,7,
S03336,2025-11.xlsx,2025-11-13T12:33:00,2025-11,FBA15L2Z69YQ,8BPKNG4H,WRO5,,6,105,
S03337,2025-11.xlsx,2025-11-14T06:43:00,2025-11,FBA15L31MK44,8LPUXY7E,WRO5,,1,9,
S03338,2025-11.xlsx,2025-11-14T06:58:00,2025-11,FBA15L31ZB4B,3GXI9FOD,WRO5,,1,9,
S03339,2025-11.xlsx,2025-11-14T07:09:00,2025-11,FBA15L31N761,8DYUSB2A,XPO1,,1,15,
S03340,2025-11.xlsx,2025-11-14T07:23:00,2025-11,FBA15L324C3T,5K8UQFTZ,XPO1,,1,10,
S03341,2025-11.xlsx,2025-11-14T08:03:00,2025-11,FBA15L32G68T,8GZGI3CM,WRO5,,4,26,
S03342,2025-11.xlsx,2025-11-14T09:05:00,2025-11,FBA15L32Q8G9,6BTWL53J,XPO1,,4,45,
S03343,2025-11.xlsx,2025-11-14T11:49:00,2025-11,FBA15L343G5Y,7AL71XQR,WRO5,,4,43,
S03344,2025-11.xlsx,2025-11-17T08:43:00,2025-11,FBA15L3BHH6M,86FIH4GS,XPO1,,1,10,
S03345,2025-11.xlsx,2025-11-17T08:53:00,2025-11,FBA15L3B2WT1,4CULVJEV,XPO1,,1,10,
S03346,2025-11.xlsx,2025-11-17T08:57:00,2025-11,FBA15L3BHVWK,4B5YEBHP,XPO1,,1,10,
S03347,2025-11.xlsx,2025-11-17T09:11:00,2025-11,FBA15L3BCF65,6O2K919X,XPO1,,1,10,
S03348,2025-11.xlsx,2025-11-17T10:30:00,2025-11,FBA15L3BVGS1,3KTI29AD,WRO5,,6,42,
S03349,2025-11.xlsx,2025-11-18T07:44:00,2025-11,FBA15L3GRQ7Y,1WKGNPOG,XPO1,,6,53,
S03350,2025-11.xlsx,2025-11-18T08:39:00,2025-11,FBA15L3HD594,89VD1WNE,WRO5,,7,48,
S03351,2025-11.xlsx,2025-11-18T08:56:00,2025-11,FBA15L3HRYBX,48LJ4PLZ,WRO5,,2,13,
S03352,2025-11.xlsx,2025-11-18T09:07:00,2025-11,FBA15L3HHV0Y,8K1M7LEI,XPO1,,1,21,
S03353,2025-11.xlsx,2025-11-18T09:43:00,2025-11,FBA15L3J38T3,25JGGG3B,XPO1,,5,23,
S03354,2025-11.xlsx,2025-11-18T11:45:00,2025-11,FBA15L3JQCZJ,8CU8894M,WRO5,,6,70,
S03355,2025-11.xlsx,2025-11-19T07:20:00,2025-11,FBA15L3MN466,5MIWAASN,WRO5,,1,35,
S03356,2025-11.xlsx,2025-11-19T08:18:00,2025-11,FBA15L3NNMSD,22RDQR2Z,WRO5,,1,56,
S03357,2025-11.xlsx,2025-11-19T08:28:00,2025-11,FBA15L3NGPT5,8NL5E4HW,WRO5,,1,7,
S03358,2025-11.xlsx,2025-11-19T08:49:00,2025-11,FBA15L3NQH8B,7LS1J7PM,WRO5,,1,9,
S03359,2025-11.xlsx,2025-11-19T12:12:00,2025-11,FBA15L3Q63TY,1S67BJEY,XPO1,,3,10,
S03360,2025-11.xlsx,2025-11-21T07:25:00,2025-11,FBA15L402WBT,3P1KHAWK,XPO1,,7,162,
S03361,2025-11.xlsx,2025-11-21T10:47:00,2025-11,FBA15L42C1R7,45GZOA9C,WRO5,,2,150,
S03362,2025-11.xlsx,2025-11-21T11:12:00,2025-11,FBA15L425MY9,1SGG5UOI,WRO5,,1,220,
S03363,2025-11.xlsx,2025-11-21T11:35:00,2025-11,FBA15L423T95,6A37QT9S,XPO1,,1,7,
S03364,2025-11.xlsx,2025-11-24T09:57:00,2025-11,FBA15L494JSC,1727ODIV,XPO1,,1,7,
S03365,2025-11.xlsx,2025-11-24T11:06:00,2025-11,FBA15L49LHDB,44KE285Y,WRO5,,3,39,
S03366,2025-11.xlsx,2025-11-24T11:58:00,2025-11,FBA15L49SM9F,1ALN3MUK,XPO1,,1,7,
S03367,2025-11.xlsx,2025-11-24T13:09:00,2025-11,FBA15L49ZXX9,85PUCD2Z,XPO1,,2,14,
S03368,2025-11.xlsx,2025-11-25T07:52:00,2025-11,FBA15L4FF6RY,5HWIC2SW,WRO5,,1,35,
S03369,2025-11.xlsx,2025-11-25T08:15:00,2025-11,FBA15L4FS0FS,4QHADJQA,WRO5,,3,62,
S03370,2025-11.xlsx,2025-11-25T09:30:00,2025-11,FBA15L4GHG9D,32BX6FQJ,XPO1,,1,24,
S03371,2025-11.xlsx,2025-11-25T09:52:00,2025-11,FBA15L4GP7B2,4OJ6HXCA,WRO5,,2,21,
S03372,2025-11.xlsx,2025-11-25T11:21:00,2025-11,FBA15L4HDJW4,8J5XDSKK,WRO5,,4,86,
S03373,2025-11.xlsx,2025-11-25T12:33:00,2025-11,FBA15L4HPNB8,6WDCTLYA,XPO1,,2,19,
S03374,2025-11.xlsx,2025-11-26T07:06:00,2025-11,FBA15L4LTT4Q,5HDA4O2V,XPO1,,1,7,
S03375,2025-11.xlsx,2025-11-26T07:53:00,2025-11,FBA15L4LZP3Q,1BPXJAIV,WRO5,,6,100,
S03376,2025-11.xlsx,2025-11-26T09:08:00,2025-11,FBA15L4N3LDP,8JGM1Y4M,WRO5,,4,65,
S03377,2025-11.xlsx,2025-11-26T09:17:00,2025-11,FBA15L4MXTDN,4VU7AURK,XPO1,,2,10,
S03378,2025-11.xlsx,2025-11-26T10:48:00,2025-11,FBA15L4NF6R2,3ECN9CSA,WRO5,,5,32,
S03379,2025-11.xlsx,2025-11-26T11:30:00,2025-11,FBA15L4NTTW7,453BMK5O,XPO1,,2,17,
S03380,2025-11.xlsx,2025-11-26T12:17:00,2025-11,FBA15L4PBXJ9,79RP9PLG,WRO5,,3,62,
S03381,2025-11.xlsx,2025-11-27T09:05:00,2025-11,FBA15L4T1XPY,7OHQ65VE,WRO5,,5,84,
S03382,2025-11.xlsx,2025-11-27T10:43:00,2025-11,FBA15L4V4W0W,1333PL8M,XPO1,,1,10,
S03383,2025-11.xlsx,2025-11-27T10:51:00,2025-11,FBA15L4TVH35,3ELDT9AE,XPO1,,1,10,
S03384,2025-11.xlsx,2025-11-27T10:55:00,2025-11,FBA15L4V9S8W,7X1XYU2B,XPO1,,1,10,
S03385,2025-11.xlsx,2025-11-28T09:17:00,2025-11,FBA15L4ZG68V,6PMID4RT,WRO5,,5,26,
S03386,2025-12.xlsx,2025-12-01T11:55:00,2025-12,FBA15L57WFFF,1VD4NPJR,XPO1,,5,36,
S03387,2025-12.xlsx,2025-12-01T12:06:00,2025-12,FBA15L584M1C,5N43G3HW,XPO1,,2,13,
S03388,2025-12.xlsx,2025-12-01T12:31:00,2025-12,FBA15L5824FJ,7IDOZCZC,XPO1,,1,9,
S03389,2025-12.xlsx,2025-12-02T08:52:00,2025-12,FBA15L5D90RY,7KB6HBWQ,WRO5,,4,54,
S03390,2025-12.xlsx,2025-12-02T09:07:00,2025-12,FBA15L5D42Z5,6AQUTADW,WRO5,,1,56,
S03391,2025-12.xlsx,2025-12-02T09:28:00,2025-12,FBA15L5CQ0VG,8BEGB6NI,XPO1,,1,24,
S03392,2025-12.xlsx,2025-12-02T12:10:00,2025-12,FBA15L5FCX9D,4DVBEN7K,XPO1,,3,6,
S03393,2025-12.xlsx,2025-12-02T12:21:00,2025-12,FBA15L5FKFT5,4AS8OLAP,XPO1,,1,5,
S03394,2025-12.xlsx,2025-12-05T11:12:00,2025-12,FBA15L5XKDVN,66N1KB1Y,XPO1,,3,12,
S03395,2025-12.xlsx,2025-12-05T11:54:00,2025-12,FBA15L5Y066D,1VSTKOIT,WRO5,,8,49,
S03396,2025-12.xlsx,2025-12-08T11:31:00,2025-12,FBA15L65RMS1,31B4B6FF,XPO1,,1,13,
S03397,2025-12.xlsx,2025-12-08T11:56:00,2025-12,FBA15L65X9HH,3QPK47NF,WRO5,,1,35,
S03398,2025-12.xlsx,2025-12-09T07:31:00,2025-12,FBA15L68PQSK,3R3ZSWLN,WRO5,,9,86,
S03399,2025-12.xlsx,2025-12-10T07:15:00,2025-12,FBA15L6G6X31,4ARN5LZF,WRO5,,5,42,
S03400,2025-12.xlsx,2025-12-10T08:16:00,2025-12,FBA15L6GR0LK,3A8VWQUD,XPO1,,3,15,
S03401,2025-12.xlsx,2025-12-10T08:25:00,2025-12,FBA15L6GQPHN,5GBF23DL,XPO1,,1,14,
S03402,2025-12.xlsx,2025-12-11T06:27:00,2025-12,FBA15L6M4V67,1RJ7T1DC,XPO1,,1,4,
S03403,2025-12.xlsx,2025-12-12T07:30:00,2025-12,FBA15L6SZ1V1,21Q7O9OI,WRO5,,6,60,
S03404,2025-12.xlsx,2025-12-12T07:42:00,2025-12,FBA15L6SS347,2SZXZFCI,XPO1,,1,15,
S03405,2025-12.xlsx,2025-12-12T12:43:00,2025-12,FBA15L6WP833,3WVMZ16I,WRO5,,7,41,
S03406,2025-12.xlsx,2025-12-12T13:23:00,2025-12,FBA15L6WQBDC,79KF13OG,XPO1,,3,31,
S03407,2025-12.xlsx,2025-12-15T09:01:00,2025-12,FBA15L72076J,1M55NRHU,XPO1,,1,15,
S03408,2025-12.xlsx,2025-12-15T09:15:00,2025-12,FBA15L72M4DS,7BEFQX5I,XPO1,,1,6,
S03409,2025-12.xlsx,2025-12-15T09:38:00,2025-12,FBA15L72YKZ3,3OWXJCQH,XPO1,,2,17,
S03410,2025-12.xlsx,2025-12-16T10:00:00,2025-12,FBA15L780RCM,54KZ6YZZ,WRO5,,5,33,
S03411,2025-12.xlsx,2025-12-16T10:39:00,2025-12,FBA15L787Y89,2KQZH89C,XPO1,,1,10,
S03412,2025-12.xlsx,2025-12-16T10:46:00,2025-12,FBA15L78300B,1GKSOQKU,XPO1,,1,10,
S03413,2025-12.xlsx,2025-12-16T10:54:00,2025-12,FBA15L78ZD1Z,4VZYP7WB,XPO1,,1,10,
S03414,2025-12.xlsx,2025-12-16T11:32:00,2025-12,FBA15L790MLT,65BDHDOU,WRO5,,1,35,
S03415,2025-12.xlsx,2025-12-16T12:30:00,2025-12,FBA15L795G6W,2O9COVUC,XPO1,,3,17,
S03416,2025-12.xlsx,2025-12-18T07:28:00,2025-12,FBA15L7K497S,3QDGK6IF,XPO1,,1,6,
S03417,2025-12.xlsx,2025-12-18T08:02:00,2025-12,FBA15L7KRJCS,89LYTEHS,XPO1,,1,10,
S03418,2025-12.xlsx,2025-12-19T08:57:00,2025-12,FBA15L7RGXN6,5WS3TTMW,WRO5,,5,73,
S03419,2025-12.xlsx,2025-12-19T09:53:00,2025-12,FBA15L7RQX4G,5S4Q9LXZ,XPO1,,2,18,
S03420,2025-12.xlsx,2025-12-22T07:35:00,2025-12,FBA15L7YGLBN,1TPW5XMG,WRO5,,1,35,
S03421,2025-12.xlsx,2025-12-22T08:38:00,2025-12,FBA15L7YYWD4,6X8TLKDL,XPO1,,1,10,
S03422,2025-12.xlsx,2025-12-22T08:50:00,2025-12,FBA15L7Z1L11,7YBXILJN,XPO1,,1,10,
S03423,2026-01.xlsx,2026-01-07T13:29:00,2026-01,FBA15L9LHVN0,7P91ZTNJ,XPO1,,1,4,
S03424,2026-01.xlsx,2026-01-08T09:45:00,2026-01,FBA15L9Q5YCQ,6QSG86JD,XPO1,,1,4,
S03425,2026-01.xlsx,2026-01-08T10:42:00,2026-01,FBA15L9QBDS1,5S3F3BOO,XPO1,,1,15,
S03426,2026-01.xlsx,2026-01-08T12:09:00,2026-01,FBA15L9QRY05,37T5TUZC,WRO5,,4,38,
S03427,2026-01.xlsx,2026-01-08T13:10:00,2026-01,FBA15L9R3GLP,18ICITFE,XPO1,,1,5,
S03428,2026-01.xlsx,2026-01-09T10:34:00,2026-01,FBA15L9VSXH6,7986AN5W,WRO5,,8,106,
S03429,2026-01.xlsx,2026-01-12T08:46:00,2026-01,FBA15LB29DPG,16P3HR7T,XPO1,,1,10,
S03430,2026-01.xlsx,2026-01-12T09:00:00,2026-01,FBA15LB2871Z,6VO8A36M,XPO1,,1,10,
S03431,2026-01.xlsx,2026-01-13T12:36:00,2026-01,FBA15LB8YB1Z,4VC14AGJ,WRO5,,1,7,
S03432,2026-01.xlsx,2026-01-14T06:28:00,2026-01,FBA15LBCDN4C,8IXC8DAZ,XPO1,,1,14,
S03433,2026-01.xlsx,2026-01-16T07:38:00,2026-01,FBA15LBPX18N,3CZ13RNN,WRO5,,6,37,
S03434,2026-01.xlsx,2026-01-19T08:56:00,2026-01,FBA15LBYL560,8L1Y9HXO,WRO5,,7,142,
S03435,2026-01.xlsx,2026-01-19T09:26:00,2026-01,FBA15LBYZGDF,2MU2SMIC,XPO1,,2,25,
S03436,2026-01.xlsx,2026-01-19T09:46:00,2026-01,FBA15LBZ5XBH,8FVU6DXD,WRO5,,4,82,
S03437,2026-01.xlsx,2026-01-22T09:02:00,2026-01,FBA15LCGZWVZ,36S3K1OR,WRO5,,2,33,
S03438,2026-01.xlsx,2026-01-22T09:20:00,2026-01,FBA15LCHG8LD,1M7C5KRP,WRO5,,1,7,
S03439,2026-01.xlsx,2026-01-23T08:29:00,2026-01,FBA15LCN3D6J,32ZH9TFM,WRO5,,8,52,
S03440,2026-01.xlsx,2026-01-23T09:14:00,2026-01,FBA15LCNJQ2W,1QU8QF8L,WRO5,,1,10,
S03441,2026-01.xlsx,2026-01-23T09:26:00,2026-01,FBA15LCNY9DW,3JAA4KAZ,WRO5,,1,10,
S03442,2026-01.xlsx,2026-01-23T09:36:00,2026-01,FBA15LCN2FZ2,3H4F1GMQ,WRO5,,1,10,
S03443,2026-01.xlsx,2026-01-23T12:04:00,2026-01,FBA15LCP6FK0,2DKOXH4X,WRO5,,6,74,
S03444,2026-01.xlsx,2026-01-26T09:34:00,2026-01,FBA15LCX3HZ1,6KOZNEVU,XPO1,,1,17,
S03445,2026-01.xlsx,2026-01-26T10:51:00,2026-01,FBA15LCYBKYD,2CAT6CWH,WRO5,,7,75,
S03446,2026-01.xlsx,2026-01-27T06:49:00,2026-01,FBA15LD0XXXD,43M9HJLJ,XPO1,,1,14,
S03447,2026-01.xlsx,2026-01-28T07:35:00,2026-01,FBA15LD743SL,64C6HRUH,XPO1,,1,14,
S03448,2026-01.xlsx,2026-01-28T08:40:00,2026-01,FBA15LD7GXYX,865SSJEV,WRO5,,1,30,
S03449,2026-01.xlsx,2026-01-28T09:00:00,2026-01,FBA15LD7WG1W,6I4OF7WA,XPO1,,3,36,
S03450,2026-01.xlsx,2026-01-29T07:26:00,2026-01,FBA15LDD4Z2X,6DTA3ZRF,XPO1,,1,10,
S03451,2026-01.xlsx,2026-01-29T07:35:00,2026-01,FBA15LDDNWZ7,2JYNQILU,XPO1,,1,10,
S03452,2026-01.xlsx,2026-01-29T08:12:00,2026-01,FBA15LDF1TQT,8PPJGTQX,XPO1,,10,181,
S03453,2026-01.xlsx,2026-01-30T10:00:00,2026-01,FBA15LDLMBLP,4DAEP5JA,WRO5,,9,100,
S03454,2026-01.xlsx,2026-01-30T11:20:00,2026-01,FBA15LDM25B0,18GLNTKD,WRO5,,5,41,
S03455,2026-02.xlsx,2026-02-03T08:12:00,2026-02,FBA15LF08G3Z,49RXX19P,XPO1,,1,4,
S03456,2026-02.xlsx,2026-02-03T09:29:00,2026-02,FBA15LF1FB6T,72MORZUL,WRO5,,6,94,
S03457,2026-02.xlsx,2026-02-03T10:29:00,2026-02,FBA15LF1QSTR,14W94DSO,XPO1,,1,10,
S03458,2026-02.xlsx,2026-02-03T10:54:00,2026-02,FBA15LF1RBVH,75HXT3YU,XPO1,,1,10,
S03459,2026-02.xlsx,2026-02-03T11:08:00,2026-02,FBA15LF1TP7C,8GGEMNDT,XPO1,,1,10,
S03460,2026-02.xlsx,2026-02-03T11:27:00,2026-02,FBA15LF24GXK,1AKGF62X,WRO5,,1,7,
S03461,2026-02.xlsx,2026-02-03T11:44:00,2026-02,FBA15LF25BNL,4UQH14PK,WRO5,,1,9,
S03462,2026-02.xlsx,2026-02-03T12:07:00,2026-02,FBA15LF1YP7W,48DOQVWS,WRO5,,1,10,
S03463,2026-02.xlsx,2026-02-03T12:22:00,2026-02,FBA15LF2CBTK,7T7FROXX,WRO5,,1,28,
S03464,2026-02.xlsx,2026-02-04T09:19:00,2026-02,FBA15LF6YW7J,7AWGBWQC,WRO5,,3,17,
S03465,2026-02.xlsx,2026-02-04T09:39:00,2026-02,FBA15LF76YRB,5VAXEV3X,WRO5,,1,10,
S03466,2026-02.xlsx,2026-02-04T09:44:00,2026-02,FBA15LF76S6Q,8XF98EKC,WRO5,,1,10,
S03467,2026-02.xlsx,2026-02-04T11:59:00,2026-02,FBA15LF82XVP,1CIM2UTY,WRO5,,6,55,
S03468,2026-02.xlsx,2026-02-05T08:42:00,2026-02,FBA15LFCVPGF,28P57NGV,WRO5,,4,53,
S03469,2026-02.xlsx,2026-02-05T09:13:00,2026-02,FBA15LFDB4L1,25L3FYIB,WRO5,,2,87,
S03470,2026-02.xlsx,2026-02-06T09:17:00,2026-02,FBA15LFK7ZY2,8WKFQNFQ,XPO1,,9,237,
S03471,2026-02.xlsx,2026-02-09T11:00:00,2026-02,FBA15LFSZB74,5SQJO67N,XPO1,,3,25,
S03472,2026-02.xlsx,2026-02-09T11:22:00,2026-02,FBA15LFT89BF,6113NYZX,XPO1,,1,15,
S03473,2026-02.xlsx,2026-02-09T11:59:00,2026-02,FBA15LFTTKC7,2T1WTV6L,WRO5,,4,38,
S03474,2026-02.xlsx,2026-02-09T12:10:00,2026-02,FBA15LFTV74R,8HDPVD7I,XPO1,,1,4,
S03475,2026-02.xlsx,2026-02-09T12:25:00,2026-02,FBA15LFTVLK9,5IO56VZD,XPO1,,1,12,
S03476,2026-02.xlsx,2026-02-09T12:56:00,2026-02,FBA15LFTMN3L,647NQV5U,XPO1,,1,6,
S03477,2026-02.xlsx,2026-02-10T09:15:00,2026-02,FBA15LFXQW26,2WHMGQAR,XPO1,,4,31,
S03478,2026-02.xlsx,2026-02-10T09:42:00,2026-02,FBA15LFY0BCT,34TD4RQR,WRO5,,2,28,
S03479,2026-02.xlsx,2026-02-11T08:39:00,2026-02,FBA15LG1HMMN,1YW5Y23X,WRO5,,2,15,
S03480,2026-02.xlsx,2026-02-11T08:53:00,2026-02,FBA15LG1H04S,7MAYA7NL,XPO1,,1,16,
S03481,2026-02.xlsx,2026-02-11T09:19:00,2026-02,FBA15LG23270,4QF3SF7S,WRO5,,4,110,
S03482,2026-02.xlsx,2026-02-11T09:56:00,2026-02,FBA15LG23DN7,5FF56LSU,XPO1,,4,9,
S03483,2026-02.xlsx,2026-02-11T11:02:00,2026-02,FBA15LG2N1V5,2LKKAFSO,XPO1,,3,15,
S03484,2026-02.xlsx,2026-02-11T11:51:00,2026-02,FBA15LG2JCVM,16538JBM,XPO1,,3,13,
S03485,2026-02.xlsx,2026-02-12T08:02:00,2026-02,FBA15LG4QQ2S,14ODV14E,WRO5,,4,79,
S03486,2026-02.xlsx,2026-02-12T08:18:00,2026-02,FBA15LG4Y0B1,55W4LMFU,XPO1,,2,15,
S03487,2026-02.xlsx,2026-02-13T07:28:00,2026-02,FBA15LG7K2J2,6PVWKATA,WRO5,,5,58,
S03488,2026-02.xlsx,2026-02-13T08:28:00,2026-02,FBA15LG7KM7S,79JC2G6P,WRO5,,3,31,
S03489,2026-02.xlsx,2026-02-13T13:21:00,2026-02,FBA15LG8H10N,31F4824E,WRO5,,1,9,
S03490,2026-02.xlsx,2026-02-17T11:38:00,2026-02,FBA15LGFX1D0,41L8R2HH,WRO5,,1,9,
S03491,2026-02.xlsx,2026-02-17T13:33:00,2026-02,FBA15LGGLNQN,8AHCJPMB,WRO5,,6,46,
S03492,2026-02.xlsx,2026-02-18T09:54:00,2026-02,FBA15LGHZMM1,3CNE7H5G,WRO5,,1,10,
S03493,2026-02.xlsx,2026-02-18T10:48:00,2026-02,FBA15LGJ450Y,81DCLM5S,WRO5,,1,10,
S03494,2026-02.xlsx,2026-02-18T10:59:00,2026-02,FBA15LGJCYX0,5T4LPBWD,WRO5,,1,10,
S03495,2026-02.xlsx,2026-02-18T11:51:00,2026-02,FBA15LGJL9DM,8BDLFT2K,WRO5,,2,10,
S03496,2026-02.xlsx,2026-02-23T08:43:00,2026-02,FBA15LGSCQBK,4BZG4ZRK,WRO5,,5,195,
S03497,2026-02.xlsx,2026-02-23T10:50:00,2026-02,FBA15LGSWG54,6OY2JG5T,WRO5,,6,93,
S03498,2026-02.xlsx,2026-02-23T12:00:00,2026-02,FBA15LGSYPMP,3QUI2B2W,XPO1,,4,19,
S03499,2026-02.xlsx,2026-02-25T07:46:00,2026-02,FBA15LGZXV9C,2I7L8B1R,WRO5,,1,35,
S03500,2026-02.xlsx,2026-02-25T08:34:00,2026-02,FBA15LH098SD,23YJPCHX,WRO5,,6,85,
S03501,2026-02.xlsx,2026-02-25T12:30:00,2026-02,FBA15LH1GF4C,7BF2M4CK,WRO5,,4,123,
S03502,2026-02.xlsx,2026-02-26T07:27:00,2026-02,FBA15LH3STMQ,77EP4ETW,WRO5,,1,34,
S03503,2026-02.xlsx,2026-02-26T11:00:00,2026-02,FBA15LH57WFC,34H1UATD,XPO1,,1,10,
S03504,2026-02.xlsx,2026-02-26T11:08:00,2026-02,FBA15LH58406,1T8PR6IG,XPO1,,1,10,
S03505,2026-02.xlsx,2026-02-27T07:15:00,2026-02,FBA15LH82GXC,4BZHTADB,WRO5,,2,165,
S03506,2026-02.xlsx,2026-02-27T08:29:00,2026-02,FBA15LH8B0VM,17CVPVHJ,WRO5,,5,103,
S03507,2026-02.xlsx,2026-02-27T08:43:00,2026-02,FBA15LH8P6D6,4IJAZY6P,XPO1,,1,11,
S03508,2026-03.xlsx,2026-03-02T10:58:00,2026-03,FBA15LHJ2MLX,86S2FRTQ,XPO1,,2,15,
S03509,2026-03.xlsx,2026-03-02T11:12:00,2026-03,FBA15LHJ896S,1KUZ5MMX,XPO1,,1,7,
S03510,2026-03.xlsx,2026-03-02T12:29:00,2026-03,FBA15LHJQNTZ,5UIDI2QM,WRO5,,1,56,
S03511,2026-03.xlsx,2026-03-02T13:33:00,2026-03,FBA15LHK068D,1PFVNXNM,WRO5,,5,135,
S03512,2026-03.xlsx,2026-03-03T09:20:00,2026-03,FBA15LHMWYTR,25BODOKC,WRO5,,3,117,
S03513,2026-03.xlsx,2026-03-03T11:12:00,2026-03,FBA15LHNQ669,1NPAL9IO,XPO1,,1,19,
S03514,2026-03.xlsx,2026-03-03T11:31:00,2026-03,FBA15LHNYX7M,3J7GXR1S,XPO1,,1,26,
S03515,2026-03.xlsx,2026-03-03T11:52:00,2026-03,FBA15LHP49MN,7CXO9NAR,XPO1,,1,24,
S03516,2026-03.xlsx,2026-03-03T12:15:00,2026-03,FBA15LHP616Y,5M38QBQD,XPO1,,3,55,
S03517,2026-03.xlsx,2026-03-03T12:42:00,2026-03,FBA15LHP0M21,3VYHG7TR,XPO1,,3,75,
S03518,2026-03.xlsx,2026-03-03T12:42:00,2026-03,FBA15LHP0M21,3VYHG7TR,XPO1,,2,24,
S03519,2026-03.xlsx,2026-03-04T09:21:00,2026-03,FBA15LHT32W6,23QIR3PE,WRO5,,5,45,
S03520,2026-03.xlsx,2026-03-04T09:38:00,2026-03,FBA15LHSV562,2ME1C9ZN,XPO1,,1,14,
S03521,2026-03.xlsx,2026-03-04T10:24:00,2026-03,FBA15LHTKJVY,6485HFJX,XPO1,,1,14,
S03522,2026-03.xlsx,2026-03-04T10:34:00,2026-03,FBA15LHTQ7XP,8BOV66MM,XPO1,,1,15,
S03523,2026-03.xlsx,2026-03-04T11:00:00,2026-03,FBA15LHTWG43,8UC9XXSY,XPO1,,1,14,
S03524,2026-03.xlsx,2026-03-04T12:33:00,2026-03,FBA15LHV0W28,13KDAHSE,XPO1,,1,12,
S03525,2026-03.xlsx,2026-03-05T08:21:00,2026-03,FBA15LHXNHMC,7B26QHMS,XPO1,,8,220,
S03526,2026-03.xlsx,2026-03-05T09:24:00,2026-03,FBA15LHYQY58,49J83VMG,XPO1,,5,133,
S03527,2026-03.xlsx,2026-03-05T11:45:00,2026-03,FBA15LHZRPJR,367RH35S,XPO1,,1,4,
S03528,2026-03.xlsx,2026-03-05T12:02:00,2026-03,FBA15LHZX357,1YX17I6Y,XPO1,,1,5,
S03529,2026-03.xlsx,2026-03-06T11:14:00,2026-03,FBA15LJ4BHRZ,3MXYMQ7P,WRO5,,4,85,
S03530,2026-03.xlsx,2026-03-06T12:00:00,2026-03,FBA15LJ419HR,6JIR8D4U,WRO5,,6,44,
S03531,2026-03.xlsx,2026-03-09T12:14:00,2026-03,FBA15LJBWDRN,3AEEWVWW,WRO5,,4,50,
S03532,2026-03.xlsx,2026-03-10T08:27:00,2026-03,FBA15LJGHH8B,1F5UIADK,XPO1,,8,215,
S03533,2026-03.xlsx,2026-03-11T07:51:00,2026-03,FBA15LJLKH84,8ITV9SOI,XPO1,,1,24,
S03534,2026-03.xlsx,2026-03-11T08:07:00,2026-03,FBA15LJM35RQ,4O347U8X,WRO5,,1,2,
S03535,2026-03.xlsx,2026-03-11T08:22:00,2026-03,FBA15LJLZ3JT,47PPKFME,XPO1,,1,15,
S03536,2026-03.xlsx,2026-03-11T08:49:00,2026-03,FBA15LJMM2J6,71AVVI9C,WRO5,,6,74,
S03537,2026-03.xlsx,2026-03-11T09:15:00,2026-03,FBA15LJMTL5T,3IL9S3IX,XPO1,,2,5,
S03538,2026-03.xlsx,2026-03-11T09:40:00,2026-03,FBA15LJN3270,4IQGTLSQ,XPO1,,1,70,
S03539,2026-03.xlsx,2026-03-11T11:00:00,2026-03,FBA15LJNGBH3,2HV5TLFX,XPO1,,3,24,
S03540,2026-03.xlsx,2026-03-11T11:15:00,2026-03,FBA15LJNHCM7,5ED5WI5P,WRO5,,4,78,
S03541,2026-03.xlsx,2026-03-12T07:51:00,2026-03,FBA15LJRRYNW,2ECDKWKX,XPO1,,1,10,
S03542,2026-03.xlsx,2026-03-12T08:01:00,2026-03,FBA15LJRSCM5,3X12M5IO,XPO1,,1,10,
S03543,2026-03.xlsx,2026-03-12T08:16:00,2026-03,FBA15LJS3J2K,5QNWYBFY,XPO1,,1,10,
S03544,2026-03.xlsx,2026-03-12T09:08:00,2026-03,FBA15LJSPSCD,4GFAIYRL,XPO1,,1,14,
S03545,2026-03.xlsx,2026-03-12T09:53:00,2026-03,FBA15LJSQV73,327WK7OM,XPO1,,1,6,
S03546,2026-03.xlsx,2026-03-12T10:38:00,2026-03,FBA15LJT0HK5,69B3IMCB,WRO5,,1,20,
S03547,2026-03.xlsx,2026-03-16T09:28:00,2026-03,FBA15LK5F8N5,4LELPSZX,XPO1,,1,27,
S03548,2026-03.xlsx,2026-03-16T09:39:00,2026-03,FBA15LK5PPGZ,1KX3X9VM,XPO1,,1,24,
S03549,2026-03.xlsx,2026-03-16T09:51:00,2026-03,FBA15LK62XRD,638VYGLW,WRO5,,1,34,
S03550,2026-03.xlsx,2026-03-16T09:56:00,2026-03,FBA15LK5W9X2,5667KFOE,WRO5,,1,10,
S03551,2026-03.xlsx,2026-03-16T11:28:00,2026-03,FBA15LK633BY,5ZUBO12B,XPO1,,1,13,
S03552,2026-03.xlsx,2026-03-16T12:14:00,2026-03,FBA15LK732RV,4LPY3JLF,WRO5,,6,58,
S03553,2026-03.xlsx,2026-03-17T08:19:00,2026-03,FBA15LKB0HZ6,7WOYNVCC,XPO1,,7,172,
S03554,2026-03.xlsx,2026-03-17T10:30:00,2026-03,FBA15LKCC2WZ,4NWTZDNO,WRO5,,3,65,
S03555,2026-03.xlsx,2026-03-17T13:18:00,2026-03,FBA15LKDB3TP,1NFGXLMB,XPO1,,1,9,
S03556,2026-03.xlsx,2026-03-18T08:06:00,2026-03,FBA15LKHQFNC,8Y4JN8GZ,XPO1,,1,14,
S03557,2026-03.xlsx,2026-03-18T08:23:00,2026-03,FBA15LKJ6PJQ,4S4CQGPH,XPO1,,1,13,
S03558,2026-03.xlsx,2026-03-18T08:34:00,2026-03,FBA15LKHJHQF,71BHEYNU,XPO1,,1,14,
S03559,2026-03.xlsx,2026-03-18T08:44:00,2026-03,FBA15LKJ57N3,4CT72H7M,XPO1,,1,12,
S03560,2026-03.xlsx,2026-03-18T08:57:00,2026-03,FBA15LKJ5GPT,1IAR5CBR,XPO1,,1,12,
S03561,2026-03.xlsx,2026-03-18T09:08:00,2026-03,FBA15LKJ609N,8P9DFV6Z,XPO1,,1,7,
S03562,2026-03.xlsx,2026-03-18T09:21:00,2026-03,FBA15LKJ9JPM,1B1IHKHB,XPO1,,1,7,
S03563,2026-03.xlsx,2026-03-18T09:27:00,2026-03,FBA15LKJYN24,5Y7D641K,XPO1,,1,8,
S03564,2026-03.xlsx,2026-03-18T09:33:00,2026-03,FBA15LKHV1Y0,33DUAMOM,XPO1,,1,9,
S03565,2026-03.xlsx,2026-03-18T11:07:00,2026-03,FBA15LKKF2HG,7WMJFP3U,XPO1,,4,126,
S03566,2026-03.xlsx,2026-03-18T11:36:00,2026-03,FBA15LKKCZ49,8N4XTXKX,WRO5,,2,75,
S03567,2026-03.xlsx,2026-03-19T06:03:00,2026-03,FBA15LKNDM0B,6VDHR9TX,WRO5,,2,50,
S03568,2026-03.xlsx,2026-03-19T06:29:00,2026-03,FBA15LKNB32V,5INVHTWI,WRO5,,2,50,
S03569,2026-03.xlsx,2026-03-19T07:04:00,2026-03,FBA15LKP6JRT,7DO1B6CB,WRO5,,1,10,
S03570,2026-03.xlsx,2026-03-19T07:47:00,2026-03,FBA15LKPMK9H,71LMBI8W,WRO5,,3,38,
S03571,2026-03.xlsx,2026-03-19T08:34:00,2026-03,FBA15LKPLHF4,2PSQCZML,XPO1,,8,124,
S03572,2026-03.xlsx,2026-03-19T09:37:00,2026-03,FBA15LKQG555,72V2KEZS,XPO1,,5,154,
S03573,2026-03.xlsx,2026-03-19T12:18:00,2026-03,FBA15LKRPTQN,78XBSZPM,WRO5,,2,70,
S03574,2026-03.xlsx,2026-03-19T12:32:00,2026-03,FBA15LKRN369,3CLM997O,WRO5,,2,40,
S03575,2026-03.xlsx,2026-03-19T12:40:00,2026-03,FBA15LKS7DH3,6D13GWCA,XPO1,,1,10,
S03576,2026-03.xlsx,2026-03-19T12:51:00,2026-03,FBA15LKRN7V5,7MN3UFCI,XPO1,,1,9,
S03577,2026-03.xlsx,2026-03-19T13:08:00,2026-03,FBA15LKSL7YF,2N15QGEW,WRO5,,2,30,
S03578,2026-03.xlsx,2026-03-20T05:11:00,2026-03,FBA15LKTZ1MJ,4FCLVOPZ,XPO1,,2,42,
S03579,2026-03.xlsx,2026-03-20T05:36:00,2026-03,FBA15LKV06JF,746OQJ8D,WRO5,,4,35,
S03580,2026-03.xlsx,2026-03-20T06:17:00,2026-03,FBA15LKVM2C3,864U3GSI,WRO5,,5,95,
S03581,2026-03.xlsx,2026-03-20T06:30:00,2026-03,FBA15LKV6JHX,85SJ1NRU,WRO5,,1,28,
S03582,2026-03.xlsx,2026-03-20T08:12:00,2026-03,FBA15LKW7FKK,363V1TRJ,XPO1,,6,222,
S03583,2026-03.xlsx,2026-03-20T09:40:00,2026-03,FBA15LKWZ78Y,36X6IVXY,XPO1,,6,85,
S03584,2026-03.xlsx,2026-03-20T10:30:00,2026-03,FBA15LKXMQMF,6GRIWMCP,XPO1,,4,87,
S03585,2026-03.xlsx,2026-03-20T12:35:00,2026-03,FBA15LKXYYKL,2C7OPE9S,WRO5,,4,70,
S03586,2026-03.xlsx,2026-03-23T07:34:00,2026-03,FBA15LL27TPH,54MH4YQI,WRO5,,5,53,
S03587,2026-03.xlsx,2026-03-23T08:27:00,2026-03,FBA15LL2TGQK,2APBLILH,WRO5,,7,118,
S03588,2026-03.xlsx,2026-03-23T09:46:00,2026-03,FBA15LL39X5T,4ZOMXHFW,XPO1,,1,11,
S03589,2026-03.xlsx,2026-03-23T11:26:00,2026-03,FBA15LL422W5,2SDSJT9X,XPO1,,9,230,
S03590,2026-03.xlsx,2026-03-24T08:21:00,2026-03,FBA15LL871FP,1OY42BDP,XPO1,,6,125,
S03591,2026-03.xlsx,2026-03-24T11:05:00,2026-03,FBA15LL938R7,36D1NIXR,XPO1,,2,10,
S03592,2026-03.xlsx,2026-03-24T11:20:00,2026-03,FBA15LL9L201,2RTPL5SY,XPO1,,1,6,
S03593,2026-03.xlsx,2026-03-24T11:33:00,2026-03,FBA15LL9G5WT,6ZK5TMZT,XPO1,,1,7,
S03594,2026-03.xlsx,2026-03-24T11:57:00,2026-03,FBA15LL9RFKX,2G96VS4E,WRO5,,1,9,
S03595,2026-03.xlsx,2026-03-24T12:38:00,2026-03,FBA15LLB00CM,6BXIJGKK,WRO5,,3,43,
S03596,2026-03.xlsx,2026-03-25T06:47:00,2026-03,FBA15LLDBKSW,1QT3OE9F,WRO5,,2,95,
S03597,2026-03.xlsx,2026-03-25T07:02:00,2026-03,FBA15LLDB9D7,1S1NBIIG,WRO5,,1,35,
S03598,2026-03.xlsx,2026-03-25T07:23:00,2026-03,FBA15LLDHCYR,7M6END1D,WRO5,,2,55,
S03599,2026-03.xlsx,2026-03-25T07:45:00,2026-03,FBA15LLDVGPW,8U3QZNJO,XPO1,,2,44,
S03600,2026-03.xlsx,2026-03-25T08:06:00,2026-03,FBA15LLDWWD2,3W45BQCD,WRO5,,4,150,
S03601,2026-03.xlsx,2026-03-25T08:16:00,2026-03,FBA15LLF2PRP,7CEC69TI,XPO1,,1,21,
S03602,2026-03.xlsx,2026-03-25T08:28:00,2026-03,FBA15LLF34ZZ,4WAKAMGJ,WRO5,,1,34,
S03603,2026-03.xlsx,2026-03-25T08:39:00,2026-03,FBA15LLF3Q7T,3NA9I8FT,XPO1,,1,26,
S03604,2026-03.xlsx,2026-03-25T08:47:00,2026-03,FBA15LLF6Q8P,4OP85UTZ,XPO1,,1,20,
S03605,2026-03.xlsx,2026-03-25T08:54:00,2026-03,FBA15LLF98GJ,59H7T6EA,XPO1,,1,20,
S03606,2026-03.xlsx,2026-03-25T09:33:00,2026-03,FBA15LLFKYFL,3ZPB9GIW,WRO5,,4,61,
S03607,2026-03.xlsx,2026-03-25T09:41:00,2026-03,FBA15LLFQBVM,4WDB6MVG,XPO1,,1,24,
S03608,2026-03.xlsx,2026-03-25T09:46:00,2026-03,FBA15LLFVJP4,8LS6YM4W,XPO1,,1,24,
S03609,2026-03.xlsx,2026-03-25T10:23:00,2026-03,FBA15LLG33CM,3BLWGDRZ,WRO5,,5,118,
S03610,2026-03.xlsx,2026-03-25T11:12:00,2026-03,FBA15LLG6GM7,6VF8AGPS,XPO1,,1,5,
S03611,2026-03.xlsx,2026-03-25T11:22:00,2026-03,FBA15LLGH0VT,2TCK85BS,XPO1,,1,5,
S03612,2026-03.xlsx,2026-03-25T11:34:00,2026-03,FBA15LLGN808,5HNPET2W,WRO5,,1,100,
S03613,2026-03.xlsx,2026-03-25T12:18:00,2026-03,FBA15LLGZQVL,6DT76VPC,XPO1,,2,25,
S03614,2026-03.xlsx,2026-03-26T06:48:00,2026-03,FBA15LLK8LY8,8SLMBCVK,XPO1,,4,28,
S03615,2026-03.xlsx,2026-03-26T07:20:00,2026-03,FBA15LLKKHCZ,4ILGESBC,WRO5,,4,55,
S03616,2026-03.xlsx,2026-03-26T07:34:00,2026-03,FBA15LLL18XT,289624XP,WRO5,,1,8,
S03617,2026-03.xlsx,2026-03-26T08:17:00,2026-03,FBA15LLKV4Q1,27QFHLLC,WRO5,,3,30,
S03618,2026-03.xlsx,2026-03-26T08:24:00,2026-03,FBA15LLL71X6,4ZXKZDDK,WRO5,,1,2,
S03619,2026-03.xlsx,2026-03-26T08:35:00,2026-03,FBA15LLL7GW4,2AN7HCBV,WRO5,,1,26,
S03620,2026-03.xlsx,2026-03-26T09:01:00,2026-03,FBA15LLLM2J5,2Y7ZGNSD,XPO1,,2,32,
S03621,2026-03.xlsx,2026-03-26T10:28:00,2026-03,FBA15LLM1PB9,51LGNX1F,WRO5,,4,32,
S03622,2026-03.xlsx,2026-03-26T10:44:00,2026-03,FBA15LLM35M4,27G8KRAE,WRO5,,1,25,
S03623,2026-03.xlsx,2026-03-26T11:07:00,2026-03,FBA15LLMF33D,67QND71S,XPO1,,4,212,
S03624,2026-03.xlsx,2026-03-27T07:46:00,2026-03,FBA15LLQLY0P,571TFYPP,XPO1,,6,135,
S03625,2026-03.xlsx,2026-03-27T10:05:00,2026-03,FBA15LLRLTY5,5G58BDAG,WRO5,,3,49,
S03626,2026-03.xlsx,2026-03-27T10:39:00,2026-03,FBA15LLRXHCR,5FSKWCWB,WRO5,,1,28,
S03627,2026-03.xlsx,2026-03-27T11:28:00,2026-03,FBA15LLRW8BD,1L5274AT,WRO5,,6,143,
S03628,2026-03.xlsx,2026-03-27T11:59:00,2026-03,FBA15LLS2HMN,8HLBSCKE,XPO1,,7,38,
S03629,2026-03.xlsx,2026-03-30T06:44:00,2026-03,FBA15LLXQRDT,2KRMRAJS,XPO1,,8,177,
S03630,2026-03.xlsx,2026-03-30T07:27:00,2026-03,FBA15LLY8JW0,3QTMYQUN,WRO5,,5,145,
S03631,2026-03.xlsx,2026-03-30T08:03:00,2026-03,FBA15LLYR9QK,6NRJRHRY,WRO5,,8,65,
S03632,2026-03.xlsx,2026-03-30T12:00:00,2026-03,FBA15LM057B7,8I48DJ7W,WRO5,,7,170,
S03633,2026-03.xlsx,2026-03-31T06:37:00,2026-03,FBA15LM2NMJ2,85MCRLYZ,XPO1,,2,26,
S03634,2026-03.xlsx,2026-03-31T06:48:00,2026-03,FBA15LM30349,2GUDY4YX,WRO5,,4,60,
S03635,2026-03.xlsx,2026-03-31T07:53:00,2026-03,FBA15LM3VV1F,8LF2R96H,XPO1,,7,222,
S03636,2026-03.xlsx,2026-03-31T08:48:00,2026-03,FBA15LM3QHYN,61GEUV3F,XPO1,,4,84,
S03637,2026-03.xlsx,2026-03-31T10:01:00,2026-03,FBA15LM4PQ39,5TXLPYON,WRO5,,1,10,
S03638,2026-03.xlsx,2026-03-31T10:20:00,2026-03,FBA15LM4M8LN,45Y5Q4TC,XPO1,,1,13,
S03639,2026-03.xlsx,2026-03-31T10:40:00,2026-03,FBA15LM56V9R,4TTXF1ZH,XPO1,,1,13,
S03640,2026-03.xlsx,2026-03-31T10:47:00,2026-03,FBA15LM5393M,8KSNKZXS,WRO5,,1,17,
S03641,2026-03.xlsx,2026-03-31T10:57:00,2026-03,FBA15LM5D7SC,5QNODKZF,WRO5,,1,20,
S03642,2026-03.xlsx,2026-03-31T11:08:00,2026-03,FBA15LM5FMGL,1UK7GURY,WRO5,,1,56,
S03643,2026-04.xlsx,2026-04-01T05:49:00,2026-04,FBA15LM7SRY6,69JPL53D,XPO1,,5,118,
S03644,2026-04.xlsx,2026-04-01T07:16:00,2026-04,FBA15LM8L508,27828EMY,WRO5,,4,186,
S03645,2026-04.xlsx,2026-04-01T07:26:00,2026-04,FBA15LM8MYCD,1O2IVBHH,WRO5,,1,6,
S03646,2026-04.xlsx,2026-04-01T07:46:00,2026-04,FBA15LM8Q15F,1Y7KH6ZR,WRO5,,4,185,
S03647,2026-04.xlsx,2026-04-01T07:56:00,2026-04,FBA15LM8T13Q,4L1TJIOJ,XPO1,,2,32,
S03648,2026-04.xlsx,2026-04-01T10:08:00,2026-04,FBA15LMB05BG,2AF3QTSD,XPO1,,4,134,
S03649,2026-04.xlsx,2026-04-02T06:32:00,2026-04,FBA15LMF95HK,43J66M1L,WRO5,,1,20,
S03650,2026-04.xlsx,2026-04-02T06:51:00,2026-04,FBA15LMFNHH6,54G5WYUH,XPO1,,6,133,
S03651,2026-04.xlsx,2026-04-02T11:38:00,2026-04,FBA15LMHQMQP,8IBKZAZX,XPO1,,4,188,
S03652,2026-04.xlsx,2026-04-02T12:13:00,2026-04,FBA15LMHNZYH,565R9NSE,WRO5,,1,11,
S03653,2026-04.xlsx,2026-04-02T12:31:00,2026-04,FBA15LMHZR9D,8YXNXGWX,WRO5,,4,72,
S03654,2026-04.xlsx,2026-04-03T08:03:00,2026-04,FBA15LML9KDF,71FQRUFR,XPO1,,1,70,
S03655,2026-04.xlsx,2026-04-03T09:40:00,2026-04,FBA15LMLTQN4,3IPKRF4B,XPO1,,1,11,
S03656,2026-04.xlsx,2026-04-03T09:47:00,2026-04,FBA15LMMF7JG,1BYURP7T,XPO1,,1,13,
S03657,2026-04.xlsx,2026-04-07T10:39:00,2026-04,FBA15LMV797B,328GWDAU,WRO5,,1,34,
S03658,2026-04.xlsx,2026-04-07T11:12:00,2026-04,FBA15LMVC04X,7HSOEUFW,WRO5,,2,130,
S03659,2026-04.xlsx,2026-04-07T11:33:00,2026-04,FBA15LMVQWJ8,2KANAQ3V,WRO5,,1,100,
S03660,2026-04.xlsx,2026-04-07T12:06:00,2026-04,FBA15LMVQLYG,8A75T25E,XPO1,,3,30,
S03661,2026-04.xlsx,2026-04-07T12:35:00,2026-04,FBA15LMW0NCC,1V7DFG2F,WRO5,,4,39,
S03662,2026-04.xlsx,2026-04-07T12:52:00,2026-04,FBA15LMW1XRN,1QEN868E,XPO1,,3,23,
S03663,2026-04.xlsx,2026-04-08T05:10:00,2026-04,FBA15LMXP910,76NV12OK,WRO5,,1,4,
S03664,2026-04.xlsx,2026-04-08T05:18:00,2026-04,FBA15LMXRRFD,3I4TNXLR,WRO5,,1,4,
S03665,2026-04.xlsx,2026-04-08T05:31:00,2026-04,FBA15LMXVT7R,2GVMHS9T,WRO5,,1,10,
S03666,2026-04.xlsx,2026-04-08T06:03:00,2026-04,FBA15LMY21Y8,267VARDX,XPO1,,2,55,
S03667,2026-04.xlsx,2026-04-08T06:12:00,2026-04,FBA15LMXW1VW,88IZFP2V,XPO1,,1,7,
S03668,2026-04.xlsx,2026-04-08T06:34:00,2026-04,FBA15LMY0WRZ,1Z2F1EET,XPO1,,1,24,
S03669,2026-04.xlsx,2026-04-08T06:48:00,2026-04,FBA15LMYK8PS,85PI8ZCK,WRO5,,3,97,
S03670,2026-04.xlsx,2026-04-08T07:07:00,2026-04,FBA15LMYDV0D,5U6L4KMZ,WRO5,,1,120,
S03671,2026-04.xlsx,2026-04-08T07:47:00,2026-04,FBA15LMYPQT2,1HISGMHJ,XPO1,,2,201,
S03672,2026-04.xlsx,2026-04-08T10:15:00,2026-04,FBA15LN0CPGD,27ALZO2X,WRO5,,1,12,
S03673,2026-04.xlsx,2026-04-09T05:30:00,2026-04,FBA15LN2Z5P0,1TSLGSQT,WRO5,,4,164,
S03674,2026-04.xlsx,2026-04-09T05:47:00,2026-04,FBA15LN2TKTM,8AO4I5PG,XPO1,,1,24,
S03675,2026-04.xlsx,2026-04-09T06:06:00,2026-04,FBA15LN32715,3V3BG83Q,WRO5,,1,9,
S03676,2026-04.xlsx,2026-04-09T06:50:00,2026-04,FBA15LN3HHLW,6P7EP1XZ,WRO5,,4,60,
S03677,2026-04.xlsx,2026-04-14T06:24:00,2026-04,FBA15LNNFR2N,432LW8UD,XPO1,,1,13,
S03678,2026-04.xlsx,2026-04-14T07:18:00,2026-04,FBA15LNP7Y38,4CEOPT5I,XPO1,,1,26,
S03679,2026-04.xlsx,2026-04-14T07:57:00,2026-04,FBA15LNPH6M7,1J21FV5H,WRO5,,1,32,
S03680,2026-04.xlsx,2026-04-14T08:13:00,2026-04,FBA15LNPQB6Y,2VCGIWOH,XPO1,,2,70,
S03681,2026-04.xlsx,2026-04-14T10:34:00,2026-04,FBA15LNRBJFJ,61NBKKJX,WRO5,,2,160,
S03682,2026-04.xlsx,2026-04-14T11:00:00,2026-04,FBA15LNR3R3J,33YVOVGW,WRO5,,3,60,
S03683,2026-04.xlsx,2026-04-14T11:49:00,2026-04,FBA15LNRJLTJ,2G33MOJL,WRO5,,1,20,
S03684,2026-04.xlsx,2026-04-15T07:57:00,2026-04,FBA15LNVZJ88,5H3A18NK,XPO1,,3,162,
S03685,2026-04.xlsx,2026-04-15T10:32:00,2026-04,FBA15LNXQ3FD,1SS7YD9Y,XPO1,,1,7,
S03686,2026-04.xlsx,2026-04-15T10:44:00,2026-04,FBA15LNXM263,1ZKDR1FJ,XPO1,,1,7,
S03687,2026-04.xlsx,2026-04-15T10:50:00,2026-04,FBA15LNXRB34,3UICQVYZ,XPO1,,1,7,
S03688,2026-04.xlsx,2026-04-15T11:01:00,2026-04,FBA15LNXS2R1,8TYS93AE,XPO1,,1,7,
S03689,2026-04.xlsx,2026-04-15T11:36:00,2026-04,FBA15LNXYWBS,6OAXP25U,XPO1,,4,17,
S03690,2026-04.xlsx,2026-04-15T11:52:00,2026-04,FBA15LNY2NW0,3GWEFIWW,XPO1,,1,16,
S03691,2026-04.xlsx,2026-04-15T12:18:00,2026-04,FBA15LNXZ9C0,3KQT6TCP,WRO5,,6,91,
S03692,2026-04.xlsx,2026-04-16T05:29:00,2026-04,FBA15LP0QC95,781XCAGK,XPO1,,2,213,
S03693,2026-04.xlsx,2026-04-16T06:31:00,2026-04,FBA15LP0KGTP,87Y6G4NP,XPO1,,5,74,
S03694,2026-04.xlsx,2026-04-17T05:38:00,2026-04,FBA15LP5HZX9,72EN2THE,XPO1,,2,13,
S03695,2026-04.xlsx,2026-04-17T06:00:00,2026-04,FBA15LP5P8FB,1T5A4E4L,XPO1,,1,6,
S03696,2026-04.xlsx,2026-04-17T06:15:00,2026-04,FBA15LP5SPFS,8TM6ETWU,XPO1,,1,14,
S03697,2026-04.xlsx,2026-04-17T06:25:00,2026-04,FBA15LP5WMLL,8AC9AUSD,WRO5,,1,34,
S03698,2026-04.xlsx,2026-04-17T06:35:00,2026-04,FBA15LP642Q3,4A8WC5GO,XPO1,,1,24,
S03699,2026-04.xlsx,2026-04-17T06:47:00,2026-04,FBA15LP63CL9,7RATEBSG,XPO1,,1,26,
S03700,2026-04.xlsx,2026-04-17T07:23:00,2026-04,FBA15LP6BWQD,26KPIWHY,XPO1,,2,42,
S03701,2026-04.xlsx,2026-04-17T08:35:00,2026-04,FBA15LP73LMB,2Z5NKSPZ,WRO5,,3,49,
S03702,2026-04.xlsx,2026-04-17T08:58:00,2026-04,FBA15LP71VTL,7XFI6PLG,WRO5,,6,45,
S03703,2026-04.xlsx,2026-04-17T09:29:00,2026-04,FBA15LP7B5R2,291F145F,WRO5,,2,43,
S03704,2026-04.xlsx,2026-04-17T09:43:00,2026-04,FBA15LP7QZBX,5G841Q7Y,WRO5,,3,30,
S03705,2026-04.xlsx,2026-04-17T10:00:00,2026-04,FBA15LP7J8JB,4JZTVAKD,XPO1,,2,45,
S03706,2026-04.xlsx,2026-04-17T10:18:00,2026-04,FBA15LP7SJLD,2VCKJA8Q,XPO1,,1,10,
S03707,2026-04.xlsx,2026-04-20T08:47:00,2026-04,FBA15LPFNHST,4THU6A6L,XPO1,,5,173,
S03708,2026-04.xlsx,2026-04-20T11:41:00,2026-04,FBA15LPGZ2JH,55DW5ENH,XPO1,,1,9,
S03709,2026-04.xlsx,2026-04-20T12:21:00,2026-04,FBA15LPH3P2V,5TK9EB2V,WRO5,,7,110,
S03710,2026-04.xlsx,2026-04-21T05:22:00,2026-04,FBA15LPK0D26,1RNUI5WI,WRO5,,4,55,
S03711,2026-04.xlsx,2026-04-21T05:44:00,2026-04,FBA15LPK6J71,5MOPHDKM,XPO1,,2,15,
S03712,2026-04.xlsx,2026-04-21T06:30:00,2026-04,FBA15LPKLR4H,6CLCEN5K,WRO5,,6,100,
S03713,2026-04.xlsx,2026-04-21T06:50:00,2026-04,FBA15LPKR3ZG,2VMDUE3G,XPO1,,1,19,
S03714,2026-04.xlsx,2026-04-21T06:59:00,2026-04,FBA15LPKKK88,4XDNEFWP,XPO1,,1,19,
S03715,2026-04.xlsx,2026-04-21T07:43:00,2026-04,FBA15LPLDXPX,1SQCCBSU,XPO1,,3,21,
S03716,2026-04.xlsx,2026-04-21T07:52:00,2026-04,FBA15LPLG7MY,7H546G2R,WRO5,,1,7,
S03717,2026-04.xlsx,2026-04-21T08:15:00,2026-04,FBA15LPLL2XC,15PWYHXA,WRO5,,4,60,
S03718,2026-04.xlsx,2026-04-21T08:42:00,2026-04,FBA15LPLM721,8BS6WBGY,WRO5,,2,50,
S03719,2026-04.xlsx,2026-04-21T09:31:00,2026-04,FBA15LPMDXKC,8WU62BKB,WRO5,,2,14,
S03720,2026-04.xlsx,2026-04-21T10:02:00,2026-04,FBA15LPM8GSD,4DWD3O2T,XPO1,,1,21,
S03721,2026-04.xlsx,2026-04-22T09:30:00,2026-04,FBA15LPSKFVW,22IYDP4F,WRO5,,6,44,
S03722,2026-04.xlsx,2026-04-22T09:45:00,2026-04,FBA15LPS7X26,7ME1A8GT,WRO5,,1,100,
S03723,2026-04.xlsx,2026-04-22T10:05:00,2026-04,FBA15LPSYXBJ,5JQCD5JE,XPO1,,1,30,
S03724,2026-04.xlsx,2026-04-23T06:00:00,2026-04,FBA15LPWRGFN,4X238OPS,WRO5,,1,34,
S03725,2026-04.xlsx,2026-04-23T06:43:00,2026-04,FBA15LPWZTR2,2JA6JD6C,WRO5,,3,42,
S03726,2026-04.xlsx,2026-04-23T07:14:00,2026-04,FBA15LPXDWCY,38B36ROG,XPO1,,5,107,
S03727,2026-04.xlsx,2026-04-23T10:25:00,2026-04,FBA15LPZ6WZ4,2HM8F24R,WRO5,,3,45,
S03728,2026-04.xlsx,2026-04-24T06:21:00,2026-04,FBA15LQ1R9W6,2GQX1L5Q,WRO5,,3,55,
S03729,2026-04.xlsx,2026-04-24T07:02:00,2026-04,FBA15LQ26J75,5T4UAAWK,XPO1,,6,23,
S03730,2026-04.xlsx,2026-04-24T08:26:00,2026-04,FBA15LQ2R3PK,2921ZVPC,XPO1,,5,100,
S03731,2026-04.xlsx,2026-04-24T10:28:00,2026-04,FBA15LQ3L591,3K9ZF5YB,WRO5,,1,160,
S03732,2026-04.xlsx,2026-04-24T11:01:00,2026-04,FBA15LQ41J0H,3ZTBHV8S,WRO5,,5,65,
S03733,2026-04.xlsx,2026-04-27T06:20:00,2026-04,FBA15LQ8SPD1,2KP3MUMT,XPO1,,1,24,
S03734,2026-04.xlsx,2026-04-27T06:42:00,2026-04,FBA15LQ99R2F,2ZQVPURR,WRO5,,1,56,
S03735,2026-04.xlsx,2026-04-27T07:09:00,2026-04,FBA15LQ96P0Z,5RM8G32W,XPO1,,3,181,
S03736,2026-04.xlsx,2026-04-28T08:14:00,2026-04,FBA15LQHNX76,7E5JFITH,XPO1,,5,209,
S03737,2026-04.xlsx,2026-04-28T10:27:00,2026-04,FBA15LQK2KRK,8CDVIXWL,WRO5,,1,7,
S03738,2026-04.xlsx,2026-04-28T10:38:00,2026-04,FBA15LQJZC7D,6ACPVAJE,WRO5,,1,7,
S03739,2026-04.xlsx,2026-04-28T10:47:00,2026-04,FBA15LQJZ79G,87W28UNK,WRO5,,1,7,
S03740,2026-04.xlsx,2026-04-28T11:06:00,2026-04,FBA15LQK7YMG,5NA2L9PZ,XPO1,,3,19,
S03741,2026-04.xlsx,2026-04-29T05:27:00,2026-04,FBA15LQNWQK0,1DOZGEDA,XPO1,,1,26,
S03742,2026-04.xlsx,2026-04-29T05:47:00,2026-04,FBA15LQNWW39,3NFPWXFP,WRO5,,1,34,
S03743,2026-04.xlsx,2026-04-29T06:17:00,2026-04,FBA15LQMZVJH,55R5CM9N,WRO5,,4,85,
S03744,2026-04.xlsx,2026-04-29T06:28:00,2026-04,FBA15LQNQCJK,4ZAYE88X,XPO1,,1,14,
S03745,2026-04.xlsx,2026-04-29T06:35:00,2026-04,FBA15LQNQF7G,8L1BYYQJ,WRO5,,1,4,
S03746,2026-04.xlsx,2026-04-29T06:43:00,2026-04,FBA15LQNYTHK,3JI6GXOF,WRO5,,1,4,
S03747,2026-04.xlsx,2026-04-29T06:52:00,2026-04,FBA15LQNQ7WN,3HC3T1SC,WRO5,,2,105,
S03748,2026-04.xlsx,2026-04-29T08:25:00,2026-04,FBA15LQQ1G1X,2PPRJM6N,XPO1,,5,100,
S03749,2026-04.xlsx,2026-04-29T09:57:00,2026-04,FBA15LQQTJX5,2ECJX5AO,XPO1,,1,26,
S03750,2026-04.xlsx,2026-04-29T10:16:00,2026-04,FBA15LQQX63K,58DJ6MZI,WRO5,,1,100,
S03751,2026-04.xlsx,2026-04-29T10:39:00,2026-04,FBA15LQR2C5H,6FN4MRYW,WRO5,,1,30,
S03752,2026-04.xlsx,2026-04-29T10:54:00,2026-04,FBA15LQR41W1,6EEKY1OW,XPO1,,2,52,
S03753,2026-04.xlsx,2026-04-29T11:03:00,2026-04,FBA15LQR7QTY,18NVHL7T,XPO1,,1,24,
S03754,2026-04.xlsx,2026-04-30T05:18:00,2026-04,FBA15LQTMK3Q,4V6W49UY,XPO1,,1,24,
S03755,2026-04.xlsx,2026-04-30T06:05:00,2026-04,FBA15LQTP0BN,7XGWXZLT,WRO5,,5,55,
S03756,2026-04.xlsx,2026-04-30T06:41:00,2026-04,FBA15LQVB8FM,81FOIBJQ,WRO5,,3,55,
S03757,2026-04.xlsx,2026-04-30T06:48:00,2026-04,FBA15LQV8CTV,396R5G8X,XPO1,,1,20,
S03758,2026-04.xlsx,2026-04-30T07:22:00,2026-04,FBA15LQVJCH8,66BOYS6G,WRO5,,1,160,
S03759,2026-04.xlsx,2026-04-30T07:34:00,2026-04,FBA15LQVJPTX,84WT66WW,WRO5,,3,40,
S03760,2026-04.xlsx,2026-04-30T07:47:00,2026-04,FBA15LQVVJB8,3268QSOP,WRO5,,2,14,
S03761,2026-04.xlsx,2026-04-30T08:10:00,2026-04,FBA15LQW071P,2F5UISNR,WRO5,,2,9,
S03762,2026-04.xlsx,2026-04-30T08:34:00,2026-04,FBA15LQWH7GF,7FQ1MAGI,XPO1,,4,149,
S03763,2026-05.xlsx,2026-05-04T07:58:00,2026-05,FBA15LR1J6Z2,25LWZ2TP,WRO5,,1,4,
S03764,2026-05.xlsx,2026-05-04T08:23:00,2026-05,FBA15LR1W40F,6NWJQNQM,WRO5,,5,37,
S03765,2026-05.xlsx,2026-05-04T08:30:00,2026-05,FBA15LR1MXLM,7LEMNWTB,XPO1,,1,24,
S03766,2026-05.xlsx,2026-05-04T08:45:00,2026-05,FBA15LR1S3BK,3DFRNQWC,XPO1,,1,26,
S03767,2026-05.xlsx,2026-05-04T09:32:00,2026-05,FBA15LR26BXY,2IS7Z5BT,XPO1,,1,30,
S03768,2026-05.xlsx,2026-05-04T09:44:00,2026-05,FBA15LR1XJSV,5GJD5AFZ,WRO5,,1,30,
S03769,2026-05.xlsx,2026-05-04T11:53:00,2026-05,FBA15LR2H0NX,43TU4A2Q,XPO1,,1,9,
S03770,2026-05.xlsx,2026-05-05T07:36:00,2026-05,FBA15LR46W4G,7C1DP33K,XPO1,,6,247,
S03771,2026-05.xlsx,2026-05-05T10:22:00,2026-05,FBA15LR54JZ0,3HEVUHMX,XPO1,,1,5,
S03772,2026-05.xlsx,2026-05-05T10:35:00,2026-05,FBA15LR5G1KX,3CGXQWQQ,WRO5,,1,10,
S03773,2026-05.xlsx,2026-05-05T11:19:00,2026-05,FBA15LR5Q2BJ,8F28FYRV,XPO1,,1,14,
S03774,2026-05.xlsx,2026-05-05T11:31:00,2026-05,FBA15LR5MZ83,734ZVAJR,WRO5,,3,46,
S03775,2026-05.xlsx,2026-05-05T11:56:00,2026-05,FBA15LR5GC0T,4X6R22PK,XPO1,,2,25,
S03776,2026-05.xlsx,2026-05-05T12:17:00,2026-05,FBA15LR5TS0C,3TP22MZL,XPO1,,1,4,
S03777,2026-05.xlsx,2026-05-05T12:34:00,2026-05,FBA15LR5TBL7,8TTC88LM,XPO1,,1,15,
S03778,2026-05.xlsx,2026-05-06T05:48:00,2026-05,FBA15LR7P9WC,4UZAV95J,WRO5,,1,34,
S03779,2026-05.xlsx,2026-05-06T06:38:00,2026-05,FBA15LR89Q60,3IHY8DUK,WRO5,,1,10,
S03780,2026-05.xlsx,2026-05-06T07:48:00,2026-05,FBA15LRQF0Z0,1C2U4KQF,WRO5,,5,150,
S03781,2026-05.xlsx,2026-05-06T07:56:00,2026-05,FBA15LRW0SSN,4FJ3CO8A,XPO1,,1,5,
S03782,2026-05.xlsx,2026-05-06T08:40:00,2026-05,FBA15LRF50V1,2GX26QLE,WRO5,,2,40,
S03783,2026-05.xlsx,2026-05-06T08:47:00,2026-05,FBA15LRQK35X,3DO3PLCK,WRO5,,1,70,
S03784,2026-05.xlsx,2026-05-06T09:46:00,2026-05,FBA15LRKZ90M,6XMXXKAL,WRO5,,1,9,
S03785,2026-05.xlsx,2026-05-06T10:06:00,2026-05,FBA15LRF84VS,1MTWFK7D,XPO1,,1,24,
S03786,2026-05.xlsx,2026-05-06T10:39:00,2026-05,FBA15LR8P8FT,1S24P9XD,WRO5,,1,6,
S03787,2026-05.xlsx,2026-05-06T10:48:00,2026-05,FBA15LRL2P1R,31IK18WO,WRO5,,3,115,
S03788,2026-05.xlsx,2026-05-06T10:57:00,2026-05,FBA15LRL2B1G,3GRMV7AN,XPO1,,1,6,
S03789,2026-05.xlsx,2026-05-08T08:17:00,2026-05,FBA15LR9RKLL,3B5VYWOZ,WRO5,,1,100,
S03790,2026-05.xlsx,2026-05-11T06:38:00,2026-05,FBA15LS7Y11V,6FEF7WKJ,XPO1,,8,168,
S03791,2026-05.xlsx,2026-05-11T11:02:00,2026-05,FBA15LRY852C,4TQFJ9DN,XPO1,,1,14,
S03792,2026-05.xlsx,2026-05-11T11:09:00,2026-05,FBA15LRTY95W,784UWBKE,XPO1,,1,14,
S03793,2026-05.xlsx,2026-05-11T11:36:00,2026-05,FBA15LS45T0N,51MNGJ4Z,WRO5,,7,38,
S03794,2026-05.xlsx,2026-05-12T09:58:00,2026-05,FBA15LRPY6N9,8ISY8HSU,WRO5,,2,45,
S03795,2026-05.xlsx,2026-05-12T12:48:00,2026-05,FBA15LS54HG6,82E3KSKS,XPO1,,1,20,
S03796,2026-05.xlsx,2026-05-13T05:32:00,2026-05,FBA15LSB8HCB,7UNORWEP,XPO1,,2,15,
S03797,2026-05.xlsx,2026-05-13T05:40:00,2026-05,FBA15LSB3VR2,74VXVG4C,XPO1,,1,20,
S03798,2026-05.xlsx,2026-05-13T05:59:00,2026-05,FBA15LSCW5WG,5FUR7QTB,XPO1,,1,24,
S03799,2026-05.xlsx,2026-05-13T06:23:00,2026-05,FBA15LRCTBD7,4EDQAUAU,XPO1,,1,7,
S03800,2026-05.xlsx,2026-05-13T06:40:00,2026-05,FBA15LSBBGFW,1ZIRIOKA,WRO5,,4,120,
S03801,2026-05.xlsx,2026-05-13T07:09:00,2026-05,FBA15LSBD5WN,3YVK8WRQ,XPO1,,6,35,
S03802,2026-05.xlsx,2026-05-13T07:33:00,2026-05,FBA15LRCW0WB,82R5M88R,WRO5,,1,12,
S03803,2026-05.xlsx,2026-05-13T08:35:00,2026-05,FBA15LSD9M7K,2L15BZ8L,XPO1,,5,138,
S03804,2026-05.xlsx,2026-05-14T05:16:00,2026-05,FBA15LSJCHD0,6XMZ11JB,XPO1,,1,19,
S03805,2026-05.xlsx,2026-05-14T05:26:00,2026-05,FBA15LSGMJSP,6QUABCSF,XPO1,,1,19,
S03806,2026-05.xlsx,2026-05-14T07:30:00,2026-05,FBA15LRDH2JN,7Q1AJXKP,XPO1,,1,5,
S03807,2026-05.xlsx,2026-05-14T07:47:00,2026-05,FBA15LSDZT0K,1IJ8ODQU,XPO1,,1,6,
S03808,2026-05.xlsx,2026-05-14T07:58:00,2026-05,FBA15LSCB715,4BRXBC3W,XPO1,,1,30,
S03809,2026-05.xlsx,2026-05-14T08:09:00,2026-05,FBA15LSCC0ZQ,3H9AILRL,WRO5,,3,45,
S03810,2026-05.xlsx,2026-05-14T08:31:00,2026-05,FBA15LSGVT1X,1WIL95KA,WRO5,,3,85,
S03811,2026-05.xlsx,2026-05-14T09:44:00,2026-05,FBA15LSJLV40,2L1AVHPJ,WRO5,,6,124,
S03812,2026-05.xlsx,2026-05-14T10:48:00,2026-05,FBA15LSH03QS,4THTFV8Z,XPO1,,2,79,
S03813,2026-05.xlsx,2026-05-18T07:24:00,2026-05,FBA15LSYMW2K,4OK5ALYH,XPO1,,1,9,
S03814,2026-05.xlsx,2026-05-18T07:51:00,2026-05,FBA15LSYFHW0,4ALKILIA,WRO5,,3,35,
S03815,2026-05.xlsx,2026-05-18T08:12:00,2026-05,FBA15LSPX069,3AQ59B3R,XPO1,,1,25,
S03816,2026-05.xlsx,2026-05-18T08:47:00,2026-05,FBA15LSYJTB4,5896O7MO,WRO5,,1,27,
S03817,2026-05.xlsx,2026-05-18T09:01:00,2026-05,FBA15LSST4ZC,6IP3HVJW,XPO1,,1,5,
S03818,2026-05.xlsx,2026-05-18T09:35:00,2026-05,FBA15LSYZDS9,3I6ASP8P,WRO5,,3,44,
S03819,2026-05.xlsx,2026-05-18T09:52:00,2026-05,FBA15LSSWYWK,1YFCHEHT,XPO1,,1,20,
S03820,2026-05.xlsx,2026-05-18T10:21:00,2026-05,FBA15LSSYFX0,3SUIGA5T,WRO5,,3,70,
S03821,2026-05.xlsx,2026-05-18T10:40:00,2026-05,FBA15LSXK56L,7N73FB2F,WRO5,,2,16,
S03822,2026-05.xlsx,2026-05-18T11:11:00,2026-05,FBA15LSN6FW8,8O8SX1QX,WRO5,,3,70,
S03823,2026-05.xlsx,2026-05-19T06:26:00,2026-05,FBA15LSZJLQL,3T6B28ED,WRO5,,1,35,
S03824,2026-05.xlsx,2026-05-19T06:39:00,2026-05,FBA15LSZPSVF,1GCLN1JQ,WRO5,,2,190,
S03825,2026-05.xlsx,2026-05-19T07:22:00,2026-05,FBA15LSZY9LX,17NMDLCV,XPO1,,4,210,
S03826,2026-05.xlsx,2026-05-19T09:46:00,2026-05,FBA15LT806FJ,5SA1BD7H,WRO5,,1,9,
S03827,2026-05.xlsx,2026-05-19T10:58:00,2026-05,FBA15LSQN1JT,7LFSHN9Q,WRO5,,4,30,
S03828,2026-05.xlsx,2026-05-19T11:03:00,2026-05,FBA15LSQN354,3MEYD96L,WRO5,,4,39,
S03829,2026-05.xlsx,2026-05-20T06:24:00,2026-05,FBA15LTCPFGS,1GRD2D2K,WRO5,,4,57,
S03830,2026-05.xlsx,2026-05-20T06:47:00,2026-05,FBA15LSMBJZY,2ZMUEZ7U,WRO5,,1,28,
S03831,2026-05.xlsx,2026-05-20T08:07:00,2026-05,FBA15LTCZY03,22ZP8RBI,XPO1,,5,98,
S03832,2026-05.xlsx,2026-05-21T06:19:00,2026-05,FBA15LT7N78C,4F9ZXMRX,XPO1,,3,11,
S03833,2026-05.xlsx,2026-05-21T07:59:00,2026-05,FBA15LTF7KH1,2EBHM2XZ,XPO1,,3,167,
S03834,2026-05.xlsx,2026-05-22T06:27:00,2026-05,FBA15LTL5GNV,4RMDKXSE,WRO5,,1,100,
S03835,2026-05.xlsx,2026-05-22T06:48:00,2026-05,FBA15LTGJKJB,4PLF1WUK,XPO1,,1,20,
S03836,2026-05.xlsx,2026-05-22T07:05:00,2026-05,FBA15LTL70FH,2J8W9S2C,XPO1,,1,25,
S03837,2026-05.xlsx,2026-05-22T07:19:00,2026-05,FBA15LTGKRV3,6QJZOKMA,WRO5,,1,53,
S03838,2026-05.xlsx,2026-05-22T07:28:00,2026-05,FBA15LTMD4CK,4PZOJJJP,WRO5,,1,34,
S03839,2026-05.xlsx,2026-05-22T07:43:00,2026-05,FBA15LT4VTWP,5QCCSBOH,WRO5,,2,200,
S03840,2026-05.xlsx,2026-05-25T06:54:00,2026-05,FBA15LTNWX1K,6WOWY49I,XPO1,,4,23,
S03841,2026-05.xlsx,2026-05-25T07:43:00,2026-05,FBA15LT1W3H7,5KMWBY8Q,WRO5,,1,4,
S03842,2026-05.xlsx,2026-05-26T06:52:00,2026-05,FBA15LTYL17X,7IXVIZMU,XPO1,,1,4,
S03843,2026-05.xlsx,2026-05-26T07:16:00,2026-05,FBA15LTWYQ0T,59KQ1RSE,WRO5,,6,80,
S03844,2026-05.xlsx,2026-05-26T07:35:00,2026-05,FBA15LTYLDNG,7RZTW85E,XPO1,,1,13,
S03845,2026-05.xlsx,2026-05-26T07:52:00,2026-05,FBA15LTYPV4R,54M58S8P,XPO1,,1,13,
S03846,2026-05.xlsx,2026-05-26T08:07:00,2026-05,FBA15LV0S1TQ,6KLUF9OI,XPO1,,3,17,
S03847,2026-05.xlsx,2026-05-26T08:31:00,2026-05,FBA15LTX2ZHX,3FN7U6QS,WRO5,,1,30,
S03848,2026-05.xlsx,2026-05-26T08:53:00,2026-05,FBA15LTTFN5B,6Y57XXZF,WRO5,,1,10,
S03849,2026-05.xlsx,2026-05-27T06:02:00,2026-05,FBA15LV2W7ZV,2BEQRM9G,XPO1,,2,13,
S03850,2026-05.xlsx,2026-05-27T06:20:00,2026-05,FBA15LV2XN11,1ZSGKPMU,WRO5,,3,45,
S03851,2026-05.xlsx,2026-05-28T11:47:00,2026-05,FBA15LV6XWTV,24X9XVTT,XPO1,,8,171,
S03852,2026-05.xlsx,2026-05-29T08:54:00,2026-05,FBA15LV7Y59D,4OJVJQVM,XPO1,,4,92,
S03853,2026-06.xlsx,2026-06-01T06:42:00,2026-06,FBA15LV4JK05,4QZVZJWE,WRO5,,1,20,
S03854,2026-06.xlsx,2026-06-01T06:54:00,2026-06,FBA15LVR1L2X,4CBQO4QE,XPO1,,1,10,
S03855,2026-06.xlsx,2026-06-01T07:17:00,2026-06,FBA15LVR3HM2,2BT72OUV,XPO1,,1,10,
S03856,2026-06.xlsx,2026-06-01T07:42:00,2026-06,FBA15LV4L0FK,63WE8YBN,XPO1,,1,10,
S03857,2026-06.xlsx,2026-06-01T08:11:00,2026-06,FBA15LV8MNF2,5RXZQHUF,WRO5,,1,34,
S03858,2026-06.xlsx,2026-06-01T08:46:00,2026-06,FBA15LVR7W50,18ST8HZZ,WRO5,,1,7,
S03859,2026-06.xlsx,2026-06-01T08:55:00,2026-06,FBA15LV8P0YS,6FE5J7ZI,WRO5,,1,7,
S03860,2026-06.xlsx,2026-06-01T09:36:00,2026-06,FBA15LVL89N7,2LCX9Q9N,WRO5,,7,65,
S03861,2026-06.xlsx,2026-06-01T09:57:00,2026-06,FBA15LVR2SV7,16Z2YXQD,XPO1,,1,14,
S03862,2026-06.xlsx,2026-06-01T10:52:00,2026-06,FBA15LVGGT09,3TSNK7LX,XPO1,,1,19,
S03863,2026-06.xlsx,2026-06-01T11:01:00,2026-06,FBA15LVQ1Y3W,1KYN4ISD,XPO1,,1,19,
S03864,2026-06.xlsx,2026-06-01T11:26:00,2026-06,FBA15LV8TDY8,67SPWYTV,XPO1,,1,6,
S03865,2026-06.xlsx,2026-06-02T05:25:00,2026-06,FBA15LV91XV8,7BS38ICB,WRO5,,4,50,
S03866,2026-06.xlsx,2026-06-02T06:01:00,2026-06,FBA15LVRTJ3H,7ELE6CEM,WRO5,,2,190,
S03867,2026-06.xlsx,2026-06-02T06:37:00,2026-06,FBA15LVQKPP1,2UU6YAUC,WRO5,,1,100,
S03868,2026-06.xlsx,2026-06-02T07:07:00,2026-06,FBA15LVNVP14,361F181V,XPO1,,4,93,
S03869,2026-06.xlsx,2026-06-03T08:25:00,2026-06,FBA15LW0F323,4JQFP63K,XPO1,,7,138,
S03870,2026-06.xlsx,2026-06-03T11:58:00,2026-06,FBA15LVW8GWJ,4HPEONLN,WRO5,,1,35,
S03871,2026-06.xlsx,2026-06-03T12:09:00,2026-06,FBA15LW5X431,1TK4XAZM,XPO1,,1,9,
S03872,2026-06.xlsx,2026-06-08T06:14:00,2026-06,FBA15LWLCFD7,8ODSB67L,XPO1,,1,6,
S03873,2026-06.xlsx,2026-06-08T06:36:00,2026-06,FBA15LW7P8VM,75BSI6ES,XPO1,,1,13,
S03874,2026-06.xlsx,2026-06-08T06:45:00,2026-06,FBA15LW7PLGP,7M44CMDY,XPO1,,1,25,
S03875,2026-06.xlsx,2026-06-08T07:08:00,2026-06,FBA15LWMVWW2,289776FV,WRO5,,1,10,
S03876,2026-06.xlsx,2026-06-08T07:32:00,2026-06,FBA15LWDQTB2,7SSZOT5U,XPO1,,1,6,
S03877,2026-06.xlsx,2026-06-08T07:42:00,2026-06,FBA15LW9L83R,6E6CS1ZN,XPO1,,1,7,
S03878,2026-06.xlsx,2026-06-08T07:59:00,2026-06,FBA15LWH0VQ8,2ASCQ9QK,WRO5,,1,9,
S03879,2026-06.xlsx,2026-06-08T08:10:00,2026-06,FBA15LWH1JGH,8UN9U8LD,WRO5,,1,4,
S03880,2026-06.xlsx,2026-06-08T08:15:00,2026-06,FBA15LWDSXDH,3LDUASLH,WRO5,,1,4,
S03881,2026-06.xlsx,2026-06-08T08:56:00,2026-06,FBA15LW7V6QZ,6IOU54JP,XPO1,,5,112,
S03882,2026-06.xlsx,2026-06-08T11:50:00,2026-06,FBA15LW804HG,7819KEWB,WRO5,,3,73,
S03883,2026-06.xlsx,2026-06-11T05:26:00,2026-06,FBA15LX5J1CK,2WYW4YWA,WRO5,,1,56,
S03884,2026-06.xlsx,2026-06-11T05:54:00,2026-06,FBA15LX7D0JT,2USECGKJ,WRO5,,2,147,
S03885,2026-06.xlsx,2026-06-11T06:14:00,2026-06,FBA15LX7LVX1,4WHYNZ5I,WRO5,,1,7,
S03886,2026-06.xlsx,2026-06-11T06:20:00,2026-06,FBA15LWXWVYP,6SCFA5XM,WRO5,,1,7,
S03887,2026-06.xlsx,2026-06-11T06:42:00,2026-06,FBA15LX5LRKW,4PYYA2PT,XPO1,,1,19,
S03888,2026-06.xlsx,2026-06-11T07:03:00,2026-06,FBA15LWXYS73,7HMTCVPF,WRO5,,1,34,
S03889,2026-06.xlsx,2026-06-11T08:27:00,2026-06,FBA15LX9GL2K,8ASQXANB,XPO1,,1,7,
S03890,2026-06.xlsx,2026-06-11T10:34:00,2026-06,FBA15LX811RW,3I4Q4IBV,XPO1,,1,14,
S03891,2026-06.xlsx,2026-06-11T11:00:00,2026-06,FBA15LX60GN0,3NYCWZVD,WRO5,,4,100,
S03892,2026-06.xlsx,2026-06-11T11:47:00,2026-06,FBA15LX4MGP2,3OJAGJ3C,WRO5,,3,120,
S03893,2026-06.xlsx,2026-06-11T11:55:00,2026-06,FBA15LX82B55,4TT93F2G,XPO1,,1,30,
S03894,2026-06.xlsx,2026-06-11T12:21:00,2026-06,FBA15LX9MBS8,21K2UJ3M,XPO1,,2,12,
S03895,2026-06.xlsx,2026-06-11T12:42:00,2026-06,FBA15LX00TFD,7I8H7OQA,WRO5,,3,62,
S03896,2026-06.xlsx,2026-06-12T08:16:00,2026-06,FBA15LXB6590,69ZKCYTH,XPO1,,4,148,
S03897,2026-06.xlsx,2026-06-15T09:01:00,2026-06,FBA15LXG85FB,1KVIGVFV,XPO1,,5,113,
S03898,2026-06.xlsx,2026-06-15T09:45:00,2026-06,FBA15LXP2ZQ5,6WCPZI5Q,XPO1,,1,25,
S03899,2026-06.xlsx,2026-06-15T10:45:00,2026-06,FBA15LXGG50W,7SUURD5P,WRO5,,2,12,
S03900,2026-06.xlsx,2026-06-15T10:57:00,2026-06,FBA15LXGGFWQ,1RCIB39J,WRO5,,1,3,
S03901,2026-06.xlsx,2026-06-15T11:09:00,2026-06,FBA15LXKVGW6,1WKOMF1I,WRO5,,1,3,
S03902,2026-06.xlsx,2026-06-15T11:34:00,2026-06,FBA15LXC85XX,39QCXXCP,WRO5,,7,105,
S03903,2026-06.xlsx,2026-06-15T11:49:00,2026-06,FBA15LXGHTM7,1K2XB43C,WRO5,,1,15,
S03904,2026-06.xlsx,2026-06-17T06:48:00,2026-06,FBA15LXD8SDS,45EPMJLX,WRO5,,1,9,
S03905,2026-06.xlsx,2026-06-17T07:08:00,2026-06,FBA15LXXSX1Y,7XJSCBLW,WRO5,,5,66,
S03906,2026-06.xlsx,2026-06-17T07:22:00,2026-06,FBA15LXVX17X,2CRQDN8Q,XPO1,,1,19,
S03907,2026-06.xlsx,2026-06-17T07:55:00,2026-06,FBA15LXY2T3C,2LIDP2PM,WRO5,,3,35,
S03908,2026-06.xlsx,2026-06-17T07:55:00,2026-06,FBA15LXY2T3C,2LIDP2PM,WRO5,,3,38,
S03909,2026-06.xlsx,2026-06-17T08:22:00,2026-06,FBA15LXW2NDM,3FTXO3MY,WRO5,,3,38,
S03910,2026-06.xlsx,2026-06-17T08:39:00,2026-06,FBA15LXW3GQS,4Y8WUKOR,XPO1,,4,22,
S03911,2026-06.xlsx,2026-06-17T09:05:00,2026-06,FBA15LXY821Z,6EP1R53P,WRO5,,1,12,
S03912,2026-06.xlsx,2026-06-17T09:16:00,2026-06,FBA15LXRD1WW,55OJKGSO,XPO1,,2,14,
S03913,2026-06.xlsx,2026-06-17T09:41:00,2026-06,FBA15LXRDQ9S,4ZUJFIED,WRO5,,5,69,
S03914,2026-06.xlsx,2026-06-18T08:32:00,2026-06,FBA15LY0K33V,4ZCTC5UX,XPO1,,1,10,
S03915,2026-06.xlsx,2026-06-18T08:45:00,2026-06,FBA15LY0FW6F,6POLV1SP,XPO1,,1,10,
S03916,2026-06.xlsx,2026-06-18T08:54:00,2026-06,FBA15LXRXTL6,6ZOQWTLK,XPO1,,1,10,
S03917,2026-06.xlsx,2026-06-18T09:28:00,2026-06,FBA15LY0HX33,7C264ZPT,XPO1,,1,20,
S03918,2026-06.xlsx,2026-06-18T09:59:00,2026-06,FBA15LXRZV1B,8687BP1P,XPO1,,1,10,
S03919,2026-06.xlsx,2026-06-19T07:57:00,2026-06,FBA15LY955ZB,3PWABABZ,XPO1,,5,190,
S03920,2026-06.xlsx,2026-06-19T10:41:00,2026-06,FBA15LY3C5R7,5GJTYXPU,WRO5,,1,200,
S03921,2026-06.xlsx,2026-06-22T07:57:00,2026-06,FBA15LY8M3F6,8G4RGDAV,WRO5,,6,130,
S03922,2026-06.xlsx,2026-06-22T08:24:00,2026-06,FBA15LY3ZMZW,4LXVYK2I,WRO5,,4,100,
S03923,2026-06.xlsx,2026-06-22T10:16:00,2026-06,FBA15LYFVS9W,6DL8WBHM,XPO1,,1,13,
S03924,2026-06.xlsx,2026-06-22T10:30:00,2026-06,FBA15LY43V1H,7FTQN11M,XPO1,,1,13,
S03925,2026-06.xlsx,2026-06-22T11:40:00,2026-06,FBA15LY2HKH0,3EKUGIFM,XPO1,,2,15,
S03926,2026-06.xlsx,2026-06-22T12:19:00,2026-06,FBA15LY5NNJ8,5LMHZ4OK,XPO1,,1,19,
S03927,2026-06.xlsx,2026-06-23T05:22:00,2026-06,FBA15LY4FXYH,1K99XHXJ,WRO5,,1,20,
S03928,2026-06.xlsx,2026-06-23T05:38:00,2026-06,FBA15LY5YDV7,1SPN3RKM,XPO1,,1,6,
S03929,2026-06.xlsx,2026-06-23T05:49:00,2026-06,FBA15LYJNZZF,3J8KSH8I,WRO5,,1,34,
S03930,2026-06.xlsx,2026-06-23T06:58:00,2026-06,FBA15LYNHHST,8BS95L1V,WRO5,,3,130,
S03931,2026-06.xlsx,2026-06-23T07:39:00,2026-06,FBA15LYNGB5Z,6H9IHS7B,XPO1,,4,35,
S03932,2026-06.xlsx,2026-06-23T08:12:00,2026-06,FBA15LY2XZQ7,6RZVSFEX,XPO1,,1,14,
S03933,2026-06.xlsx,2026-06-23T08:22:00,2026-06,FBA15LYNNH5M,1Y8NT7CJ,XPO1,,1,14,
S03934,2026-06.xlsx,2026-06-23T10:44:00,2026-06,FBA15LYP1SZ3,49ZG3W1L,XPO1,,6,172,
S03935,2026-06.xlsx,2026-06-23T12:08:00,2026-06,FBA15LY4R9HL,7VB8NV5B,XPO1,,1,15,
S03936,2026-06.xlsx,2026-06-23T12:40:00,2026-06,FBA15LYQMWS7,2Z26D4JO,WRO5,,1,30,
S03937,2026-06.xlsx,2026-06-24T06:06:00,2026-06,FBA15LYR31PP,6PNA5ZWW,WRO5,,1,9,
S03938,2026-06.xlsx,2026-06-24T06:41:00,2026-06,FBA15LYR26TR,7RV57ARO,WRO5,,4,80,
S03939,2026-06.xlsx,2026-06-24T07:14:00,2026-06,FBA15LYVDSY8,7PTY3GLA,WRO5,,2,50,
S03940,2026-06.xlsx,2026-06-24T07:41:00,2026-06,FBA15LYL5K4H,2RRJCTML,XPO1,,1,25,
S03941,2026-06.xlsx,2026-06-24T08:06:00,2026-06,FBA15LYRBLTR,67BH95JN,XPO1,,1,5,
S03942,2026-06.xlsx,2026-06-25T06:36:00,2026-06,FBA15LYSJ1YY,2I2YHKGR,WRO5,,4,73,
S03943,2026-06.xlsx,2026-06-25T07:38:00,2026-06,FBA15LYWWSQM,1PYBMOYU,XPO1,,3,13,
S03944,2026-06.xlsx,2026-06-25T08:35:00,2026-06,FBA15LYXC5V9,4FJYP5MI,XPO1,,5,212,
S03945,2026-06.xlsx,2026-06-26T05:59:00,2026-06,FBA15LZ4Z2NQ,86DSXL9W,XPO1,,1,13,
S03946,2026-06.xlsx,2026-06-26T06:41:00,2026-06,FBA15LZ4Y780,779DD6MW,WRO5,,1,50,
S03947,2026-06.xlsx,2026-06-26T07:07:00,2026-06,FBA15LYJ41RH,5PSP34MF,XPO1,,1,5,
S03948,2026-06.xlsx,2026-06-26T07:37:00,2026-06,FBA15LYZZ80P,8MR7XKGI,WRO5,,2,190,
S03949,2026-06.xlsx,2026-06-26T08:49:00,2026-06,FBA15LYJ7KJR,5UGNTNFI,XPO1,,1,14,
S03950,2026-06.xlsx,2026-06-29T07:10:00,2026-06,FBA15LZ6ST8H,5XBCJYMC,XPO1,,1,15,
S03951,2026-06.xlsx,2026-06-29T07:38:00,2026-06,FBA15LZBQGJJ,5OHGQGPS,WRO5,,1,130,
S03952,2026-06.xlsx,2026-06-29T08:42:00,2026-06,FBA15LZ2WVBR,86EVU78T,WRO5,,1,130,
S03953,2026-06.xlsx,2026-06-30T06:12:00,2026-06,FBA15LZFDR64,2QZBCQ3A,WRO5,,2,8,
S03954,2026-06.xlsx,2026-06-30T06:34:00,2026-06,FBA15LZ7GP3R,1PRLX2CE,XPO1,,3,13,
S03955,2026-06.xlsx,2026-06-30T06:58:00,2026-06,FBA15LZCWDDV,1IYH3R5U,WRO5,,1,10,
S03956,2026-06.xlsx,2026-06-30T07:09:00,2026-06,FBA15LZ7GX5G,8GC7U4VM,XPO1,,1,9,
S03957,2026-06.xlsx,2026-06-30T07:28:00,2026-06,FBA15LZH3CR6,53OC9JEM,XPO1,,1,9,
S03958,2026-06.xlsx,2026-06-30T07:44:00,2026-06,FBA15LZH3FDT,6ATO1EXE,XPO1,,1,20,
S03959,2026-06.xlsx,2026-06-30T08:42:00,2026-06,FBA15LZFNTWR,67ZFCVFO,XPO1,,6,165,
S03960,2026-06.xlsx,2026-06-30T11:13:00,2026-06,FBA15LZFX84T,8GEV9NRG,WRO5,,3,14,
S03961,2026-06.xlsx,2026-06-30T11:27:00,2026-06,FBA15LZ445WX,7NXIV4XK,WRO5,,1,40,
S03962,2026-06.xlsx,2026-06-30T11:47:00,2026-06,FBA15LZDC77P,11FGPBCQ,WRO5,,3,34,
S03963,2026-06.xlsx,2026-06-30T12:07:00,2026-06,FBA15LZHN715,2QI7C3GM,XPO1,,1,19,
S03964,2026-06.xlsx,2026-06-30T12:15:00,2026-06,FBA15LZDCTLQ,46ZZQXBQ,WRO5,,1,6,
S03965,2026-06.xlsx,2026-06-30T12:24:00,2026-06,FBA15LZ7SHLG,7GYENPVP,XPO1,,1,10,
S03966,2026-06.xlsx,2026-06-30T12:32:00,2026-06,FBA15LZ4535P,73P3QD7R,XPO1,,1,10,
S03967,2026-06.xlsx,2026-06-30T12:41:00,2026-06,FBA15LZHPB1C,3AFT78WG,WRO5,,1,6,
S03968,2026-06.xlsx,2026-06-30T12:52:00,2026-06,FBA15LZG02J6,3ZV1H3XL,WRO5,,1,15,
S03969,2026-07.pdf,2026-07-01T00:00:00,2026-07,,AF260706556,WRO5,parcel,2,60,
S03970,2026-07.pdf,2026-07-01T00:00:00,2026-07,,AF260706538,XPO1,parcel,1,7,
S03971,2026-07.pdf,2026-07-01T00:00:00,2026-07,,AF260706531,WRO5,parcel,5,120,
S03972,2026-07.pdf,2026-07-01T00:00:00,2026-07,,AF260706346,WRO5,parcel,2,40,
S03973,2026-07.pdf,2026-07-01T00:00:00,2026-07,,AF260706339,WRO5,parcel,1,3,
S03974,2026-07.pdf,2026-07-01T00:00:00,2026-07,,AF260706334,WRO5,parcel,1,10,
S03975,2026-07.pdf,2026-07-01T00:00:00,2026-07,,AF260706321,WRO5,parcel,1,4,
S03976,2026-07.pdf,2026-07-01T00:00:00,2026-07,,AF260706319,WRO5,parcel,1,10,
S03977,2026-07.pdf,2026-07-01T00:00:00,2026-07,,AF260706318,WRO5,parcel,1,10,
S03978,2026-07.pdf,2026-07-01T00:00:00,2026-07,,AF260706315,XPO1,parcel,1,20,
S03979,2026-07.pdf,2026-07-01T00:00:00,2026-07,,AF260706312,XPO1,parcel,1,20,
S03980,2026-07.pdf,2026-07-01T00:00:00,2026-07,,AF260706304,WRO5,parcel,4,100,
S03981,2026-07.pdf,2026-07-01T00:00:00,2026-07,,AF260706296,WRO5,parcel,9,134,
S03982,2026-07.pdf,2026-07-01T00:00:00,2026-07,,AF260706274,XPO1,parcel,5,29,
S03983,2026-07.pdf,2026-07-01T00:00:00,2026-07,,AF260706268,XPO1,parcel,3,20,
S03984,2026-07.pdf,2026-07-01T00:00:00,2026-07,,AF260706259,XPO1,parcel,1,7,
S03985,2026-07.pdf,2026-07-01T00:00:00,2026-07,,AF260706258,XPO1,parcel,1,7,
S03986,2026-07.pdf,2026-07-01T00:00:00,2026-07,,AF260706255,XPO1,parcel,1,7,
S03987,2026-07.pdf,2026-07-01T00:00:00,2026-07,,AF260706254,WRO5,parcel,4,18,
S03988,2026-07.pdf,2026-07-01T00:00:00,2026-07,,AF260706250,WRO5,parcel,4,40,
S03989,2026-07.pdf,2026-07-01T00:00:00,2026-07,,AF260706247,XPO1,parcel,1,9,
S03990,2026-07.pdf,2026-07-01T00:00:00,2026-07,,AF260706244,XPO1,parcel,4,19,
S03991,2026-07.pdf,2026-07-01T00:00:00,2026-07,,PF260706014,XPO1,pallet,5,109,
S03992,2026-07.pdf,2026-07-01T00:00:00,2026-07,,AF260705780,WRO5,parcel,3,36,
S03993,2026-07.pdf,2026-07-01T00:00:00,2026-07,,AF260705775,WRO5,parcel,4,41,
S03994,2026-07.pdf,2026-07-01T00:00:00,2026-07,,AF260705766,WRO5,parcel,5,80,
S03995,2026-07.pdf,2026-07-01T00:00:00,2026-07,,AF260705755,WRO5,parcel,3,45,
S03996,2026-07.pdf,2026-07-01T00:00:00,2026-07,,AF260705748,WRO5,parcel,1,12,
S03997,2026-07.pdf,2026-07-01T00:00:00,2026-07,,PF260705735,XPO1,pallet,6,121,
S03998,2026-07.pdf,2026-07-01T00:00:00,2026-07,,AU260705682,XPO1,,1,14,
S03999,2026-07.pdf,2026-07-01T00:00:00,2026-07,,AF260705679,XPO1,parcel,1,14,
S04000,2026-07.pdf,2026-07-01T00:00:00,2026-07,,AF260705678,WRO5,parcel,1,35,
S04001,2026-07.pdf,2026-07-01T00:00:00,2026-07,,AF260705674,XPO1,parcel,1,7,
S04002,2026-07.pdf,2026-07-01T00:00:00,2026-07,,AF260705462,XPO1,parcel,1,10,
S04003,2026-07.pdf,2026-07-01T00:00:00,2026-07,,AF260705458,XPO1,parcel,1,10,
S04004,2026-07.pdf,2026-07-01T00:00:00,2026-07,,AF260705457,WRO5,parcel,1,200,
S04005,2026-07.pdf,2026-07-01T00:00:00,2026-07,,PF260705416,XPO1,pallet,7,164,
S04006,2026-07.pdf,2026-07-01T00:00:00,2026-07,,AF260704965,WRO5,parcel,1,25,
S04007,2026-07.pdf,2026-07-01T00:00:00,2026-07,,AF260704964,WRO5,parcel,1,25,
S04008,2026-07.pdf,2026-07-01T00:00:00,2026-07,,AF260704958,WRO5,parcel,1,3,
S04009,2026-07.pdf,2026-07-01T00:00:00,2026-07,,AF260704953,WRO5,parcel,1,4,
S04010,2026-07.pdf,2026-07-01T00:00:00,2026-07,,AF260704952,XPO1,parcel,1,20,
S04011,2026-07.pdf,2026-07-01T00:00:00,2026-07,,AF260704945,WRO5,parcel,4,58,
S04012,2026-07.pdf,2026-07-01T00:00:00,2026-07,,AF260704942,XPO1,parcel,1,20,
S04013,2026-07.pdf,2026-07-01T00:00:00,2026-07,,AF260704940,XPO1,parcel,1,20,
S04014,2026-07.pdf,2026-07-01T00:00:00,2026-07,,AF260704934,XPO1,parcel,1,30,
S04015,2026-07.pdf,2026-07-01T00:00:00,2026-07,,AF260704933,XPO1,parcel,1,50,
S04016,2026-07.pdf,2026-07-01T00:00:00,2026-07,,AF260704931,XPO1,parcel,1,50,
S04017,2026-07.pdf,2026-07-01T00:00:00,2026-07,,AF260704911,WRO5,parcel,1,20,
S04018,2026-07.pdf,2026-07-01T00:00:00,2026-07,,AF260704900,XPO1,parcel,1,5,
S04019,2026-07.pdf,2026-07-01T00:00:00,2026-07,,AF260704893,WRO5,parcel,1,4,
S04020,2026-07.pdf,2026-07-01T00:00:00,2026-07,,AU260704891,XPO1,,5,26,
S04021,2026-07.pdf,2026-07-01T00:00:00,2026-07,,AF260704880,WRO5,parcel,1,25,
S04022,2026-07.pdf,2026-07-01T00:00:00,2026-07,,PF260704667,XPO1,pallet,7,198,
S04023,2026-07.pdf,2026-07-01T00:00:00,2026-07,,PF260704615,WRO5,pallet,5,172,
S04024,2026-07.pdf,2026-07-01T00:00:00,2026-07,,AF260704600,XPO1,parcel,1,15,
S04025,2026-07.pdf,2026-07-01T00:00:00,2026-07,,AF260704596,XPO1,parcel,1,16,
S04026,2026-07.pdf,2026-07-01T00:00:00,2026-07,,AF260704595,XPO1,parcel,1,19,
S04027,2026-07.pdf,2026-07-01T00:00:00,2026-07,,AF260704592,XPO1,parcel,1,11,
S04028,2026-07.pdf,2026-07-01T00:00:00,2026-07,,AF260704102,WRO5,parcel,5,71,
S04029,2026-07.pdf,2026-07-01T00:00:00,2026-07,,AF260704089,XPO1,parcel,1,7,
S04030,2026-07.pdf,2026-07-01T00:00:00,2026-07,,AF260704088,WRO5,parcel,1,35,
S04031,2026-07.pdf,2026-07-01T00:00:00,2026-07,,AF260704078,XPO1,parcel,3,19,
S04032,2026-07.pdf,2026-07-01T00:00:00,2026-07,,AF260704055,WRO5,parcel,1,150,
S04033,2026-07.pdf,2026-07-01T00:00:00,2026-07,,PF260704045,XPO1,pallet,7,171,
S04034,2026-07.pdf,2026-07-01T00:00:00,2026-07,,AF260704007,XPO1,parcel,1,6,
S04035,2026-07.pdf,2026-07-01T00:00:00,2026-07,,AF260704006,WRO5,parcel,2,30,
S04036,2026-07.pdf,2026-07-01T00:00:00,2026-07,,AF260704002,WRO5,parcel,1,48,
S04037,2026-07.pdf,2026-07-01T00:00:00,2026-07,,AF260703995,XPO1,parcel,1,4,
S04038,2026-07.pdf,2026-07-01T00:00:00,2026-07,,AU260703791,WRO5,,1,34,
S04039,2026-07.pdf,2026-07-01T00:00:00,2026-07,,AF260703784,XPO1,parcel,1,14,
S04040,2026-07.pdf,2026-07-01T00:00:00,2026-07,,AF260703113,WRO5,parcel,3,112,
S04041,2026-07.pdf,2026-07-01T00:00:00,2026-07,,PF260703084,XPO1,pallet,7,178,
S04042,2026-07.pdf,2026-07-01T00:00:00,2026-07,,AF260703066,WRO5,parcel,1,3,
S04043,2026-07.pdf,2026-07-01T00:00:00,2026-07,,AF260703064,WRO5,parcel,2,45,
S04044,2026-07.pdf,2026-07-01T00:00:00,2026-07,,AF260702828,XPO1,parcel,1,10,
S04045,2026-07.pdf,2026-07-01T00:00:00,2026-07,,AF260702817,XPO1,parcel,1,15,
S04046,2026-07.pdf,2026-07-01T00:00:00,2026-07,,AF260702790,WRO5,parcel,1,34,
S04047,2026-07.pdf,2026-07-01T00:00:00,2026-07,,AF260702356,WRO5,parcel,1,25,
S04048,2026-07.pdf,2026-07-01T00:00:00,2026-07,,AF260702355,WRO5,parcel,4,80,
S04049,2026-07.pdf,2026-07-01T00:00:00,2026-07,,AF260702344,WRO5,parcel,1,6,
S04050,2026-07.pdf,2026-07-01T00:00:00,2026-07,,AF260702341,XPO1,parcel,1,26,
S04051,2026-07.pdf,2026-07-01T00:00:00,2026-07,,WD260702335,WRO5,,4,95,
S04052,2026-07.pdf,2026-07-01T00:00:00,2026-07,,AF260702318,WRO5,parcel,1,9,
S04053,2026-07.pdf,2026-07-01T00:00:00,2026-07,,AF260702316,WRO5,parcel,1,15,
S04054,2026-07.pdf,2026-07-01T00:00:00,2026-07,,PF260702302,XPO1,pallet,5,186,
S04055,2026-07.pdf,2026-07-01T00:00:00,2026-07,,AF260701909,XPO1,parcel,1,6,
S04056,2026-07.pdf,2026-07-01T00:00:00,2026-07,,AF260701903,XPO1,parcel,1,6,
S04057,2026-07.pdf,2026-07-01T00:00:00,2026-07,,AF260701884,XPO1,parcel,1,6,
S04058,2026-07.pdf,2026-07-01T00:00:00,2026-07,,AF260701859,XPO1,parcel,1,6,
S04059,2026-07.pdf,2026-07-01T00:00:00,2026-07,,AF260701665,XPO1,parcel,1,24,
S04060,2026-07.pdf,2026-07-01T00:00:00,2026-07,,AF260701664,WRO5,parcel,2,37,
S04061,2026-07.pdf,2026-07-01T00:00:00,2026-07,,AF260701658,WRO5,parcel,3,90,
S04062,2026-07.pdf,2026-07-01T00:00:00,2026-07,,AF260701636,WRO5,parcel,5,117,
S04063,2026-07.pdf,2026-07-01T00:00:00,2026-07,,AF260701619,WRO5,parcel,2,50,
S04064,2026-07.pdf,2026-07-01T00:00:00,2026-07,,AF260701122,WRO5,parcel,2,13,
S04065,2026-07.pdf,2026-07-01T00:00:00,2026-07,,AF260701083,XPO1,parcel,1,19,
S04066,2026-07.pdf,2026-07-01T00:00:00,2026-07,,AF260700842,XPO1,parcel,1,9,
S04067,2026-07.pdf,2026-07-01T00:00:00,2026-07,,AF260700835,XPO1,parcel,1,7,
S04068,2026-07.pdf,2026-07-01T00:00:00,2026-07,,AF260700819,WRO5,parcel,1,12,
S04069,2026-07.pdf,2026-07-01T00:00:00,2026-07,,AF260700818,XPO1,parcel,1,14,
S04070,2026-07.pdf,2026-07-01T00:00:00,2026-07,,AF260700815,XPO1,parcel,2,11,
S04071,2026-07.pdf,2026-07-01T00:00:00,2026-07,,AF260700804,WRO5,parcel,4,55,
S04072,2026-07.pdf,2026-07-01T00:00:00,2026-07,,AF260700418,WRO5,parcel,1,25,
S04073,2026-07.pdf,2026-07-01T00:00:00,2026-07,,AF260700416,XPO1,parcel,1,20,
S04074,2026-07.pdf,2026-07-01T00:00:00,2026-07,,PF260700192,XPO1,pallet,6,138,
S04075,2026-07.pdf,2026-07-01T00:00:00,2026-07,,AF260700057,XPO1,parcel,1,15,
S04076,2026-07.pdf,2026-07-01T00:00:00,2026-07,,AF260700056,WRO5,parcel,3,140,
S04077,2026-07.pdf,2026-07-01T00:00:00,2026-07,,AF260700053,WRO5,parcel,2,50,
S04078,2026-07.pdf,2026-07-01T00:00:00,2026-07,,AF260700049,WRO5,parcel,3,40,
S04079,2026-07.pdf,2026-07-01T00:00:00,2026-07,,AF260700048,WRO5,parcel,1,35,
S04080,2026-07.pdf,2026-07-01T00:00:00,2026-07,,AF260700046,WRO5,parcel,1,50,
S04081,2026-07.pdf,2026-07-01T00:00:00,2026-07,,AF260700027,XPO1,parcel,1,28,
S04082,2026-07.pdf,2026-07-01T00:00:00,2026-07,,AF260700025,WRO5,parcel,1,10,
S04083,2026-07.pdf,2026-07-01T00:00:00,2026-07,,PF260700021,XPO1,pallet,5,138,
S04084,2026-07.pdf,2026-07-01T00:00:00,2026-07,,PF260700017,XPO1,pallet,4,80,
S04085,2026-08.pdf,2026-08-01T00:00:00,2026-08,,PF260806243,WRO5,pallet,4,170,
S04086,2026-08.pdf,2026-08-01T00:00:00,2026-08,,AF260806233,WRO5,parcel,2,200,
S04087,2026-08.pdf,2026-08-01T00:00:00,2026-08,,AF260806222,WRO5,parcel,2,45,
S04088,2026-08.pdf,2026-08-01T00:00:00,2026-08,,AF260806190,WRO5,parcel,5,65,
S04089,2026-08.pdf,2026-08-01T00:00:00,2026-08,,AF260806178,XPO1,parcel,1,10,
S04090,2026-08.pdf,2026-08-01T00:00:00,2026-08,,AF260806177,XPO1,parcel,1,10,
S04091,2026-08.pdf,2026-08-01T00:00:00,2026-08,,AF260806174,WRO5,parcel,1,160,
S04092,2026-08.pdf,2026-08-01T00:00:00,2026-08,,AF260805837,WRO5,parcel,5,45,
S04093,2026-08.pdf,2026-08-01T00:00:00,2026-08,,AF260805615,WRO5,parcel,9,98,
S04094,2026-08.pdf,2026-08-01T00:00:00,2026-08,,PF260805601,XPO1,pallet,6,137,
S04095,2026-08.pdf,2026-08-01T00:00:00,2026-08,,AF260805591,XPO1,parcel,6,19,
S04096,2026-08.pdf,2026-08-01T00:00:00,2026-08,,AF260805583,XPO1,parcel,1,6,
S04097,2026-08.pdf,2026-08-01T00:00:00,2026-08,,AF260805384,WRO5,parcel,1,5,
S04098,2026-08.pdf,2026-08-01T00:00:00,2026-08,,AF260805380,WRO5,parcel,1,5,
S04099,2026-08.pdf,2026-08-01T00:00:00,2026-08,,AF260805375,WRO5,parcel,3,63,
S04100,2026-08.pdf,2026-08-01T00:00:00,2026-08,,PF260805112,XPO1,pallet,6,174,
S04101,2026-08.pdf,2026-08-01T00:00:00,2026-08,,AF260805088,XPO1,parcel,1,24,
S04102,2026-08.pdf,2026-08-01T00:00:00,2026-08,,AF260805082,XPO1,parcel,1,26,
S04103,2026-08.pdf,2026-08-01T00:00:00,2026-08,,AF260805075,WRO5,parcel,1,27,
S04104,2026-08.pdf,2026-08-01T00:00:00,2026-08,,AF260805073,XPO1,parcel,1,20,
S04105,2026-08.pdf,2026-08-01T00:00:00,2026-08,,AF260805068,WRO5,parcel,1,34,
S04106,2026-08.pdf,2026-08-01T00:00:00,2026-08,,AF260804838,WRO5,parcel,5,58,
S04107,2026-08.pdf,2026-08-01T00:00:00,2026-08,,AF260804822,WRO5,parcel,5,98,
S04108,2026-08.pdf,2026-08-01T00:00:00,2026-08,,AF260804809,WRO5,parcel,1,2,
S04109,2026-08.pdf,2026-08-01T00:00:00,2026-08,,AF260804479,XPO1,parcel,1,11,
S04110,2026-08.pdf,2026-08-01T00:00:00,2026-08,,AF260804476,XPO1,parcel,1,5,
S04111,2026-08.pdf,2026-08-01T00:00:00,2026-08,,AF260804468,XPO1,parcel,1,5,
S04112,2026-08.pdf,2026-08-01T00:00:00,2026-08,,AF260804464,XPO1,parcel,1,9,
S04113,2026-08.pdf,2026-08-01T00:00:00,2026-08,,AF260804460,WRO5,parcel,1,15,
S04114,2026-08.pdf,2026-08-01T00:00:00,2026-08,,AF260804457,WRO5,parcel,1,50,
S04115,2026-08.pdf,2026-08-01T00:00:00,2026-08,,AF260804456,WRO5,parcel,1,34,
S04116,2026-08.pdf,2026-08-01T00:00:00,2026-08,,PF260804227,XPO1,pallet,6,128,
S04117,2026-08.pdf,2026-08-01T00:00:00,2026-08,,AF260804209,WRO5,parcel,1,100,
S04118,2026-08.pdf,2026-08-01T00:00:00,2026-08,,AF260803973,XPO1,parcel,4,20,
S04119,2026-08.pdf,2026-08-01T00:00:00,2026-08,,AF260803969,XPO1,parcel,1,20,
S04120,2026-08.pdf,2026-08-01T00:00:00,2026-08,,PF260803393,XPO1,pallet,6,129,
S04121,2026-08.pdf,2026-08-01T00:00:00,2026-08,,AF260803383,WRO5,parcel,3,50,
S04122,2026-08.pdf,2026-08-01T00:00:00,2026-08,,AF260803367,XPO1,parcel,3,22,
S04123,2026-08.pdf,2026-08-01T00:00:00,2026-08,,AF260803363,WRO5,parcel,4,88,
S04124,2026-08.pdf,2026-08-01T00:00:00,2026-08,,AF260803352,XPO1,parcel,1,5,
S04125,2026-08.pdf,2026-08-01T00:00:00,2026-08,,AF260803348,XPO1,parcel,1,5,
S04126,2026-08.pdf,2026-08-01T00:00:00,2026-08,,AF260803329,WRO5,parcel,1,4,
S04127,2026-08.pdf,2026-08-01T00:00:00,2026-08,,AF260803325,XPO1,parcel,3,34,
S04128,2026-08.pdf,2026-08-01T00:00:00,2026-08,,AF260802970,WRO5,parcel,2,125,
S04129,2026-08.pdf,2026-08-01T00:00:00,2026-08,,AF260802962,WRO5,parcel,1,25,
S04130,2026-08.pdf,2026-08-01T00:00:00,2026-08,,AF260802936,WRO5,parcel,5,186,
S04131,2026-08.pdf,2026-08-01T00:00:00,2026-08,,AF260802933,WRO5,parcel,1,34,
S04132,2026-08.pdf,2026-08-01T00:00:00,2026-08,,AF260802930,XPO1,parcel,1,6,
S04133,2026-08.pdf,2026-08-01T00:00:00,2026-08,,PF260802745,XPO1,pallet,3,159,
S04134,2026-08.pdf,2026-08-01T00:00:00,2026-08,,AF260802684,WRO5,parcel,1,50,
S04135,2026-08.pdf,2026-08-01T00:00:00,2026-08,,AF260802682,WRO5,parcel,2,60,
S04136,2026-08.pdf,2026-08-01T00:00:00,2026-08,,AF260802674,XPO1,parcel,2,35,
S04137,2026-08.pdf,2026-08-01T00:00:00,2026-08,,AF260802668,WRO5,parcel,3,45,
S04138,2026-08.pdf,2026-08-01T00:00:00,2026-08,,PF260802470,XPO1,pallet,6,205,
S04139,2026-08.pdf,2026-08-01T00:00:00,2026-08,,AF260802461,XPO1,parcel,1,10,
S04140,2026-08.pdf,2026-08-01T00:00:00,2026-08,,AF260802407,WRO5,parcel,1,40,
S04141,2026-08.pdf,2026-08-01T00:00:00,2026-08,,AF260802403,XPO1,parcel,1,10,
S04142,2026-08.pdf,2026-08-01T00:00:00,2026-08,,AF260802402,XPO1,parcel,1,10,
S04143,2026-08.pdf,2026-08-01T00:00:00,2026-08,,AF260802400,XPO1,parcel,1,24,
S04144,2026-08.pdf,2026-08-01T00:00:00,2026-08,,AF260802397,XPO1,parcel,1,4,
S04145,2026-08.pdf,2026-08-01T00:00:00,2026-08,,AF260802394,XPO1,parcel,1,4,
S04146,2026-08.pdf,2026-08-01T00:00:00,2026-08,,PF260802126,WRO5,pallet,4,125,
S04147,2026-08.pdf,2026-08-01T00:00:00,2026-08,,AF260802120,WRO5,parcel,1,6,
S04148,2026-08.pdf,2026-08-01T00:00:00,2026-08,,AF260802118,XPO1,parcel,1,25,
S04149,2026-08.pdf,2026-08-01T00:00:00,2026-08,,AF260802108,XPO1,parcel,1,24,
S04150,2026-08.pdf,2026-08-01T00:00:00,2026-08,,AF260802099,WRO5,parcel,2,50,
S04151,2026-08.pdf,2026-08-01T00:00:00,2026-08,,AF260802097,WRO5,parcel,1,12,
S04152,2026-08.pdf,2026-08-01T00:00:00,2026-08,,AF260802078,WRO5,parcel,1,25,
S04153,2026-08.pdf,2026-08-01T00:00:00,2026-08,,AF260802068,WRO5,parcel,8,70,
S04154,2026-08.pdf,2026-08-01T00:00:00,2026-08,,AF260802051,XPO1,parcel,2,25,
S04155,2026-08.pdf,2026-08-01T00:00:00,2026-08,,PF260801816,XPO1,pallet,6,106,
S04156,2026-08.pdf,2026-08-01T00:00:00,2026-08,,AF260801777,WRO5,parcel,5,95,
S04157,2026-08.pdf,2026-08-01T00:00:00,2026-08,,AF260801772,XPO1,parcel,1,5,
S04158,2026-08.pdf,2026-08-01T00:00:00,2026-08,,AF260801771,XPO1,parcel,1,5,
S04159,2026-08.pdf,2026-08-01T00:00:00,2026-08,,AF260801767,XPO1,parcel,1,14,
S04160,2026-08.pdf,2026-08-01T00:00:00,2026-08,,AF260801766,XPO1,parcel,4,17,
S04161,2026-08.pdf,2026-08-01T00:00:00,2026-08,,AF260801759,WRO5,parcel,2,110,
S04162,2026-08.pdf,2026-08-01T00:00:00,2026-08,,AF260801754,XPO1,parcel,1,9,
S04163,2026-08.pdf,2026-08-01T00:00:00,2026-08,,AF260801745,XPO1,parcel,1,14,
S04164,2026-08.pdf,2026-08-01T00:00:00,2026-08,,AF260801733,XPO1,parcel,4,27,
S04165,2026-08.pdf,2026-08-01T00:00:00,2026-08,,AF260801327,WRO5,parcel,1,50,
S04166,2026-08.pdf,2026-08-01T00:00:00,2026-08,,AF260801325,WRO5,parcel,1,100,
S04167,2026-08.pdf,2026-08-01T00:00:00,2026-08,,AF260801322,WRO5,parcel,6,40,
S04168,2026-08.pdf,2026-08-01T00:00:00,2026-08,,AF260801314,WRO5,parcel,3,45,
S04169,2026-08.pdf,2026-08-01T00:00:00,2026-08,,AF260801283,WRO5,parcel,4,108,
S04170,2026-08.pdf,2026-08-01T00:00:00,2026-08,,AF260801279,XPO1,parcel,1,5,
S04171,2026-08.pdf,2026-08-01T00:00:00,2026-08,,AF260801277,XPO1,parcel,1,6,
S04172,2026-08.pdf,2026-08-01T00:00:00,2026-08,,AF260801273,WRO5,parcel,2,14,
S04173,2026-08.pdf,2026-08-01T00:00:00,2026-08,,AF260801094,WRO5,parcel,1,9,
S04174,2026-08.pdf,2026-08-01T00:00:00,2026-08,,AF260801086,XPO1,parcel,2,9,
S04175,2026-08.pdf,2026-08-01T00:00:00,2026-08,,AF260801067,XPO1,parcel,1,15,
S04176,2026-08.pdf,2026-08-01T00:00:00,2026-08,,PF260801028,XPO1,pallet,6,210,
S04177,2026-08.pdf,2026-08-01T00:00:00,2026-08,,AF260801023,WRO5,parcel,1,9,
S04178,2026-08.pdf,2026-08-01T00:00:00,2026-08,,AF260801009,WRO5,parcel,1,9,
S04179,2026-08.pdf,2026-08-01T00:00:00,2026-08,,AF260801005,XPO1,parcel,1,14,
S04180,2026-08.pdf,2026-08-01T00:00:00,2026-08,,AF260801003,XPO1,parcel,1,14,
S04181,2026-08.pdf,2026-08-01T00:00:00,2026-08,,AF260801000,WRO5,parcel,2,70,
S04182,2026-08.pdf,2026-08-01T00:00:00,2026-08,,AF260800783,XPO1,parcel,1,15,
S04183,2026-08.pdf,2026-08-01T00:00:00,2026-08,,AF260800782,XPO1,parcel,1,10,
S04184,2026-08.pdf,2026-08-01T00:00:00,2026-08,,AF260800744,XPO1,parcel,1,20,
S04185,2026-08.pdf,2026-08-01T00:00:00,2026-08,,AF260800739,XPO1,parcel,1,6,
S04186,2026-08.pdf,2026-08-01T00:00:00,2026-08,,AF260800455,XPO1,parcel,1,10,
S04187,2026-08.pdf,2026-08-01T00:00:00,2026-08,,AF260800450,XPO1,parcel,1,10,
S04188,2026-08.pdf,2026-08-01T00:00:00,2026-08,,AF260800445,XPO1,parcel,4,14,
S04189,2026-08.pdf,2026-08-01T00:00:00,2026-08,,PF260800246,XPO1,pallet,5,102,
S04190,2026-08.pdf,2026-08-01T00:00:00,2026-08,,AF260800235,WRO5,parcel,7,66,
S04191,2026-08.pdf,2026-08-01T00:00:00,2026-08,,AF260800203,XPO1,parcel,1,20,
S04192,2026-08.pdf,2026-08-01T00:00:00,2026-08,,AF260800201,XPO1,parcel,1,25,
