name,sku,brand,confidence,source
0WERHE Profi Bohrer für Erdbohrer 100 mm Pfahlbohrer Brunnenbohrer präzise Bohrspitze,1WG100d,WERHE,0.85,agent
WERHE Profesjonalne wiertło do wiertła do ziemi 100 mm Wiertarka kolumnowa,1WG100d,WERHE,0.80,review
WERHE Profi Bohrer für Erdbohrer 100 mm Pfahlbohrer Brunnenbohrer präzise Bohrspitze,1WG100d,WERHE,0.85,agent
WERHE Profi Bohrer für Erdbohrer 100 mm Pfahlbohrer Brunnenbohrer präzise Bohrspitze Hartmetall eco Farbe,1WG100d,WERHE,0.75,agent
WERHE Profi wiertło do wierteł gruntowych 100 mm wiertło runo dobrze wiertło precyzyjne wiertło podwójna helix węglik wolframu eco kolor,1WG100d,WERHE,0.80,review
"WERHE świder ziemny 100 mm, 80 cm, do wiertarki, z ostrzy z węglika",1WG100d,WERHE,0.80,agent
"WERHE® Profi Bohrer VollStahl, Erdbohrer für bohrmaschine 100 mm extrem robust - Pfahlbohrer Brunnenbohrer präzise Bohrspitze.",1WG100d,WERHE,0.70,agent
Świder do gleby 100D,1WG100d,,1.00,apilo
WERHE Profi Bohrer für Erdbohrer 100 mm Pfahlbohrer Brunnenbohrer präzise Bohrspitze Doppelspiral Hartmetall eco Farbe,1WG100h,WERHE,0.60,agent
"WERHE świder ziemny z podwójną spiralą Ø 100 mm, 80 cm, zielony",1WG100h,WERHE,0.60,agent
"WERHE świder ziemny Ø 100 mm, podwójna spirala, świder do słupków",1WG100h,WERHE,0.60,agent
"WERHE świder ziemny Ø 100 mm, wiertło z podwójną spiralą z grotu z węglika",1WG100h,WERHE,0.60,agent
WERHE Profi Bohrer für Erdbohrer 120 mm Pfahlbohrer Brunnenbohrer präzise Bohrspitze,1WG120d,WERHE,0.85,agent
WERHE profesjonalne wiertło do ziemi 120 mm wiertło do pali wiertło do studni precyzyjne wiertło punktowe,1WG120d,WERHE,0.80,agent
"WERHE profesjonalne wiertło do ziemi 120 mm, precyzyjne wiertło punktowe",1WG120d,WERHE,0.80,agent
"WERHE świder ziemny 120 mm, ostrza z węglika, stal hartowana, uchwyt 20 mm",1WG120d,WERHE,0.80,agent
"WERHE świder ziemny ⌀120 mm, 80 cm długości – do precyzyjnego kopania pod słupki ogrodzeniowe, sadzenie drzew, fundamenty i przepusty – solidny z ostrzami z węglika spiekanego",1WG120d,WERHE,0.80,agent
"WERHE® Profi Bohrer VollStahl, Erdbohrer für bohrmaschine 120 mm extrem robust - Pfahlbohrer Brunnenbohrer präzise Bohrspitze.",1WG120d,WERHE,0.70,agent
Świder do gleby 120D,1WG120d,,1.00,apilo
WERHE Profesjonalne wiertarki ślimakowe 120 mm Wiertarka z podwójnym wałem Wiertarka do wiertarek o wysokiej jakości stali,1WG120h,WERHE,0.60,agent
WERHE Profi Bohrer für Erdbohrer 120 mm Doppel-Welle Pfahlbohrer Brunnenbohrer robuste Bohrspitze Bohraufsatz aus hochwertigem Stahl,1WG120h,WERHE,0.60,agent
"WERHE świder ziemny Ø 120 mm, podwójna spirala",1WG120h,WERHE,0.60,agent
"WERHE® Profi Bohrer VollStahl, Erdbohrer für bohrmaschine 120 mm Doppel-Welle extrem robust - Pfahlbohrer Brunnenbohrer präzise Bohrspitze.",1WG120h,WERHE,0.60,agent
"Profesjonalna wiertarka WERHE®, świder do wiertarki Wytrzymała 150 mm - wiertło do pali wiertło precyzyjne wiertło precyzyjne - wiertło do świdra do ziemi",1WG150d,WERHE,0.75,agent
"Profesjonalna wiertarka WERHE®, świder do wiertarki Wytrzymała 150 mm, wiertło do świdra do ziemi.",1WG150d,WERHE,0.75,agent
WERHE Profi Bohrer für Erdbohrer 150 mm Pfahlbohrer Brunnenbohrer robuste Bohrspitze,1WG150d,WERHE,0.80,agent
WERHE Profi Bohrer für Erdbohrer 150 mm VollStahl Pfahlbohrer Brunnenbohrer robuste Bohrspitze,1WG150d,WERHE,0.70,agent
WERHE profesjonalne wiertło do ślimaka 150 mm pełna stal runo wiertło do wiertła wiertła wytrzymałe,1WG150d,WERHE,0.75,agent
"WERHE świder ziemny Ø 150 mm, długość 80 cm, uchwyt 20 mm, ostrza z węglika",1WG150d,WERHE,0.80,agent
"WERHE® Profi Bohrer VollStahl, Erdbohrer für bohrmaschine 150 mm extrem robust - Pfahlbohrer Brunnenbohrer präzise Bohrspitze.",1WG150d,WERHE,0.70,agent
"WERHE® Profi Bohrer, Erdbohrer für bohrmaschine 150 mm robust - Pfahlbohrer Brunnenbohrer präzise Bohrspitze - Bohrer für Erdbohrer",1WG150d,WERHE,0.80,agent
Świder Do gleby 150D,1WG150d,,1.00,apilo
WERHE świder ziemny 150 mm z podwójną spiralą,1WG150h,WERHE,0.65,agent
"WERHE® Profi Bohrer VollStahl, Erdbohrer für bohrmaschine 150 mm Doppel-Welle extrem robust - Pfahlbohrer Brunnenbohrer präzise Bohrspitze.",1WG150h,WERHE,0.60,agent
Świder do gleby 150H,1WG150h,,1.00,apilo
WERHE Profi Bohrer für Erdbohrer 180 mm Pfahlbohrer Brunnenbohrer präzise Bohrspitze,1WG180d,WERHE,0.70,agent
WERHE Profi Bohrer für Erdbohrer 180 mm Pfahlbohrer Brunnenbohrer präzise Bohrspitze – 5\,1WG180d,WERHE,0.65,agent
WERHE Wiertło Profi do wiertarki ziemnej 180 mm wiertło runo precyzyjne wiertło,1WG180d,WERHE,0.80,review
"WERHE Erdbohrer für bohrmaschine ⌀ 200 mm, 80cm länge – Brunnenbohrer, Baumpflanzung, erdlochbohrer, Pfahlbohrer, Durchlässenbohrer – Grabungswerkzeug mit präzise Bohrspitze und Hartmetallklingen",1WG200d,WERHE,0.80,agent
WERHE Profesjonalne wiertło do wiertnic ziemnych 200 mm podwójny wał wiertło do słupków wiertło do studni wytrzymała końcówka wiertnicza,1WG200d,WERHE,0.80,review
WERHE nasadka świdra ziemnego Ø 200 mm podwójna spirala,1WG200d,WERHE,0.80,review
"WERHE Świder ziemny do wiertnicy ⌀200 mm, długość 80 cm - świder do studni, świder do sadzenia drzew, świder do odwiertów, świder do pali, świder do przepustów - z ostrzami z węglików spiekanych",1WG200d,WERHE,0.70,agent
"WERHE świder ziemny 200 mm z ostrzy z węglika, do wiertarki",1WG200d,WERHE,0.75,agent
Świder do gleby 200D,1WG200d,,1.00,apilo
WERHE Profi Bohrer für Erdbohrer 200 mm Doppel-Welle Pfahlbohrer Brunnenbohrer robuste Bohrspitze,1WG200h,WERHE,0.65,agent
Świder do gleby 200H,1WG200h,,1.00,apilo
WERHE Profi Bohrer für Erdbohrer 250 mm Doppel-Welle Pfahlbohrer Brunnenbohrer robuste Bohrspitze,1WG250d,WERHE,0.80,agent
WERHE Profi Bohrer für Erdbohrer 300 mm Doppel-Welle Pfahlbohrer Brunnenbohrer robuste Bohrspitze,1WG300d,WERHE,0.80,agent
WERHE Profesjonalne wiertło do ślimaków 40 mm Wiertło ślimakowe precyzyjne wiercenie,1WG40d,WERHE,0.80,agent
WERHE Profi Bohrer für Erdbohrer 40 mm Pfahlbohrer Brunnenbohrer präzise Bohrspitze,1WG40d,WERHE,0.85,agent
"WERHE Świder ziemny o średnicy 40 mm i długości 80 cm do wiercenia – wiertło do precyzyjnego kopania słupków ogrodzeniowych, sadzenia drzew, fundamentów i przepustów- z ostrzami z węglików spiekanych",1WG40d,WERHE,0.80,agent
"WERHE® Profi Bohrer VollStahl, Erdbohrer für bohrmaschine 40 mm extrem robust - Pfahlbohrer Brunnenbohrer präzise Bohrspitze.",1WG40d,WERHE,0.55,agent
Świder do gleby 40D,1WG40d,,1.00,apilo
WERHE Profi Bohrer für Erdbohrer 40 mm Pfahlbohrer Brunnenbohrer präzise Bohrspitze Doppelspiral,1WG40dDS,WERHE,0.75,agent
WERHE Profi Bohrer für Erdbohrer 40 mm Pfahlbohrer Brunnenbohrer präzise Bohrspitze Doppelspiral Hartmetall eco Farbe,1WG40dDS,WERHE,0.75,agent
"WERHE Zestaw świdrów ziemnych Ø40 mm, dł. 80 cm z adapterem SDS Plus – kompatybilny ze standardowymi wiertłami SDS Plus, idealny do budowy ogrodzeń i prac ogrodniczych.",1WG40x800p,WERHE,0.55,agent
"WERHE Erdbohrer für bohrmaschine ⌀50 mm, 80cm länge – Brunnenbohrer, Baumpflanzung, erdlochbohrer, Pfahlbohrer, Durchlässenbohrer – Grabungswerkzeug mit präzise Bohrspitze und Hartmetallklingen",1WG50d,WERHE,0.75,agent
"WERHE świder ziemny 50 mm, ostrza z węglika, 80 cm, do wiertarek",1WG50d,WERHE,0.70,agent
"WERHE świder ziemny do wiertnicy ⌀50 mm, długość 80 cm - świder do studni, świder do sadzenia drzew, świder do otworów ziemnych, świder do pali, świder do przepustów - narzędzie do kopania",1WG50d,WERHE,0.85,agent
Świder do gleby 50D,1WG50d,,1.00,apilo
WERHE Profesjonalna wiertarka do uziemienia 60 mm bateria precyzyjna końcówka,1WG60d,WERHE,0.75,agent
WERHE Profi Bohrer für Erdbohrer 60 mm Pfahlbohrer Brunnenbohrer präzise Bohrspitze,1WG60d,WERHE,0.85,agent
"WERHE świder ziemny Ø 60 mm, długość 80 cm, do wiertarki, węglik spiekany",1WG60d,WERHE,0.70,agent
"WERHE® Profi Bohrer VollStahl, Erdbohrer für bohrmaschine 60 mm extrem robust - Pfahlbohrer Brunnenbohrer präzise Bohrspitze.",1WG60d,WERHE,0.55,agent
Świder do gleby 60D,1WG60d,,1.00,apilo
WERHE Profi Bohrer für Erdbohrer 60 mm Pfahlbohrer Brunnenbohrer präzise Bohrspitze Doppelspiral Hartmetall eco Farbe,1WG60dDS,WERHE,0.75,agent
"Zestaw świdrów ziemnych WERHE Ø60 mm, dł. 80 cm z adapterem SDS Plus – kompatybilny ze standardowymi wiertłami SDS Plus, idealny do budowy ogrodzeń i prac ogrodniczych.",1WG60x800p,WERHE,0.55,agent
WERHE Profesjonalne wiertło do ślimaków 80 mm wiertło ślimakowe dobre wiertło precyzyjne,1WG80d,WERHE,0.80,agent
WERHE ® Profi Bohrer für Erdbohrer 80 mm Pfahlbohrer Brunnenbohrer präzise Bohrspitze,1WG80d,WERHE,0.85,agent
"WERHE® Profi Bohrer VollStahl, Erdbohrer für bohrmaschine 80 mm extrem robust - Pfahlbohrer Brunnenbohrer präzise Bohrspitze.",1WG80d,WERHE,0.55,agent
Świder do gleby 80D,1WG80d,,1.00,apilo
WERHE Profi Bohrer für Erdbohrer 80 mm Pfahlbohrer Brunnenbohrer präzise Bohrspitze Doppelspiral Hartmetall eco Farbe,1WG80dDS,WERHE,0.75,agent
"WERHE Zestaw świdrów ziemnych Ø80 mm, długość 80 cm, z adapterem SDS Plus – Wytrzymała stal z metalowymi ostrzami do budowy ogrodzeń i prac ogrodniczych – Kompatybilny ze standardowymi wiertłami",1WG80x800p,WERHE,0.55,agent
"WERHE Wiertło do lodu – Ø 200 mm – długość 80 cm – szybkie wiercenie do łowienia lodów – ostrza z twardego metalu, ochrona ostrza – lekka konstrukcja z nylonu i aluminium – uchwyt 75 cm",1WGlod200,WERHE,0.80,review
"WERHE Wiertło do lodu – 200 × 800 mm – szybkie wiercenie do wędkarstwa podlodowego – ostrza z węglików spiekanych, adapter HEX 10 mm, osłona ostrza – lekka konstrukcja z nylonu i aluminium",1WL200x800h10,WERHE,0.50,agent
"WERHE Świder glebowy do wiertarki 100 mm Ø, 250 mm długości - Świder ogrodowy do wkrętarki akumulatorowej do sadzenia, kwiatów i kopania dołków - Narzędzie do kopania w ogrodzie",1Wo100x250,WERHE,0.60,agent
"WERHE świder ziemny 100 mm Ø, 250 mm długości do wiertarki i wkrętarki akumulatorowej – świder ogrodowy do łatwego sadzenia kwiatów, krzewów i wykonywania otworów pod słupki ogrodzeniowe",1Wo100x250,WERHE,0.60,agent
"WERHE świder ziemny 100 x 250 mm do wkrętarki i wiertarki, świder ogrodowy",1Wo100x250,WERHE,0.60,agent
"WERHE Świder glebowy do wiertarki 100 mm Ø, 300 mm długości - Świder ogrodowy do wkrętarki akumulatorowej do sadzenia, kwiatów i kopania dołków - Narzędzie do kopania w ogrodzie",1Wo100x300,WERHE,0.85,agent
"WERHE świder ziemny 100 mm Ø, 300 mm długości do wiertarki i wkrętarki akumulatorowej – świder ogrodowy do łatwego sadzenia kwiatów, krzewów i wykonywania otworów pod słupki ogrodzeniowe",1Wo100x300,WERHE,0.85,agent
Świder Ogrodowy 100X300,1Wo100x300,,1.00,apilo
"WERHE Świder glebowy do wiertarki 100 mm Ø, 450 mm długości - Świder ogrodowy do wkrętarki akumulatorowej do sadzenia, kwiatów i kopania dołków - Narzędzie do kopania w ogrodzie",1Wo100x450,WERHE,0.90,agent
"WERHE świder ziemny 100 mm Ø, 450 mm długości do wiertarki i wkrętarki akumulatorowej – świder ogrodowy do łatwego sadzenia kwiatów, krzewów i wykonywania otworów pod słupki ogrodzeniowe",1Wo100x450,WERHE,0.90,agent
"WERHE świder ziemny 100 x 450 mm do wkrętarki i wiertarki, świder ogrodowy",1Wo100x450,WERHE,0.90,agent
Świder Ogrodowy 100X450,1Wo100x450,,1.00,apilo
"WERHE Świder glebowy do wiertarki 100 mm Ø, 600 mm długości - Świder ogrodowy do wkrętarki akumulatorowej do sadzenia, kwiatów i kopania dołków - Narzędzie do kopania w ogrodzie",1Wo100x600,WERHE,0.90,agent
"WERHE świder ziemny 100 mm Ø, 600 mm długości do wiertarki i wkrętarki akumulatorowej – świder ogrodowy do łatwego sadzenia kwiatów, krzewów i wykonywania otworów pod słupki ogrodzeniowe",1Wo100x600,WERHE,0.90,agent
"WERHE świder ziemny 100 x 600 mm do wkrętarki i wiertarki, świder ogrodowy",1Wo100x600,WERHE,0.90,agent
Świder Ogrodowy 100X600,1Wo100x600,,1.00,apilo
"WERHE Świder glebowy do wiertarki 40 mm Ø, 220 mm długości - Świder ogrodowy do wkrętarki akumulatorowej do sadzenia, kwiatów i kopania dołków - Narzędzie do kopania w ogrodzie",1Wo40x220,WERHE,0.95,agent
"WERHE świder ziemny 40 x 220 mm do wkrętarki i wiertarki, świder ogrodowy",1Wo40x220,WERHE,0.95,agent
Świder ogrodowy 40X220,1Wo40x220,,1.00,apilo
"WERHE Świder glebowy do wiertarki 40 mm Ø, 450 mm długości - Świder ogrodowy do wkrętarki akumulatorowej do sadzenia, kwiatów i kopania dołków - Narzędzie do kopania w ogrodzie",1Wo40x450,WERHE,0.95,agent
Świder Ogrodowy 40X450,1Wo40x450,,1.00,apilo
"WERHE Świder glebowy do wiertarki 46 mm Ø, 370 mm długości - Świder ogrodowy do wkrętarki akumulatorowej do sadzenia, kwiatów i kopania dołków - Narzędzie do kopania w ogrodzie",1Wo46x370,WERHE,0.90,agent
"WERHE świder ziemny 46 mm Ø, 370 mm długości do wiertarki i wkrętarki akumulatorowej – świder ogrodowy do łatwego sadzenia kwiatów, krzewów i wykonywania otworów pod słupki ogrodzeniowe",1Wo46x370,WERHE,0.90,agent
"WERHE świder ziemny 46 x 370 mm do wkrętarki i wiertarki, świder ogrodowy",1Wo46x370,WERHE,0.90,agent
"WERHE Świder glebowy do wiertarki 50 mm Ø, 220 mm długości - Świder ogrodowy do wkrętarki akumulatorowej do sadzenia, kwiatów i kopania dołków - Narzędzie do kopania w ogrodzie",1Wo50x220,WERHE,0.95,agent
"WERHE świder ziemny 50 x 220 mm do wkrętarki i wiertarki, świder ogrodowy",1Wo50x220,WERHE,0.95,agent
Świder Ogrodowy 50X220,1Wo50x220,,1.00,apilo
"WERHE Świder glebowy do wiertarki 50 mm Ø, 450 mm długości - Świder ogrodowy do wkrętarki akumulatorowej do sadzenia, kwiatów i kopania dołków - Narzędzie do kopania w ogrodzie",1Wo50x450,WERHE,0.95,agent
Świder Ogrodowy 50X450,1Wo50x450,,1.00,apilo
"WERHE Świder glebowy do wiertarki 60 mm Ø, 220 mm długości - Świder ogrodowy do wkrętarki akumulatorowej do sadzenia, kwiatów i kopania dołków - Narzędzie do kopania w ogrodzie",1Wo60x220,WERHE,0.90,agent
Świder Ogrodowy 60X220/ 1Wo60x220,1Wo60x220,WERHE,0.95,agent
"WERHE Świder glebowy do wiertarki 60 mm Ø, 450 mm długości - Świder ogrodowy do wkrętarki akumulatorowej do sadzenia, kwiatów i kopania dołków - Narzędzie do kopania w ogrodzie",1Wo60x450,WERHE,0.95,agent
"WERHE świder ziemny 60 mm Ø, 450 mm długości do wiertarki i wkrętarki akumulatorowej – świder ogrodowy do łatwego sadzenia kwiatów, krzewów i wykonywania otworów pod słupki ogrodzeniowe",1Wo60x450,WERHE,0.90,agent
"WERHE świder ziemny 60 x 450 mm do wkrętarki i wiertarki, świder ogrodowy",1Wo60x450,WERHE,0.95,agent
Świder Ogrodowy 60X450,1Wo60x450,,1.00,apilo
"WERHE Świder glebowy do wiertarki 60 mm Ø, 600 mm długości - Świder ogrodowy do wkrętarki akumulatorowej do sadzenia, kwiatów i kopania dołków - Narzędzie do kopania w ogrodzie",1Wo60x600,WERHE,0.95,agent
"WERHE świder ziemny 60 mm Ø, 600 mm długości do wiertarki i wkrętarki akumulatorowej – świder ogrodowy do łatwego sadzenia kwiatów, krzewów i wykonywania otworów pod słupki ogrodzeniowe",1Wo60x600,WERHE,0.90,agent
"WERHE świder ziemny 60 mm, długość 600 mm, do wiertarki i wkrętarki",1Wo60x600,WERHE,0.90,agent
Świder Ogrodowy 60X600,1Wo60x600,,1.00,apilo
"WERHE Świder glebowy do wiertarki 80 mm Ø, 250 mm długości - Świder ogrodowy do wkrętarki akumulatorowej do sadzenia, kwiatów i kopania dołków - Narzędzie do kopania w ogrodzie",1Wo80x250,WERHE,0.90,agent
"WERHE świder ziemny 80 mm Ø, 250 mm długości do wiertarki i wkrętarki akumulatorowej – świder ogrodowy do łatwego sadzenia kwiatów, krzewów i wykonywania otworów pod słupki ogrodzeniowe",1Wo80x250,WERHE,0.90,agent
"WERHE Świder glebowy do wiertarki 80 mm Ø, 300 mm długości - Świder ogrodowy do wkrętarki akumulatorowej do sadzenia, kwiatów i kopania dołków - Narzędzie do kopania w ogrodzie",1Wo80x300,WERHE,0.90,agent
"WERHE świder ziemny 80 mm Ø, 300 mm długości do wiertarki i wkrętarki akumulatorowej – świder ogrodowy do łatwego sadzenia kwiatów, krzewów i wykonywania otworów pod słupki ogrodzeniowe",1Wo80x300,WERHE,0.90,agent
"WERHE Świder glebowy do wiertarki 80 mm Ø, 350 mm długości - Świder ogrodowy do wkrętarki akumulatorowej do sadzenia, kwiatów i kopania dołków - Narzędzie do kopania w ogrodzie",1Wo80x350,WERHE,0.95,agent
Świder Ogrodowy 80X350,1Wo80x350,,1.00,apilo
"WERHE Świder glebowy do wiertarki 80 mm Ø, 450 mm długości - Świder ogrodowy do wkrętarki akumulatorowej do sadzenia, kwiatów i kopania dołków - Narzędzie do kopania w ogrodzie",1Wo80x450,WERHE,0.90,agent
"WERHE świder ziemny 80 mm Ø, 450 mm długości do wiertarki i wkrętarki akumulatorowej – świder ogrodowy do łatwego sadzenia kwiatów, krzewów i wykonywania otworów pod słupki ogrodzeniowe",1Wo80x450,WERHE,0.90,agent
"WERHE świder ziemny 80 x 450 mm do wkrętarki i wiertarki, świder ogrodowy",1Wo80x450,WERHE,0.90,agent
"WERHE Świder glebowy do wiertarki 80 mm Ø, 600 mm długości - Świder ogrodowy do wkrętarki akumulatorowej do sadzenia, kwiatów i kopania dołków - Narzędzie do kopania w ogrodzie",1Wo80x600,WERHE,0.90,agent
"WERHE świder ziemny 80 mm Ø, 600 mm długości do wiertarki i wkrętarki akumulatorowej – świder ogrodowy do łatwego sadzenia kwiatów, krzewów i wykonywania otworów pod słupki ogrodzeniowe",1Wo80x600,WERHE,0.90,agent
Świder Ogrodowy 80X600,1Wo80x600,,1.00,apilo
WERHE Profi Bohrer für Erdbohrer 100 mm Florbohrer Brunnenbohrer robuste Bohrspitze passend für Makita/Hitachi Bohrer,1ZWG100dMakita,WERHE,0.55,agent
"WERHE Bohrer für Erdbohrer 100 mm passend für Stihl BT 106 C, BT 120 C, BT 121, BT 130, BT 131 präzise Bohrspitze Pfahlbohrer",1ZWG100dStihl,WERHE,0.55,agent
WERHE Erdbohrer mit SDS Max Aufnahme 100 mm robuste Bohrspitze Pfahlbohrer Bohrer 100 mm,1ZWG100dm,WERHE,0.85,agent
WERHE Wiertarka ziemna z uchwytem SDS Max 100 mm wiertło wiertło runo 100 mm,1ZWG100dm,WERHE,0.90,review
"WERHE świder ziemny z SDS Max uchwyt, Ø 100 mm, długość 81 cm",1ZWG100dm,WERHE,0.50,agent
"Wiertarka WERHE z uchwytem SDS Max, wytrzymała wiertarka 100 mm, wiertło 100 mm",1ZWG100dm,WERHE,0.80,review
Świder do Gleby 100D SDS MAX,1ZWG100dm,,1.00,apilo
WERHE Erdbohrer 100 mm mit SDS Plus Aufnahme robuste Bohrspitze Pfahlbohrer Bohrer,1ZWG100dp,WERHE,0.85,agent
WERHE Erdbohrer 100 mm z SDS Plus rejestrującym solidne wiertła wiertnicze,1ZWG100dp,WERHE,0.80,agent
WERHE Wiertło wiertnicze 100 mm z wiertłem SDS Plus,1ZWG100dp,WERHE,0.90,review
"WERHE świder ziemny 100 mm, SDS Plus uchwyt, wytrzymały grot do gruntu",1ZWG100dp,WERHE,0.70,agent
Świder do Gleby 100D SDS PLUS,1ZWG100dp,,1.00,apilo
WERHE Profi Bohrer für Erdbohrer 100 mm Pfahlbohrer Brunnenbohrer präzise Bohrspitze Doppelspiral Hartmetall eco Farbe mit Hex Adapter,1ZWG100hHex,WERHE,0.55,agent
"WERHE® Profi Bohrer, Erdbohrer für bohrmaschine 100 mm DoppelWelle robust mit m14 Adapter - Pfahlbohrer Brunnenbohrer präzise Bohrspitze.",1ZWG100hM14,WERHE,0.55,agent
WERHE Profi Bohrer für Erdbohrer 100 mm Doppel-Welle Pfahlbohrer Brunnenbohrer robuste Bohrspitze passend für Makita/Hitachi-Bohrer,1ZWG100hMakita,WERHE,0.50,agent
"WERHE Profi Bohrer für Erdbohrer 100 mm Doppel-Welle Pfahlbohrer Brunnenbohrer robuste Bohrspitze passend für Stihl BT 106 C, BT 120 C, BT 121, BT 130, BT 131",1ZWG100hStihl,WERHE,0.50,agent
"WERHE Profi Bohrer für Erdbohrer 100 mm Doppel-Welle Pfahlbohrer Brunnenbohrer robuste Bohrspitze passend für Stihl BT 106 C, BT 120 C, BT 121, BT 130, BT 131…",1ZWG100hStihl,WERHE,0.50,agent
WERHE Profi Bohrer für Erdbohrer 100 mm Doppel-Welle Pfahlbohrer Brunnenbohrer robuste Bohrspitze mit SDS Max Adapter,1ZWG100hm,WERHE,0.60,agent
WERHE Profi wiertło do gleby Wiertarka do podwójnego wału 100 mm Wiertarka do studni z adapterem SDS Max,1ZWG100hm,WERHE,0.60,agent
Świder do Gleby 100H SDS Max,1ZWG100hm,unknown,0.85,agent
WERHE Erdbohrer 100 mm mit SDS Plus Aufnahme robuste Bohrspitze Pfahlbohrer Bohrer Doppel-Welle,1ZWG100hp,WERHE,0.60,agent
WERHE Ślimak ziemny 100 mm z uchwytem SDS Plus Wytrzymała końcówka wiertła Wiertło palowe Wiertło dwuwałowe,1ZWG100hp,WERHE,0.60,agent
"WERHE Świder ziemny 100 mm z uchwytem SDS Plus, wytrzymała końcówka wiertła do runa wiertła wiertła wiertła z podwójnym wałem",1ZWG100hp,WERHE,0.60,agent
WERHE świder ziemny podwójna spirala Ø100mm 80cm – świder do słupków z adapterem SDS Plus – solidny i precyzyjny,1ZWG100hp,WERHE,0.60,agent
Świder do Gleby 100H SDS Plus,1ZWG100hp,unknown,0.85,agent
WERHE Profi Bohrer für Erdbohrer 120 mm Pfahlbohrer Brunnenbohrer präzise Bohrspitze Spiral eco Farbe mit Hex Adapter,1ZWG120dHex,WERHE,0.55,agent
"WERHE® Profi Bohrer, Erdbohrer für bohrmaschine 120 mm robust mit m14 Adapter - Pfahlbohrer Brunnenbohrer präzise Bohrspitze.",1ZWG120dM14,WERHE,0.55,agent
"Bohrer für Erdbohrer 120 mm passend für Stihl BT 106 C, BT 120 C, BT 121, BT 130 präzise Bohrspitze Pfahlbohrer",1ZWG120dStihl,unknown,0.50,agent
WERHE Erdbohrer mit SDS Max Aufnahme 120 mm robuste Bohrspitze Pfahlbohrer Bohrer 120mm,1ZWG120dm,WERHE,0.85,agent
WERHE Wiertło do ziemi z uchwytem SDS Max 120 mm Wytrzymała końcówka wiertła 120 mm,1ZWG120dm,WERHE,0.80,agent
Świder do Gleby 120D SDS Max,1ZWG120dm,,1.00,apilo
WERHE Earthmover 120 mm z mocowaniem SDS Plus wytrzymałe wiertło wiertło runo wiertło,1ZWG120dp,WERHE,0.80,agent
WERHE Erdbohrer 120 mm mit SDS Plus Aufnahme robuste Bohrspitze Pfahlbohrer Bohrer,1ZWG120dp,WERHE,0.85,agent
WERHE Erdbohrer 120mm mit SDS Plus Aufnahme Robuste Bohrspitze Pfahlbohrer Bohrer,1ZWG120dp,WERHE,0.85,agent
WERHE Wiertło do Gleby 120D mm z adapterem SDS PLUS do profesjonalnego wiercenia w ziemi,1ZWG120dp,WERHE,0.85,agent
Świder do Gleby 120D SDS Plus,1ZWG120dp,,1.00,apilo
WERHE Profi Bohrer für Erdbohrer 120 mm Pfahlbohrer Brunnenbohrer präzise Bohrspitze Doppelspiral Hartmetall eco Farbe mit Hex Adapter,1ZWG120hHex,WERHE,0.55,agent
WERHE Profi Bohrer für Erdbohrer 120 mm Doppel-Welle Pfahlbohrer Brunnenbohrer robuste Bohrspitze passend für Makita/Hitachi-Bohrer,1ZWG120hMakita,WERHE,0.50,agent
WERHE Profesjonalne wiertło do Auger 120 mm podwójny wał wytrzymały akumulator z adapterem SDS Max,1ZWG120hm,WERHE,0.60,agent
WERHE Profi Bohrer für Erdbohrer 120 mm Doppel-Welle Pfahlbohrer Brunnenbohrer robuste Bohrspitze mit SDS Max Adapter,1ZWG120hm,WERHE,0.60,agent
WERHE Profi Bohrer für Erdbohrer 120 mm Doppel-Welle Pfahlbohrer Brunnenbohrer robuste Bohrspitze mit SDS Plus Adapter,1ZWG120hp,WERHE,0.60,agent
WERHE Profi Bohrer für Erdbohrer 120 mm Doppel-Welle Pfahlbohrer Brunnenbohrer robuste Bohrspitze mit SDS Plus Adapter 6,1ZWG120hp,WERHE,0.60,agent
WERHE świder ziemny podwójna spirala Ø120mm 80cm – świder do słupków z adapterem SDS Plus – solidny i precyzyjny,1ZWG120hp,WERHE,0.60,agent
WERHE świder ziemny z podwójną spiralą 120 mm 80 cm z adapter do świdra do,1ZWG120hp,WERHE,0.45,agent
"WERHE® Profi Bohrer VollStahl, Erdbohrer für bohrmaschine 150 mm extrem robust mit Hex Adapter - Pfahlbohrer Brunnenbohrer präzise Bohrspitze.",1ZWG150dHex,WERHE,0.55,agent
"WERHE® Profi Bohrer VollStahl, Erdbohrer für bohrmaschine 150 mm Extrem robust mit m14 Adapter - Pfahlbohrer Brunnenbohrer präzise Bohrspitze.",1ZWG150dM14,WERHE,0.55,agent
"Profesjonalna wiertarka WERHE®, świder do wiertarki 150 mm wytrzymały z adapterem SDS Max - wiertło do pali wiertło do wiercenia precyzyjna końcówka wiertła - wiertło do świdra do ziemi",1ZWG150dm,WERHE,0.80,agent
"Profesjonalna wiertarka WERHE®, świder do wiertarki 150 mm wytrzymały z adapterem SDS Max - wiertło do wiercenia precyzyjna końcówka wiertła - świdra do ziemi",1ZWG150dm,WERHE,0.80,agent
WERHE świder ziemny 150 mm adapter SDS Max,1ZWG150dm,WERHE,0.70,agent
WERHE świder ziemny 150 mm z ostrzami z węglika spiekanego – Wytrzymała stal do sadzenia drzew i budowy ogrodzeń – kompatybilny z SDS Max – Dla profesjonalistów i majsterkowiczów,1ZWG150dm,WERHE,0.65,agent
"WERHE® Profi Bohrer VollStahl, Erdbohrer für bohrmaschine 150 mm extrem robust mit SDS Max Adapter - Pfahlbohrer Brunnenbohrer präzise Bohrspitze.",1ZWG150dm,WERHE,0.70,agent
"WERHE® Profi Bohrer, Erdbohrer für bohrmaschine 150 mm robust mit SDS Max Adapter - Pfahlbohrer Brunnenbohrer präzise Bohrspitze - Bohrer für Erdbohrer",1ZWG150dm,WERHE,0.85,agent
Świder Do gleby 150D SDS MAX,1ZWG150dm,,1.00,apilo
"Profesjonalna wiertarka WERHE®, świder do wiertarki 150 mm wytrzymały z adapterem SDS Plus - wiertło do pali wiertło do wiercenia precyzyjna końcówka wiertła - wiertło do świdra do ziemi",1ZWG150dp,WERHE,0.80,agent
"Profesjonalna wiertarka WERHE®, świder do wiertarki 150 mm wytrzymały z adapterem SDS Plus - wiertło do wiercenia precyzyjna końcówka wiertła - wiertło do świdra do ziemi",1ZWG150dp,WERHE,0.80,agent
WERHE profesjonalna wiertarka do ślimaka 150 mm Pełna Stal podwójny wałek runo dobrze wytrzymałe z adapterem SDS Plus - TO JEST ZWYKŁA,1ZWG150dp,WERHE,0.45,agent
WERHE świder ziemny Ø 150 mm z adapter SDS Plus,1ZWG150dp,WERHE,0.70,agent
"WERHE® Profi Bohrer VollStahl, Erdbohrer für bohrmaschine 150 mm extrem robust mit SDS Plus Adapter - Pfahlbohrer Brunnenbohrer präzise Bohrspitze.",1ZWG150dp,WERHE,0.70,agent
"WERHE® Profi Bohrer, Erdbohrer für bohrmaschine 150 mm robust mit SDS Plus Adapter - Pfahlbohrer Brunnenbohrer präzise Bohrspitze - Bohrer für Erdbohrer",1ZWG150dp,WERHE,0.85,agent
Świder do Gleby 150D SDS PLUS,1ZWG150dp,,1.00,apilo
WERHE Profi Bohrer für Erdbohrer 150 mm Pfahlbohrer Brunnenbohrer präzise Bohrspitze Doppelspiral Hartmetall eco Farbe mit Hex Adapter,1ZWG150hHex,WERHE,0.55,agent
"WERHE® Profi Bohrer, Erdbohrer für bohrmaschine 150 mm DoppelWelle robust mit m14 Adapter - Pfahlbohrer Brunnenbohrer präzise Bohrspitze.",1ZWG150hM14,WERHE,0.55,agent
WERHE Profi Bohrer für Erdbohrer 150 mm Doppel-Welle Pfahlbohrer Brunnenbohrer robuste Bohrspitze passend für Makita/Hitachi-Bohrer,1ZWG150hMakita,WERHE,0.50,agent
"WERHE Profi Bohrer für Erdbohrer 150 mm Doppel-Welle Pfahlbohrer Brunnenbohrer robuste Bohrspitze passend für Stihl BT 106 C, BT 120 C, BT 121, BT 130, BT 131",1ZWG150hStihl,WERHE,0.50,agent
WERHE Profi Bohrer für Erdbohrer 150 mm Doppel-Welle Pfahlbohrer Brunnenbohrer robuste Bohrspitze mit SDS Max Adapter,1ZWG150hm,WERHE,0.60,agent
WERHE Profi Bohrer für Erdbohrer 150 mm VollStahl Doppel-Welle Pfahlbohrer Brunnenbohrer robuste Bohrspitze mit SDS Max Adapter,1ZWG150hm,WERHE,0.60,agent
WERHE profesjonalna wiertarka do ślimaka 150 mm pełna stal podwójny wałek runo dobrze wytrzymała z adapterem SDS Max,1ZWG150hm,WERHE,0.60,agent
"WERHE świder ziemny 150 mm, podwójna spirala, adapter SDS Max",1ZWG150hm,WERHE,0.60,agent
"WERHE® Profi Bohrer VollStahl, Erdbohrer für bohrmaschine 150 mm Doppel-Welle extrem robust mit SDS Max Adapter - Pfahlbohrer Brunnenbohrer präzise Bohrspitze.",1ZWG150hm,WERHE,0.60,agent
Świder do Gleby 150H SDS MAX,1ZWG150hm,unknown,0.85,agent
WERHE Profi Bohrer für Erdbohrer 150 mm Doppel-Welle Pfahlbohrer Brunnenbohrer robuste Bohrspitze mit SDS Plus Adapter,1ZWG150hp,WERHE,0.65,agent
WERHE Profi Bohrer für Erdbohrer 150 mm VollStahl Doppel-Welle Pfahlbohrer Brunnenbohrer robuste Bohrspitze mit SDS Plus Adapter,1ZWG150hp,WERHE,0.65,agent
WERHE profesjonalna wiertarka do ślimaka 150 mm Pełna Stal podwójny wałek runo dobrze wytrzymałe z adapterem SDS Plus,1ZWG150hp,WERHE,0.65,agent
Świder do Gleby 150H SDS PLUS,1ZWG150hp,,1.00,apilo
WERHE Profi Bohrer für Erdbohrer 180 mm Pfahlbohrer Brunnenbohrer präzise Bohrspitze Spiral eco Farbe mit Hex Adapter,1ZWG180dHex,WERHE,0.55,agent
WERHE Erdbohrer mit SDS Max Aufnahme 180mm robuste Bohrspitze Pfahlbohrer Bohrer,1ZWG180dm,WERHE,0.70,agent
WERHE Erdbohrer 180 mm mit SDS Plus Aufnahme robuste Bohrspitze Pfahlbohrer Bohrer,1ZWG180dp,WERHE,0.70,agent
WERHE Profi Bohrer für Erdbohrer 180 mm Doppel-Welle Pfahlbohrer Brunnenbohrer robuste Bohrspitze passend für Makita/Hitachi-Bohrer,1ZWG180hMakita,WERHE,0.50,agent
"WERHE Profi Bohrer für Erdbohrer 180 mm Doppel-Welle Pfahlbohrer Brunnenbohrer robuste Bohrspitze passend für Stihl BT 106 C, BT 120 C, BT 121, BT 130, BT 131",1ZWG180hStihl,WERHE,0.50,agent
"WERHE Erdbohrer für bohrmaschine mit SDS Max adapter ⌀200 mm, 80cm länge – Brunnenbohrer, Baumpflanzung, erdlochbohrer, Pfahlbohrer, Durchlässenbohrer – Präzise Bohrspitze und Hartmetallklingen",1ZWG200dm,WERHE,0.80,agent
WERHE Profi Bohrer für Erdbohrer 200 mm Doppel-Welle Pfahlbohrer Brunnenbohrer robuste Bohrspitze mit SDS Max Adapter,1ZWG200dm,WERHE,0.65,agent
"WERHE Świder ziemny do wiertarki z adapterem SDS Max ⌀200 mm, długość 80 cm - świder do studni, świder do sadzenia drzew, świder do otworów ziemnych, świder do pali, świder do przepustów",1ZWG200dm,WERHE,0.80,agent
"WERHE Erdbohrer für bohrmaschine mit SDS Plus adapter ⌀200 mm, 80cm länge – Brunnenbohrer, Baumpflanzung, erdlochbohrer, Pfahlbohrer, Durchlässenbohrer – Präzise Bohrspitze und Hartmetallklingen",1ZWG200dp,WERHE,0.80,agent
WERHE Profi Bohrer für Erdbohrer 200 mm Doppel-Welle Pfahlbohrer Brunnenbohrer robuste Bohrspitze mit SDS Plus Adapter,1ZWG200dp,WERHE,0.65,agent
"WERHE Świder ziemny do wiertarki z adapterem SDS Plus ⌀200 mm, długość 80 cm - świder do studni, świder do sadzenia drzew, świder do otworów ziemnych, świder do pali, świder do przepustów",1ZWG200dp,WERHE,0.80,agent
WERHE Profi Bohrer für Erdbohrer 200 mm Doppel-Welle Pfahlbohrer Brunnenbohrer robuste Bohrspitze passend für Makita/Hitachi-Bohrer,1ZWG200hMakita,WERHE,0.50,agent
"WERHE Profi Bohrer für Erdbohrer 200 mm Doppel-Welle Pfahlbohrer Brunnenbohrer robuste Bohrspitze passend für Stihl BT 106 C, BT 120 C, BT 121, BT 130, BT 131",1ZWG200hStihl,WERHE,0.50,agent
"WERHE Profi Bohrer für Erdbohrer 250 mm Doppel-Welle Pfahlbohrer Brunnenbohrer robuste Bohrspitze passend für Stihl BT 106 C, BT 120 C, BT 121, BT 130, BT 131",1ZWG250dStihl,WERHE,0.50,agent
WERHE Profi Bohrer für Erdbohrer 250 mm Doppel-Welle Pfahlbohrer Brunnenbohrer robuste Bohrspitze mit SDS Max Adapter,1ZWG250dm,WERHE,0.80,agent
WERHE Profi Bohrer für Erdbohrer 250 mm Doppel-Welle Pfahlbohrer Brunnenbohrer robuste Bohrspitze mit SDS Plus Adapter,1ZWG250dp,WERHE,0.80,agent
WERHE Profi Bohrer für Erdbohrer 300 mm Doppel-Welle Pfahlbohrer Brunnenbohrer robuste Bohrspitze mit SDS Max Adapter,1ZWG300dm,WERHE,0.80,agent
WERHE Profi Bohrer für Erdbohrer 300 mm Doppel-Welle Pfahlbohrer Brunnenbohrer robuste Bohrspitze mit SDS Plus Adapter,1ZWG300dp,WERHE,0.80,agent
"WERHE® Profi Bohrer, Erdbohrer für bohrmaschine 40 mm DoppelWelle robust mit m14 Adapter - Pfahlbohrer Brunnenbohrer präzise Bohrspitze.",1ZWG40dM14DS,WERHE,0.50,agent
WERHE Profi Bohrer für Erdbohrer 40 mm Florbohrer Brunnenbohrer robuste Bohrspitze passend für Makita/Hitachi Bohrer,1ZWG40dMakita,WERHE,0.50,agent
"Bohrer für Erdbohrer 40 mm passend für Stihl BT 106 C, BT 120 C, BT 121, BT 130 präzise Bohrspitze Pfahlbohrer…",1ZWG40dStihl,unknown,0.50,agent
WERHE Profesjonalne wiertło do ślimaków 40 mm bateria precyzyjna spirala Eco kolorowa farba z adapterem sześciokątnym,1ZWG40dh,WERHE,0.80,agent
WERHE Profi Bohrer für Erdbohrer 40 mm Pfahlbohrer Brunnenbohrer präzise Bohrspitze Spiral eco Farbe mit Hex Adapter,1ZWG40dh,WERHE,0.80,agent
"WERHE świder ziemny 40 mm z adapter Hex, świder do słupków",1ZWG40dh,WERHE,0.85,agent
WERHE Profi Bohrer für Erdbohrer 40 mm Pfahlbohrer Brunnenbohrer präzise Bohrspitze Doppelspiral Hartmetall eco Farbe mit Hex Adapter,1ZWG40dhDS,WERHE,0.70,agent
WERHE Erdbohrer mit SDS Max Aufnahme 40 mm robuste Bohrspitze Pfahlbohrer Bohrer 40mm,1ZWG40dm,WERHE,0.85,agent
WERHE Wiertarka uziemiająca z uchwytem SDS Max 40 mm Wytrzymała końcówka wiertła 40mm,1ZWG40dm,WERHE,0.90,review
"WERHE świder ziemny 40 mm SDS Max uchwyt, 80 cm",1ZWG40dm,WERHE,0.90,agent
"WERHE® Profi Bohrer VollStahl, Erdbohrer für bohrmaschine 40 mm extrem robust mit SDS Max Adapter - Pfahlbohrer Brunnenbohrer präzise Bohrspitze.",1ZWG40dm,WERHE,0.55,agent
Świder do Gleby 40D SDS MAX,1ZWG40dm,,1.00,apilo
WERHE Profi Bohrer für Erdbohrer 40 mm Doppel-Welle Pfahlbohrer Brunnenbohrer robuste Bohrspitze mit SDS Max Adapter,1ZWG40dmDS,WERHE,0.70,agent
WERHE Erdbohrer 40mm mit SDS Plus Aufnahme Robuste Bohrspitze Pfahlbohrer Bohrer,1ZWG40dp,WERHE,0.85,agent
WERHE Wiertarka do uziemienia 40 mm z pojemnikiem SDS Plus solidna końcówka wiertła do pali wiertniczych,1ZWG40dp,WERHE,0.85,agent
"WERHE świder ziemny Ø 40 mm, długość 80 cm, z adapter do wiertarki SDS Plus",1ZWG40dp,WERHE,0.90,agent
"WERHE® Profi Bohrer VollStahl, Erdbohrer für bohrmaschine 40 mm extrem robust mit SDS Plus Adapter - Pfahlbohrer Brunnenbohrer präzise Bohrspitze.",1ZWG40dp,WERHE,0.55,agent
Świder do Gleby 40D SDS PLUS,1ZWG40dp,,1.00,apilo
WERHE Profi Bohrer für Erdbohrer 40 mm Pfahlbohrer Brunnenbohrer präzise Bohrspitze Doppelspiral Hartmetall eco Farbe mit SDS Plus Adapter,1ZWG40dpDS,WERHE,0.70,agent
Wiertło do gleby 50D Hex,1ZWG50dHex,unknown,0.60,agent
"WERHE Erdbohrer für bohrmaschine mit HEX adapter ⌀50 mm, 80cm länge – Brunnenbohrer, Baumpflanzung, erdlochbohrer, Pfahlbohrer, Durchlässenbohrer – Präzise Bohrspitze und Hartmetallklingen",1ZWG50dh,WERHE,0.80,agent
"WERHE Świder ziemny do wiertarki z adapterem HEX ⌀50 mm, długość 80 cm - świder do studni, świder do sadzenia drzew, świder do otworów ziemnych, świder do pali, świder do przepustów",1ZWG50dh,WERHE,0.85,agent
"WERHE Erdbohrer für bohrmaschine mit SDS Max adapter ⌀50 mm, 80cm länge – Brunnenbohrer, Baumpflanzung, erdlochbohrer, Pfahlbohrer, Durchlässenbohrer – Präzise Bohrspitze und Hartmetallklingen",1ZWG50dm,WERHE,0.85,agent
"WERHE Świder ziemny do wiertarki z adapterem SDS Max ⌀50 mm, długość 80 cm - świder do studni, świder do sadzenia drzew, świder do otworów ziemnych, świder do pali, świder do przepustów",1ZWG50dm,WERHE,0.90,agent
Świder do Gleby 50D SDS MAX,1ZWG50dm,,1.00,apilo
"WERHE Erdbohrer für bohrmaschine mit SDS Plus adapter ⌀50 mm, 80cm länge – Brunnenbohrer, Baumpflanzung, erdlochbohrer, Pfahlbohrer, Durchlässenbohrer – Präzise Bohrspitze und Hartmetallklingen",1ZWG50dp,WERHE,0.85,agent
"WERHE Świder ziemny do wiertarki z adapterem SDS Plus ⌀50 mm, długość 80 cm - świder do studni, świder do sadzenia drzew, świder do otworów ziemnych, świder do pali, świder do przepustów",1ZWG50dp,WERHE,0.90,agent
"WERHE świder ziemny 50 mm z adapter SDS Plus, długość 80 cm",1ZWG50dp,WERHE,0.90,agent
Świder do Gleby 50D SDS PLUS,1ZWG50dp,,1.00,apilo
WERHE Erdbohrer mit SDS Max Aufnahme 60mm robuste Bohrspitze Pfahlbohrer Bohrer 60mm,1ZWG60Dm,WERHE,0.85,agent
WERHE Wiertło ziemne z uchwytem SDS Max 60 mm wytrzymałe wiertło wiertło 60 mm,1ZWG60Dm,WERHE,0.85,agent
"WERHE świder ziemny 60 mm, 80 cm, adapter SDS Max",1ZWG60Dm,WERHE,0.90,agent
"WERHE® Profi Bohrer VollStahl, Erdbohrer für bohrmaschine 60 mm extrem robust mit SDS Max Adapter - Pfahlbohrer Brunnenbohrer präzise Bohrspitze.",1ZWG60Dm,WERHE,0.55,agent
Świder do Gleby 60D SDS MAX,1ZWG60Dm,,1.00,apilo
Świder do Gleby 60D HEX,1ZWG60dHex,unknown,0.60,agent
"WERHE® Profi Bohrer VollStahl, Erdbohrer für bohrmaschine 60 mm Extrem robust mit m14 Adapter - Pfahlbohrer Brunnenbohrer präzise Bohrspitze.",1ZWG60dM14,WERHE,0.50,agent
WERHE Profi Bohrer für Erdbohrer 60 mm Florbohrer Brunnenbohrer robuste Bohrspitze passend für Makita/Hitachi Bohrer,1ZWG60dMakita,WERHE,0.50,agent
"Bohrer für Erdbohrer 60 mm passend für Stihl BT 106 C, BT 120 C, BT 121, BT 130 präzise Bohrspitze Pfahlbohre",1ZWG60dStihl,unknown,0.50,agent
WERHE Profesjonalne wiertło do ślimaka 60 mm stos dobrze precyzyjna spiralna farba ekologiczna z adapterem sześciokątnym,1ZWG60dh,WERHE,0.80,agent
WERHE Profi Bohrer für Erdbohrer 60 mm Pfahlbohrer Brunnenbohrer präzise Bohrspitze Spiral eco Farbe mit Hex Adapter,1ZWG60dh,WERHE,0.80,agent
"WERHE świder ziemny 60 mm, adapter Hex, wiertło ręczne do sadzenia drzew",1ZWG60dh,WERHE,0.85,agent
"WERHE® Profi Bohrer VollStahl, Erdbohrer für bohrmaschine 60 mm extrem robust mit Hex Adapter - Pfahlbohrer Brunnenbohrer präzise Bohrspitze.",1ZWG60dh,WERHE,0.55,agent
\WERHE Profi Bohrer für Erdbohrer 60 mm Pfahlbohrer Brunnenbohrer präzise Bohrspitze Spiral eco Farbe mit Hex Adapter,1ZWG60dh,WERHE,0.80,agent
WERHE Profi Bohrer für Erdbohrer 60 mm Pfahlbohrer Brunnenbohrer präzise Bohrspitze Doppelspiral Hartmetall eco Farbe mit Hex Adapter,1ZWG60dhDS,WERHE,0.70,agent
WERHE Profi Bohrer für Erdbohrer 60 mm Doppel-Welle Pfahlbohrer Brunnenbohrer robuste Bohrspitze mit SDS Max Adapter,1ZWG60dmDS,WERHE,0.70,agent
"WERHE® Profi Bohrer VollStahl, Erdbohrer für bohrmaschine 60 mm Doppel-Welle extrem robust mit SDS Max Adapter - Pfahlbohrer Brunnenbohrer präzise Bohrspitze.",1ZWG60dmDS,WERHE,0.60,agent
WERHE Erdbohrer 60 mm mit SDS Plus Aufnahme präzise Bohrspitze Pfahlbohrer Bohrer,1ZWG60dp,WERHE,0.85,agent
WERHE Wiertło uziemiające 60 mm z precyzyjnym wiertłem do nagrywania SDS Plus,1ZWG60dp,WERHE,0.90,review
"WERHE Wiertło ziemne do wiertarki z adapterem SDS Plus Ø 60 mm, długość 80 cm – wiertło do studni, sadzenie drzew, wiertło do otworów, wiertło do pali, wiertło przelotowe – precyzyjna końcówka",1ZWG60dp,WERHE,0.90,agent
WERHE świder ziemny z adapter SDS Plus 60 mm 80 cm do wiertarki i budowy,1ZWG60dp,WERHE,0.90,agent
"WERHE® Profi Bohrer VollStahl, Erdbohrer für bohrmaschine 60 mm extrem robust mit SDS Plus Adapter - Pfahlbohrer Brunnenbohrer präzise Bohrspitze.",1ZWG60dp,WERHE,0.55,agent
Świder do Gleby 60D SDS PLUS,1ZWG60dp,,1.00,apilo
WERHE Profi Bohrer für Erdbohrer 60 mm Pfahlbohrer Brunnenbohrer präzise Bohrspitze Doppelspiral Hartmetall eco Farbe mit SDS Plus Adapter,1ZWG60dpDS,WERHE,0.70,agent
"WERHE® Profi Bohrer VollStahl, Erdbohrer für bohrmaschine 80 mm Extrem robust mit m14 Adapter - Pfahlbohrer Brunnenbohrer präzise Bohrspitze.",1ZWG80dM14,WERHE,0.50,agent
"WERHE® Profi Bohrer, Erdbohrer für bohrmaschine 80 mm robust mit m14 Adapter - Pfahlbohrer Brunnenbohrer präzise Bohrspitze.",1ZWG80dM14,WERHE,0.50,agent
WERHE Profi Bohrer für Erdbohrer 80mm Florbohrer Brunnenbohrer robuste Bohrspitze geeignet für Makita/Hitachi Bohrer,1ZWG80dMakita,WERHE,0.50,agent
"Bohrer für Erdbohrer 80 mm passend für Stihl BT 106 C, BT 120 C, BT 121, BT 130 präzise Bohrspitze Pfahlbohre",1ZWG80dStihl,unknown,0.50,agent
WERHE Profesjonalny wiertło do ślimaka 80 mm dobrze precyzyjne spiralne ekologiczne farby z adapterem sześciokątnym,1ZWG80dh,WERHE,0.80,agent
WERHE Profi Bohrer für Erdbohrer 80 mm Pfahlbohrer Brunnenbohrer präzise Bohrspitze Spiral eco Farbe mit Hex Adapter,1ZWG80dh,WERHE,0.80,agent
"WERHE świder ziemny Ø 80 mm z adaptera sześciokątnego, stal, do wiertarek",1ZWG80dh,WERHE,0.85,agent
"WERHE® Profi Bohrer VollStahl, Erdbohrer für bohrmaschine 80 mm extrem robust mit Hex Adapter - Pfahlbohrer Brunnenbohrer präzise Bohrspitze.",1ZWG80dh,WERHE,0.55,agent
WERHE Profi Bohrer für Erdbohrer 80 mm Pfahlbohrer Brunnenbohrer präzise Bohrspitze Doppelspiral Hartmetall eco Farbe mit Hex Adapter,1ZWG80dhDS,WERHE,0.70,agent
WERHE Erdbohrer mit SDS Max Aufnahme 80 mm robuste Bohrspitze Pfahlbohrer Bohrer 80mm,1ZWG80dm,WERHE,0.85,agent
WERHE Profi Bohrer für Erdbohrer 80 mm Doppel-Welle Pfahlbohrer Brunnenbohrer robuste Bohrspitze mit SDS Max Adapter,1ZWG80dm,WERHE,0.70,agent
WERHE Wiertarka z adapterem SDS Max 80 mm Wytrzymała wiertarka 80 mm,1ZWG80dm,WERHE,0.60,agent
WERHE Wiertło uziemiające z adapterem SDS Max 80 mm solidne wiertło do runa 80 mm,1ZWG80dm,WERHE,0.60,agent
"WERHE® Profi Bohrer VollStahl, Erdbohrer für bohrmaschine 80 mm extrem robust mit SDS Max Adapter - Pfahlbohrer Brunnenbohrer präzise Bohrspitze.",1ZWG80dm,WERHE,0.80,agent
Świder do Gleby 80D SDS MAX,1ZWG80dm,,1.00,apilo
WERHE Erdbohrer 80 mm mit SDS Plus Aufnahme präzise Bohrspitze Pfahlbohrer Bohrer,1ZWG80dp,WERHE,0.85,agent
WERHE Profi Bohrer für Erdbohrer 80 mm Pfahlbohrer Brunnenbohrer präzise Bohrspitze Doppelspiral Hartmetall eco Farbe mit SDS Plus Adapter,1ZWG80dp,WERHE,0.70,agent
WERHE Wiertło do ziemi 80 mm z SDS Plus rejestrujące precyzyjne wiertło wiertło do runa,1ZWG80dp,WERHE,0.85,agent
WERHE Wiertło do ziemi 80 mm z precyzyjnym wiertłem SDS Plus,1ZWG80dp,WERHE,0.85,agent
"WERHE® Profi Bohrer VollStahl, Erdbohrer für bohrmaschine 80 mm extrem robust mit SDS Plus Adapter - Pfahlbohrer Brunnenbohrer präzise Bohrspitze.",1ZWG80dp,WERHE,0.80,agent
Świder do Gleby 80D SDS PLUS,1ZWG80dp,,1.00,apilo
"WERHE® Betonlochsägen 9 teiliges set im koffer Lochbohrers Ø 30 40 65 80 100 mm, Kernbohrer mit Pleuelbohrern für Zementsteinmauer, Führungsbohrer, Bohrverlängerung adapter 300 mm SDS",2OT30x300,WERHE,0.50,rule_new
"WERHE® Betonlochsägen 6 teiliges set im koffer Lochbohrers Ø 40 65 80 100 120 mm, Kernbohrer mit Pleuelbohrern für Zementsteinmauer, Führungsbohrer, Bohrverlängerung adapter 110 mm SDS Plus",2OT40x120p,WERHE,0.50,rule_new
"WERHE® Betonlochsägen 6 teiliges set im koffer Lochbohrers Ø 40 65 80 100 120 mm, Kernbohrer mit Pleuelbohrern für Zementsteinmauer, Führungsbohrer, Bohrverlängerung adapter 110 mm SDS Plus.",2OT40x120p,WERHE,0.50,rule_new
WERHE Wiertło SDS PLUS do betonu 10 x 160 mm – Wiertło udarowe do betonu i cegły – 4 krawędzie tnące,2WB10x160p,WERHE,0.50,rule_new
WERHE ® Profi SDS Plus Betonbohrer 10 x 160 mm Hammerbohrer Steinbohrer Beton Bohrer,2WB10x160p,WERHE,0.50,rule_new
WERHE ® Wiertło do betonu Professional SDS Plus 10 x 160 mm Wiertarka udarowa Wiertarka do kamienia Wiertarka do betonu,2WB10x160p,WERHE,0.50,rule_new
WERHE ® Professional 5 szt. SDS Plus wiertło do betonu 10 x 210 mm młotek kamień beton quadro X Quadruple cięcie krzyżowe,2WB10x210pn5,WERHE,0.80,review
WERHE ® Profi 5 tlg. SDS Plus Betonbohrer 10 x 210 mm Hammer Stein Beton Quadro X Vierfachschneide Kreuzschneide,2WB10x210pn5,WERHE,0.80,review
WERHE Profesjonalne wiertło SDS Plus do betonu 10 x 460 mm wiertło udarowe wiertło do kamienia wiertło do betonu,2WB10x460p,WERHE,0.95,rule
WERHE Profi SDS Plus Betonbohrer 10 x 460 mm Hammerbohrer Steinbohrer Beton Bohre,2WB10x460p,WERHE,0.95,rule
WERHE Profi SDS Plus Betonbohrer 10 x 460 mm Hammerbohrer Steinbohrer Beton Bohrer,2WB10x460p,WERHE,0.95,rule
WERKON Profi SDS Plus Betonbohrer 10 x 460 mm Hammerbohrer Steinbohrer Beton Bohrer,2WB10x460p,WERKON,0.95,rule
Wiertło do betonu 10x460mm SDS PLUS,2WB10x460p,,1.00,apilo
WERHE Profesjonalne wiertło SDS Plus do betonu 10 x 600 mm wiertło udarowe wiertło do kamienia wiertło do betonu,2WB10x600p,WERHE,0.50,rule_new
WERHE Profi SDS Plus Betonbohrer 10 x 600 mm Hammerbohrer Steinbohrer Beton Bohrer,2WB10x600p,WERHE,0.50,rule_new
WERKON Profesjonalne wiertło do betonu SDS Plus 10 x 600 mm wiertło udarowe wiertło do kamienia wiertło do betonu Quadro X poczwórne ostrze ostrze krzyżowe,2WB10x600p,WERKON,0.50,rule_new
WERKON Profi SDS Plus Betonbohrer 10 x 600 mm Hammerbohrer Steinbohrer Beton Bohrer Quadro X Vierfachschneide Kreuzschneide,2WB10x600p,WERKON,0.50,rule_new
WERHE ® Profi SDS PLUS Betonbohrer 10 x 800 mm Hammerbohrer Steinbohrer Beton Bohrer,2WB10x800p,WERHE,0.50,rule_new
WERHE ® Profesjonalne 5-cz. SDS Plus wiertło do betonu 12 x 210 mm młotek kamień beton Quadro X czterokrotne ostrze krzyżowe,2WB12x210pn5,WERHE,0.80,review
WERHE ® Profi 5 tlg. SDS Plus Betonbohrer 12 x 210 mm Hammer Stein Beton Quadro X Vierfachschneide Kreuzschneide,2WB12x210pn5,WERHE,0.80,review
WERHE Profesjonalne wiertło SDS Plus do betonu 12 x 460 mm wiertło udarowe wiertło do kamienia wiertło do betonu,2WB12x460p,WERHE,0.50,rule_new
WERHE Profi SDS Plus Betonbohrer 12 x 460 mm Hammerbohrer Steinbohrer Beton Bohrer,2WB12x460p,WERHE,0.50,rule_new
WERKON Profesjonalne wiertło do betonu SDS Plus 12 x 460 mm wiertło udarowe wiertło do kamienia wiertło do betonu wiertło,2WB12x460p,WERKON,0.50,rule_new
WERKON Profi SDS Plus Betonbohrer 12 x 460 mm Hammerbohrer Steinbohrer Beton Bohrer,2WB12x460p,WERKON,0.50,rule_new
Werkon Profi SDS Plus Betonbohrer 12 x 460 mm Hammerbohrer Steinbohrer Beton Bohrer,2WB12x460p,WERKON,0.50,rule_new
WERHE Profesjonalne wiertło SDS Plus do betonu 12 x 600 mm wiertło udarowe wiertło do kamienia wiertło do betonu,2WB12x600p,WERHE,0.95,rule
WERHE Profi SDS Plus Betonbohrer 12 x 600 mm Hammerbohrer Steinbohrer Beton Bohrer,2WB12x600p,WERHE,0.95,rule
WERHE Wiertło do betonu SDS PLUS 12 x 600 mm – wiertło udarowe do betonu i cegły – 4 ostrza,2WB12x600p,WERHE,0.95,rule
WERKON Profesjonalne wiertło SDS Plus do betonu 12 x 600 mm wiertło udarowe wiertło do kamienia wiertło do betonu,2WB12x600p,WERKON,0.95,rule
WERKON Profi SDS Plus Betonbohrer 12 x 600 mm Hammerbohrer Steinbohrer Beton Bohrer,2WB12x600p,WERKON,0.95,rule
Wiertło do betonu 12x600mm SDS Plus,2WB12x600p,,1.00,apilo
WERHE ® Profi SDS PLUS Betonbohrer 12 x 800 mm Hammerbohrer Steinbohrer Beton Bohrer,2WB12x800p,WERHE,0.50,rule_new
WERHE ® Professional 5 szt. SDS Plus wiertło do betonu 14 x 210 mm młotek kamień beton quadro X Quadruple cięcie krzyżowe,2WB14x210pn5,WERHE,0.80,review
WERHE ® Profi 10 tlg. SDS Plus Betonbohrer 14 x 210 mm Hammer Stein Beton Quadro X Vierfachschneide Kreuzschneide,2WB14x210pn5,WERHE,0.80,review
WERHE ® Profi 5 tlg. SDS Plus Betonbohrer 14 x 210 mm Hammer Stein Beton Quadro X Vierfachschneide Kreuzschneide,2WB14x210pn5,WERHE,0.80,review
"WERHE ® SDS Plus Betonbohrer Set 5 tlg 6, 8, 10, 12, 14 x 210 mm Hammerbohrer Steinbohrer Beton Bohrer",2WB14x210pn5,WERHE,0.80,review
"WERKON SDS Plus Betonbohrer Set 5 tlg 6, 8, 10, 12, 14 x 210 mm Hammerbohrer Steinbohrer Beton Bohrer",2WB14x210pn5,WERKON,0.80,review
"WERHE Profesjonalne Wiertło SDS Plus 14 x 460 mm Do Betonu, Kamienia - Wiertło Udarowe",2WB14x460p,WERHE,0.95,rule
WERHE Profesjonalne wiertło SDS Plus do betonu 14 x 460 mm wiertło udarowe wiertło do kamienia wiertło do betonu,2WB14x460p,WERHE,0.95,rule
WERHE Profi SDS Plus Betonbohrer 14 x 460 mm Hammerbohrer Steinbohrer Beton Bohrer,2WB14x460p,WERHE,0.95,rule
WERKON Profesjonalne wiertło do betonu SDS Plus 14 x 460 mm wiertło udarowe wiertło do kamienia wiertło do betonu wiertło,2WB14x460p,WERKON,0.95,rule
WERKON Profi SDS Plus Betonbohrer 14 x 460 mm Hammerbohrer Steinbohrer Beton Bohrer,2WB14x460p,WERKON,0.95,rule
Werkon Profi SDS Plus Betonbohrer 14 x 460 mm Hammerbohrer Steinbohrer Beton Bohrer,2WB14x460p,WERKON,0.95,rule
Wiertło do betonu 14x460mm SDS PLUS,2WB14x460p,,1.00,apilo
WERHE Profesjonalne wiertło SDS Plus do betonu 14 x 600 mm wiertło udarowe wiertło do kamienia wiertło do betonu,2WB14x600p,WERHE,0.95,rule
WERHE Profi SDS Plus Betonbohrer 14 x 600 mm Hammerbohrer Steinbohrer Beton Bohrer,2WB14x600p,WERHE,0.95,rule
"WERKON Profesjonalne wiertło do betonu SDS Plus 14 x 600 mm, wiertło udarowe, wiertło do kamienia, wiertło do betonu",2WB14x600p,WERKON,0.95,rule
WERKON Profi SDS Plus Betonbohrer 14 x 600 mm Hammerbohrer Steinbohrer Beton Bohrer,2WB14x600p,WERKON,0.95,rule
Wiertło do betonu 14x600mm SDS Plus,2WB14x600p,,1.00,apilo
WERHE ® Profi SDS PLUS Betonbohrer 14 x 800 mm Hammerbohrer Steinbohrer Beton Bohrer,2WB14x800p,WERHE,0.50,rule_new
WERHE Wiertło do betonu SDS MAX 16 x 460 mm - wiertło do muru pasuje do wiertarki - wiertło udarowe do wiercenia w betonie i cegle - poczwórna krawędź tnąca z podwójną spiralą i końcówką z węglików,2WB16x460m,WERHE,0.50,rule_new
WERHE Wiertło do betonu SDS MAX 16 x 460 mm – Wiertło udarowe do betonu i cegły – 4 krawędzie tnące,2WB16x460m,WERHE,0.50,rule_new
"WERHE wiertło do betonu SDS Max 16x460 mm, do betonu",2WB16x460m,WERHE,0.50,rule_new
WERHE Profesjonalne Wiertło SDS Plus Do Betonu 16 x 460 mm Udarowe i Do Kamienia,2WB16x460p,WERHE,0.50,rule_new
WERHE Profesjonalne wiertło SDS Plus do betonu 16 x 460 mm wiertło udarowe wiertło do kamienia wiertło do betonu,2WB16x460p,WERHE,0.50,rule_new
WERHE Profesjonalne wiertło do betonu SDS Plus 16 x 460 mm wiertło udarowe wiertło do kamienia wiertło do betonu wiertło,2WB16x460p,WERHE,0.50,rule_new
WERHE Profi SDS Plus Betonbohrer 16 x 460 mm Hammerbohrer Steinbohrer Beton Bohrer,2WB16x460p,WERHE,0.50,rule_new
WERHE Wiertło SDS PLUS do betonu 16 x 460 mm – Wiertło udarowe do betonu i cegły – 4 krawędzie tnące,2WB16x460p,WERHE,0.50,rule_new
WERKON Profesjonalne wiertło do betonu SDS Plus 16 x 460 mm wiertło udarowe wiertło do kamienia wiertło do betonu wiertło,2WB16x460p,WERKON,0.50,rule_new
WERKON Profesjonalne wiertło do betonu SDS Plus 16 x 460 mm wiertło udarowe wiertło do kamienia wiertło do betonu wiertło Quadro X poczwórne ostrze krzyżowe 16 x 460,2WB16x460p,WERKON,0.50,rule_new
WERKON Profi SDS Plus Betonbohrer 16 x 460 mm Hammerbohrer Steinbohrer Beton Bohrer,2WB16x460p,WERKON,0.50,rule_new
WERHE Wiertło do betonu SDS MAX 16 x 600 mm - wiertło do muru pasuje do wiertarki - wiertło udarowe do wiercenia w betonie i cegle - poczwórna krawędź tnąca z podwójną spiralą i końcówką z węglików,2WB16x600m,WERHE,0.90,rule
Wiertło do Betonu 16x600mm SDS Max,2WB16x600m,,1.00,apilo
WERHE SDS Plus Betonbohrer 16 x 600 mm Hammerbohrer Steinbohrer Beton Bohrer,2WB16x600p,WERHE,0.95,rule
WERHE SDS Plus Wiertło do Betonu 16 x 600 mm Udarowe do Kamienia,2WB16x600p,WERHE,0.95,rule
WERHE SDS Plus wiertło do betonu 16 x 600 mm wiertło udarowe wiertło do kamienia wiertło do betonu,2WB16x600p,WERHE,0.95,rule
"WERHE wiertło udarowe do betonu SDS Plus, kamień, cegła, Ø 16 mm",2WB16x600p,WERHE,0.90,rule
WERKON SDS Plus Betonbohrer 16 x 600 mm Hammerbohrer Steinbohrer Beton Bohrer,2WB16x600p,WERKON,0.95,rule
WERKON Wiertło udarowe SDS Plus 16 x 600 mm Quadro X głowica krzyżowa beton kamień murarz,2WB16x600p,WERKON,0.95,rule
Wiertło do betonu 16x600mm Sds Plus,2WB16x600p,,1.00,apilo
WERHE ® Profi SDS PLUS Betonbohrer 16 x 800 mm Hammerbohrer Steinbohrer Beton Bohrer,2WB16x800p,WERHE,0.50,rule_new
WERHE Wiertło do betonu SDS MAX 18 x 460 mm - wiertło do muru pasuje do wiertarki - wiertło udarowe do wiercenia w betonie i cegle - poczwórna krawędź tnąca z podwójną spiralą i końcówką z węglików,2WB18x460m,WERHE,0.90,rule
WERHE Wiertło do betonu SDS MAX 18 x 460 mm – Wiertło udarowe do betonu i cegły – 4 krawędzie tnące,2WB18x460m,WERHE,0.95,rule
Wiertło do betonu 18x460mm SDS MAX,2WB18x460m,,1.00,apilo
WERHE Profesjonalne Wiertło SDS Plus Do Betonu 18 x 460 mm Udarowe Do Kamienia,2WB18x460p,WERHE,0.50,rule_new
WERHE Profesjonalne wiertło SDS Plus do betonu 18 x 460 mm wiertło udarowe wiertło do kamienia wiertło do betonu,2WB18x460p,WERHE,0.50,rule_new
WERHE Profi SDS Plus Betonbohrer 18 x 460 mm Hammerbohrer Steinbohrer Beton Bohrer,2WB18x460p,WERHE,0.50,rule_new
WERKON Profesjonalne wiertło do betonu SDS Plus 18 x 460 mm wiertło udarowe wiertło do kamienia wiertło do betonu wiertło,2WB18x460p,WERKON,0.50,rule_new
WERKON Profi SDS Plus Betonbohrer 18 x 460 mm Hammerbohrer Steinbohrer Beton Bohrer,2WB18x460p,WERKON,0.50,rule_new
WERHE Wiertło do betonu SDS MAX 18 x 600 mm - wiertło do muru pasuje do wiertarki - wiertło udarowe do wiercenia w betonie i cegle - poczwórna krawędź tnąca z podwójną spiralą i końcówką z węglików,2WB18x600m,WERHE,0.90,rule
Wiertło do betonu 18x600mm SDS MAX,2WB18x600m,,1.00,apilo
WERHE Profi SDS Plus wiertarka do betonu 18 x 600 mm wiertło młotkowe wiertło do betonu,2WB18x600p,WERHE,0.95,rule
WERHE ® Profesjonalne Wiertło SDS Plus Do Betonu 18 x 600 mm Udarowe i Do Kamienia,2WB18x600p,WERHE,0.95,rule
WERHE ® Profesjonalne wiertło SDS Plus do betonu 18 x 600 mm wiertło udarowe wiertło do kamienia wiertło do betonu,2WB18x600p,WERHE,0.95,rule
WERHE ® Profi SDS Plus Betonbohrer 18 x 600 mm Hammerbohrer Steinbohrer Beton Bohrer,2WB18x600p,WERHE,0.95,rule
WERKON Profesjonalne wiertło do betonu SDS Plus 18 x 600 mm wiertło udarowe wiertło do kamienia wiertło do betonu wiertło,2WB18x600p,WERKON,0.95,rule
WERKON Profi SDS Plus Betonbohrer 18 x 600 mm Hammerbohrer Steinbohrer Beton Bohrer,2WB18x600p,WERKON,0.95,rule
Wiertło do betonu 18x600mm Sds plus,2WB18x600p,,1.00,apilo
WERHE ® Profi SDS PLUS Betonbohrer 18 x 800 mm Hammerbohrer Steinbohrer Beton Bohrer,2WB18x800p,WERHE,0.50,rule_new
WERHE SDS Max Betonbohrer 20 x 460 mm Hammerbohrer Steinbohrer Beton Bohrer,2WB20x460m,WERHE,0.95,rule
WERHE SDS Max wiertło do betonu 20 x 460 mm wiertło udarowe wiertło do betonu,2WB20x460m,WERHE,0.95,rule
WERHE SDS Max wiertło do betonu 20 x 460 mm wiertło udarowe wiertło do kamienia wiertło do betonu,2WB20x460m,WERHE,0.95,rule
Wiertło do betonu 20x460mm Sds max,2WB20x460m,,1.00,apilo
WERHE Profi SDS Plus Betonbohrer 20 x 460 mm Hammerbohrer Steinbohrer Beton Bohrer,2WB20x460p,WERHE,0.50,rule_new
"WERHE Profi SDS Plus wiertło do betonu 20 x 460 mm, wiertło udarowe, wiertło do kamienia, wiertło do betonu",2WB20x460p,WERHE,0.50,rule_new
WERKON Profesjonalne wiertło do betonu SDS Plus 20 x 460 mm wiertło udarowe wiertło do kamienia wiertło do betonu,2WB20x460p,WERKON,0.50,rule_new
WERKON Profi SDS Plus Betonbohrer 20 x 460 mm Hammerbohrer Steinbohrer Beton Bohrer,2WB20x460p,WERKON,0.50,rule_new
WERHE SDS Max Betonbohrer 20 x 600 mm Hammerbohrer Steinbohrer Beton Bohrer,2WB20x600m,WERHE,0.95,rule
WERHE SDS Max wiertło do betonu 20 x 600 mm wiertło udarowe wiertło do kamienia wiertło do betonu,2WB20x600m,WERHE,0.95,rule
WERHE Wiertło do betonu SDS MAX 20 x 600 mm – wiertło udarowe do betonu i cegły – 4 ostrza,2WB20x600m,WERHE,0.95,rule
"WERHE wiertło do betonu SDS Max, Ø 20 mm, długość 600 mm, 4 ostrza",2WB20x600m,WERHE,0.95,rule
WERKON SDS Max Betonbohrer 20 x 600 mm Hammerbohrer Steinbohrer Beton Bohrer,2WB20x600m,WERKON,0.95,rule
WERKON SDS Max wiertło do betonu 20 x 600 mm wiertło udarowe wiertło do kamienia wiertło do betonu,2WB20x600m,WERKON,0.95,rule
Wiertło do betonu 20x600 sds max,2WB20x600m,,1.00,apilo
WERHE Profi SDS Plus Betonbohrer 20 x 600 mm Hammerbohrer Steinbohrer Beton Bohrer Quadro X Vierfachschneide Kreuzschneide,2WB20x600p,WERHE,0.95,rule
WERHE SDS Plus Profesjonalne wiertło do betonu 20 x 600 mm,2WB20x600p,WERHE,0.95,rule
WERHE Wiertło SDS PLUS do betonu 20 x 600 mm – Wiertło udarowe do betonu i cegły – 4 krawędzie tnące,2WB20x600p,WERHE,0.95,rule
WERHE wiertło udarowe SDS Plus 20x600 mm,2WB20x600p,WERHE,0.95,rule
"WERHE wiertło udarowe SDS Plus Ø 20 mm, długość 600 mm",2WB20x600p,WERHE,0.95,rule
"WERKON Profesjonalne wiertło do betonu SDS Plus 20 x 600 mm wiertło udarowe wiertło do kamienia, wiertło do betonu",2WB20x600p,WERKON,0.95,rule
WERKON Profi SDS Plus Betonbohrer 20 x 600 mm Hammerbohrer Steinbohrer Beton Bohrer,2WB20x600p,WERKON,0.95,rule
Wiertło do betonu 20x600mm Sds plus,2WB20x600p,,1.00,apilo
WERHE ® Profi SDS PLUS Betonbohrer 20 x 800 mm Hammerbohrer Steinbohrer Beton Bohrer,2WB20x800p,WERHE,0.50,rule_new
WERHE Profesjonalne wiertło do betonu SDS Plus 25 x 260 mm młotek beton kwadratowy X poczwórne cięcie krzyżowe,2WB25x260p,WERHE,0.50,rule_new
WERHE ® Profi SDS Plus Betonbohrer 25 x 260 mm Hammerbohrer Steinbohrer Framework X Vierfachschneide Kreuzschneide,2WB25x260p,WERHE,0.50,rule_new
Werkon Profi SDS Plus Betonbohrer 25 x 260 mm Hammerbohrer Steinbohrer Framework X Vierfachschneide Kreuzschneide,2WB25x260p,WERKON,0.50,rule_new
WERHE SDS Max Betonbohrer 25 x 460 mm Hammerbohrer Steinbohrer Beton Bohrer,2WB25x460m,WERHE,0.50,rule_new
WERHE SDS Max wiertło do betonu 25 x 460 mm wiertło udarowe wiertło do kamienia wiertło do betonu,2WB25x460m,WERHE,0.50,rule_new
WERHE Profi SDS Plus Betonbohrer 25 x 460 mm Hammerbohrer Steinbohrer Beton Bohrer,2WB25x460p,WERHE,0.50,rule_new
WERHE Profi SDS Plus Wiertło do betonu 25 x 460 mm Wiertło do młotów Wiertło do kamienia Wiertło do betonu,2WB25x460p,WERHE,0.50,rule_new
WERKON Profesjonalne wiertło do betonu SDS Plus 25 x 460 mm wiertło do betonu,2WB25x460p,WERKON,0.50,rule_new
WERKON Profi SDS Plus Betonbohrer 25 x 460 mm Hammerbohrer Steinbohrer Beton Bohrer,2WB25x460p,WERKON,0.50,rule_new
WERHE SDS Max Betonbohrer 25 x 600 mm Hammerbohrer Steinbohrer Beton Bohrer,2WB25x600m,WERHE,0.95,rule
WERHE SDS Max wiertło do betonu 25 x 600 mm wiertło udarowe wiertło do kamienia wiertło do betonu,2WB25x600m,WERHE,0.95,rule
WERKON SDS Max Betonbohrer 25 x 600 mm Hammerbohrer Steinbohrer Beton Bohrer,2WB25x600m,WERKON,0.95,rule
WERKON SDS Max wiertło do betonu 25 x 600 mm wiertło udarowe wiertło do kamienia wiertło do betonu,2WB25x600m,WERKON,0.95,rule
Wiertło do betonu 25x600mm sds max,2WB25x600m,,1.00,apilo
WERHE Profi SDS Plus Betonbohrer 25 x 600 mm Hammerbohrer Steinbohrer Beton Bohrer Quadro X Vierfachschneide Kreuzschneide,2WB25x600p,WERHE,0.95,rule
"WERHE Wiertło do betonu SDS Plus, do wiertarki udarowej, 25 x 600 mm, do kamienia, poczwórna krawędź Quadro X",2WB25x600p,WERHE,0.95,rule
"WERHE wiertło do betonu SDS Plus Ø 25 mm, długość 600 mm",2WB25x600p,WERHE,0.95,rule
WERKON Profi SDS Plus Betonbohrer 25 x 600 mm Hammerbohrer Steinbohrer Beton Bohrer Quadro X Vierfachschneide Kreuzschneide 25x600,2WB25x600p,WERKON,0.95,rule
WERKON Wiertło do betonu 25 x 600 mm Profesjonalny SDS Plus do wiertarki udarowej,2WB25x600p,WERKON,0.95,rule
Wiertło do betonu 25x600mm Sds plus,2WB25x600p,,1.00,apilo
WERHE ® Profi SDS PLUS Betonbohrer 25 x 800 mm Hammerbohrer Steinbohrer Beton Bohrer,2WB25x800p,WERHE,0.50,rule_new
WERHE ® Professional SDS Max wiertło do betonu 28 x 600 mm Wiertło udarowe Wiertło do muru Wiertło do betonu,2WB28x600m,WERHE,0.50,rule_new
WERHE ® Profi SDS Max Betonbohrer 28 x 600 mm Hammerbohrer Steinbohrer Beton Bohrer,2WB28x600m,WERHE,0.50,rule_new
WERHE Wiertło SDS PLUS do betonu 28 x 600 mm – Wiertło udarowe do betonu i cegły – 4 krawędzie tnące,2WB28x600p,WERHE,0.95,rule
WERHE ® Profi SDS PLUS Betonbohrer 28 x 600 mm Hammerbohrer Steinbohrer Beton Bohrer,2WB28x600p,WERHE,0.95,rule
Wiertarka do betonu WERHE ® Professional SDS PLUS 28 x 600 mm Wiertarka udarowa Wiertarka do betonu,2WB28x600p,WERHE,0.95,rule
Wiertarka do betonu WERHE ® Professional SDS PLUS 28 x 600 mm Wiertarka udarowa Wiertarka do kamienia Wiertarka do betonu,2WB28x600p,WERHE,0.95,rule
Wiertło do Betonu 28 x 600mm SDS Plus,2WB28x600p,,1.00,apilo
"WERHE wiertło do betonu SDS Max 30x600 mm, wiertło udarowe, 4 ostrza, beton",2WB30x600m,WERHE,0.95,rule
WERHE ® Profesjonalne Wiertło do betonu SDS Max 30 x 600 mm Wiertarka udarowa Wiertarka do kamienia Wiertarka do betonu,2WB30x600m,WERHE,0.95,rule
WERHE ® Profi SDS Max Betonbohrer 30 x 600 mm Hammerbohrer Steinbohrer Beton Bohrer,2WB30x600m,WERHE,0.95,rule
Wiertło do betonu 30x600mm SDS MAX,2WB30x600m,,1.00,apilo
WERHE Wiertło SDS PLUS do betonu 30 x 600 mm – Wiertło udarowe do betonu i cegły – 4 krawędzie tnące,2WB30x600p,WERHE,0.95,rule
WERHE ® Professional SDS PLUS 30 x 600 mm Wiertarka udarowa Wiertarka do kamienia Wiertarka do betonu,2WB30x600p,WERHE,0.95,rule
WERHE ® Profi SDS PLUS Betonbohrer 30 x 600 mm Hammerbohrer Steinbohrer Beton Bohrer,2WB30x600p,WERHE,0.95,rule
Wiertarka do betonu WERHE ® Professional SDS PLUS 30 x 600 mm Wiertarka udarowa Wiertarka do kamienia Wiertarka do betonu,2WB30x600p,WERHE,0.95,rule
Wiertło do Betonu 30 x 600mm SDS Plus,2WB30x600p,,1.00,apilo
WERHE Profi SDS PLUS Betonbohrer 32 x 260 mm Hammerbohrer Steinbohrer Beton Bohrer,2WB32x260p,WERHE,0.50,rule_new
"WERHE Profi SDS PLUS Wiertło do betonu 32 x 260 mm Wiertło młotkowe Wiertło do muru, wiertło do betonu",2WB32x260p,WERHE,0.50,rule_new
WERHE SDS Max Betonbohrer 32 x 460 mm Hammerbohrer Steinbohrer Beton Bohrer,2WB32x460m,WERHE,0.50,rule_new
WERHE SDS Max wiertło do betonu 32 x 460 mm wiertło udarowe wiertło do betonu,2WB32x460m,WERHE,0.50,rule_new
WERHE SDS Max wiertło do betonu 32 x 460 mm wiertło udarowe wiertło do kamienia wiertło do betonu,2WB32x460m,WERHE,0.50,rule_new
WERHE Profi SDS Plus Betonbohrer 32 x 460 mm Hammerbohrer Steinbohrer Beton Bohrer,2WB32x460p,WERHE,0.50,rule_new
WERHE Profi SDS Plus Wiertło do betonu 32 x 460 mm,2WB32x460p,WERHE,0.50,rule_new
WERHE Profi SDS Plus Wiertło do betonu 32 x 460 mm Wiertło do młotów Wiertło do kamienia Wiertło do betonu,2WB32x460p,WERHE,0.50,rule_new
WERHE SDS Max Betonbohrer 32 x 600 mm Hammerbohrer Steinbohrer Beton Bohrer,2WB32x600m,WERHE,0.95,rule
WERHE SDS Max wiertło do betonu 32 x 600 mm wiertło udarowe wiertło do kamienia wiertło do betonu,2WB32x600m,WERHE,0.95,rule
WERKON SDS Max Betonbohrer 32 x 600 mm Hammerbohrer Steinbohrer Beton Bohrer,2WB32x600m,WERKON,0.95,rule
WERKON SDS Max wiertło do betonu 32 x 600 mm wiertło udarowe wiertło do kamienia wiertło do betonu,2WB32x600m,WERKON,0.95,rule
Wiertło do betonu 32x600 sds max,2WB32x600m,,1.00,apilo
WERHE SDS PLUS Betonbohrer 32 x 600 mm Hammerbohrer Steinbohrer Beton Bohrer,2WB32x600p,WERHE,0.95,rule
WERHE Wiertło SDS PLUS do betonu 32 x 600 mm – Wiertło udarowe do betonu i cegły – 4 krawędzie tnące,2WB32x600p,WERHE,0.95,rule
WERHE wiertło do betonu SDS Plus 32x600 mm wiertło udarowe z węglika,2WB32x600p,WERHE,0.95,rule
WERKON Betonbohrer 32x600mm Profi SDS Plus für Schlagbohrmaschine,2WB32x600p,WERKON,0.95,rule
Wiertło SDS Plus 32mm Ø - Bardzo długie 32x600 mm - Idealne do szybkiego wiercenia w betonie - Wysokiej jakości końcówka z węglików spiekanych - Bez odprysków w stali zbrojeniowej 32x600mm,2WB32x600p,,0.95,rule
Wiertło do betonu 32x600mm Sds plus,2WB32x600p,,1.00,apilo
Wiertło do betonu SDS Plus profesjonalna jakość do młotowiertarki 32 x 600 mm,2WB32x600p,,0.95,rule
WERHE ® Profi SDS MAX Betonbohrer 32 x 800 mm Hammerbohrer Steinbohrer Beton Bohrer,2WB32x800m,WERHE,0.50,rule_new
WERHE ® Profi SDS MAX Betonbohrer 32 x 800 mm Hammerbohrer Steinbohrer Beton Bohrer…,2WB32x800m,WERHE,0.50,rule_new
WERHE ® Profi SDS PLUS Betonbohrer 32 x 800 mm Hammerbohrer Steinbohrer Beton Bohrer,2WB32x800p,WERHE,0.50,rule_new
WERHE ® Profesjonalne Wiertło do betonu SDS Max 40 x 460 mm Wiertarka udarowa Wiertarka do kamienia Wiertarka do betonu,2WB40x460m,WERHE,0.95,rule
WERHE ® Profi SDS Max Betonbohrer 40 x 460 mm Hammerbohrer Steinbohrer Beton Bohrer,2WB40x460m,WERHE,0.95,rule
Wiertło do betonu 40x460mm SDS MAX,2WB40x460m,,1.00,apilo
WERHE SDS Max Betonbohrer 40 x 600 mm Hammerbohrer Steinbohrer Beton Bohrer,2WB40x600m,WERHE,0.95,rule
WERHE SDS Max wiertło do betonu 40 x 600 mm wiertło udarowe wiertło do kamienia wiertło do betonu,2WB40x600m,WERHE,0.95,rule
WERHE Wiertło udarowe SDS Max do betonu 40 x 600 mm wiertło udarowe wiertło do betonu,2WB40x600m,WERHE,0.95,rule
"WERHE wiertło do betonu SDS Max Ø 40 mm, długość 600 mm, węglik spiekany",2WB40x600m,WERHE,0.95,rule
WERKON SDS Max Betonbohrer 40 x 600 mm Hammerbohrer Steinbohrer Beton Bohrer,2WB40x600m,WERKON,0.95,rule
WERKON SDS Max wiertło do betonu 40 x 600 mm wiertło udarowe wiertło do kamienia wiertło do betonu,2WB40x600m,WERKON,0.95,rule
WERKON wiertło do betonu SDS Max 40x600 mm z ostrza krzyżowego z węglika,2WB40x600m,WERKON,0.95,rule
Wiertło do betonu 40x600 sds max,2WB40x600m,,1.00,apilo
WERHE Wiertło SDS PLUS do betonu 40 x 600 mm – Wiertło udarowe do betonu i cegły – 4 krawędzie tnące,2WB40x600p,WERHE,0.95,rule
WERHE ® Profi SDS PLUS Betonbohrer 40 x 600 mm Hammerbohrer Steinbohrer Beton Bohrer,2WB40x600p,WERHE,0.95,rule
"WERHE® Profi SDS PLUS wiertarka do betonu 40 x 600 mm wiertarka do kamienia, wiertarka do betonu",2WB40x600p,WERHE,0.95,rule
WERKON Profi SDS Plus Betonbohrer 40 x 600 mm Hammerbohrer Steinbohrer Beton Bohrer Quadro X Vierfachschneide,2WB40x600p,WERKON,0.95,rule
WERKON Profi SDS Plus Betonbohrer 40 x 600 mm Hammerbohrer Steinbohrer Beton Bohrer Quadro X Vierfachschneide Kreuzschneide,2WB40x600p,WERKON,0.95,rule
WERKON Wiertło do betonu 40 x 600 mm Profesjonalny SDS Plus do wiertarki udarowej,2WB40x600p,WERKON,0.95,rule
"WERKON wiertło do betonu SDS Plus 40 x 600 mm, wiertło udarowe do żelbetu",2WB40x600p,WERKON,0.95,rule
Wiertło do betonu 40x600mm sds plus,2WB40x600p,,1.00,apilo
"WERHE ® Professional 5 szt. SDS Plus wiertło do betonu 6,5 x 260 mm kamień młotkowy Quadro X Quadruple cięcie krzyżowe","2WB6,5x260pn5",WERHE,0.80,review
WERHE ® Profi 5 tlg. SDS Plus Betonbohrer 6.5 x 260 mm Hammer Stein Beton Quadro X Vierfachschneide Kreuzschneide,"2WB6,5x260pn5",WERHE,0.80,review
"Zestaw wierteł do betonu 6,5x260 5szt SDS PLUS","2WB6,5x260pn5",,0.80,review
WERHE ® Professional 5 szt. SDS Plus wiertło do betonu 6 x 110 mm kamień młotkowy Quadro X Quadruple cięcie krzyżowe,2WB6x110pn5,WERHE,0.80,review
WERHE ® Profi 5 tlg. SDS Plus Betonbohrer 6 x 110 mm Hammer Stein Beton Quadro X Vierfachschneide Kreuzschneide,2WB6x110pn5,WERHE,0.80,review
WERHE Professional SDS Plus wiertarka do betonu 6 x 160 mm,2WB6x160p,WERHE,0.95,rule
WERHE Profi SDS Plus Betonbohrer 6 x 160 mm Hammerbohrer Steinbohrer Beton Bohrer Quadro X Vierfachschneide Kreuzschneide,2WB6x160p,WERHE,0.95,rule
WERHE ® Profesjonalne 5 szt. SDS Plus wiertło do betonu 6 x 160 mm kamień młotkowy Quadro X poczwórne cięcie poprzeczne,2WB6x160p,WERHE,0.95,rule
WERHE ® Profi 5 tlg. SDS Plus Betonbohrer 6 x 160 mm Hammer Stein Beton Quadro X Vierfachschneide Kreuzschneide,2WB6x160p,WERHE,0.95,rule
Wiertło do betonu 6x160 sds plus,2WB6x160p,,1.00,apilo
WERHE ® Profesjonalny 5 szt. SDS Plus wiertło do betonu 6 x 210 mm młotek kamień beton Quadro X poczwórne cięcie przecinak,2WB6x210pn5,WERHE,0.80,review
WERHE ® Profi 10 tlg. SDS Plus Betonbohrer 6 x 210 mm Hammer Stein Beton Quadro X Vierfachschneide Kreuzschneide,2WB6x210pn5,WERHE,0.80,review
WERHE ® Profi 5 tlg. SDS Plus Betonbohrer 6 x 210 mm Hammer Stein Beton Quadro X Vierfachschneide Kreuzschneide,2WB6x210pn5,WERHE,0.80,review
WERHE ® Professional 5 szt. SDS Plus wiertło do betonu 6 x 260 mm kamień młotkowy Quadro X Quadruple cięcie krzyżowe,2WB6x260pn5,WERHE,0.80,review
WERHE ® Profi 5 tlg. SDS Plus Betonbohrer 6 x 260 mm Hammer Stein Beton Quadro X Vierfachschneide Kreuzschneide,2WB6x260pn5,WERHE,0.80,review
WERHE ® Professional 5 szt. SDS Plus wiertło do betonu 8 x 210 mm młotek kamień beton Quadro X Quadruple cięcie krzyżowe,2WB8x210pn5,WERHE,0.80,review
WERHE ® Profi 5 tlg. SDS Plus Betonbohrer 8 x 210 mm Hammer Stein Beton Quadro X Vierfachschneide Kreuzschneide,2WB8x210pn5,WERHE,0.80,review
"WERKON SDS Plus 5-częściowy zestaw wierteł do betonu 6, 8, 10, 12, 14 x 210 mm wiertło udarowe do betonu",2ZWB1x210p,WERKON,0.80,rule
"Werhe® Zestaw wierteł do betonu 5szt 6, 8, 10, 12, 14 x 210 Młotowiertarka Wiertło do kamienia Wiertło do betonu",2ZWB1x210p,WERHE,0.80,review
Zestaw wierteł do betonu 12x210 5szt SDS PLUS,2ZWB1x210p,,0.70,rule
"Zestaw wierteł do betonu 6,8,10,12,14x 210mm SDS Plus",2ZWB1x210p,,1.00,apilo
"Werkon Glas und Fliesen Bohrer-Set 5 Stück 4,5,6,8,10 mm Innensechskant 1/10,2 cm",2Zesthn5,WERKON,0.50,rule_new
"WERHE Dłuto zębate SDS Plus 100 mm, długość 175 mm – usuwanie tynku/kleju do płytek – dłuto skrobakowe/zębate do młota udarowego – wymienne ostrze",3DB100x175p,WERHE,0.50,rule_new
"WERHE dłuto łopatowe 110 mm x 410 mm, SDS Max uchwyt, stal stopowa",3DB110x410m,WERHE,0.50,rule_new
WERHE ® Professional SDS Max Dłuto łopatkowe 110 x 410 mm Uchwyt SDS Max 18 mm do wiertarki Dłuto do młotowiertarki Plastikowa walizka,3DB110x410m,WERHE,0.50,rule_new
Dłuto do betonu 20x400 Sds plus,3DB20x400p,,1.00,apilo
WERHE Profi 20 x 400 mm SDS Plus Flachmeißel Meißel Flach Breitmeißel Meißel,3DB20x400p,WERHE,0.95,rule
WERHE Profi dłuto płaskie płaskie 20 x 400 mm SDS Plus,3DB20x400p,WERHE,0.95,rule
"WERHE dłuto płaskie SDS Plus 20 x 400 mm, stal hartowana, beton, mur",3DB20x400p,WERHE,0.95,rule
WERHE Profi 20 x 600 mm SDS Plus Flachmeißel Meißel Flach Breitmeißel Meißel,3DB20x600p,WERHE,0.50,rule_new
WERHE Profi 20 x 600 mm SDS Plus płaski dłuto cegły dłuto płaskie szerokie dłuto,3DB20x600p,WERHE,0.50,rule_new
WERKON Profi SDS Plus Flachmeißel Breitmeißel 20 x 600 mm Flach Breit Meißel Meissel,3DB20x600p,WERKON,0.50,rule_new
WERHE Profi SDS Max Flachmeißel Breitmeißel 25 x 400 mm Flach Breit Meissel Meißel,3DB25x400m,WERHE,0.50,rule_new
WERHE Profi SDS Max płaskie dłuto szerokie 25 x 400 mm płaskie dłuto szerokie,3DB25x400m,WERHE,0.50,rule_new
WERHE ® Profi SDS Max Meißel Spitz Set 2 Stück 18 25 x 400 mm Extra Lange und Hart Kaltspattspitzspitze Flachdüse für Abbruchhammer,3DB25x400m,WERHE,0.50,rule_new
WERHE ® Profi SDS Max Meißel Spitz Set 2 Stück 18 25 x 400 mm Kaltspattspitzspitze Flachdüse für Abbruchhammer,3DB25x400m,WERHE,0.50,rule_new
WERHE Profi SDS Max Flachmeißel Breitmeißel 25 x 600 mm Flach Breit Meissel,3DB25x600m,WERHE,0.50,rule_new
Dłuto do betonu 20/25x600 SDS Plus,3DB25x600p,,1.00,apilo
WERHE Profi 25 x 600 mm SDS Plus Flachmeißel Meißel Flach Breitmeißel Meißel,3DB25x600p,WERHE,0.95,rule
"WERHE dłuto płaskie SDS Plus 25 x 600 mm, dłuto szerokie do obróbki metalu",3DB25x600p,WERHE,0.95,rule
WERHE ® Profi HEX28 dłuto szpiczaste 28 x 400 mm gniazdo sześciokątne 28 mm do młota wyburzeniowego dłuto szpiczaste Dłuto,3DB28x400h28,WERHE,0.50,rule_new
WERHE Dłuto SDS Plus 30 x 150 mm – Dłuto płaskie do kucia betonu i usuwania płytek – Solidne akcesorium do młotów udarowo-obrotowych i młotów wyburzeniowych,3DB30x150p,WERHE,0.50,rule_new
WERHE® Dłuto SDS Plus 30 x 150 mm - Dłuto płaskie do kucia betonu - Dłuto do usuwania płytek - Akcesoria do młotowiertarek i młotów wyburzeniowych,3DB30x150p,WERHE,0.50,rule_new
WERHE Dłuto SDS Plus 30 x 250 mm – Dłuto płaskie do kucia betonu i usuwania płytek – Solidne akcesorium do młotów udarowo-obrotowych i młotów wyburzeniowych,3DB30x250p,WERHE,0.50,rule_new
WERHE® Dłuto SDS Plus 30 x 250 mm - Dłuto płaskie do kucia betonu - Dłuto do usuwania płytek - Akcesoria do młotowiertarek i młotów wyburzeniowych,3DB30x250p,WERHE,0.50,rule_new
"WERHE dłuto łopatkowe HEX28, 35x400 mm, uchwyt sześciokątny 28 mm",3DB35x400h28,WERHE,0.50,rule_new
WERHE ® Professional HEX28 dłuto płaskie 35 x 400 mm uchwyt sześciokątny 28 mm do młota wyburzeniowego dłuto płaskie płaskie,3DB35x400h28,WERHE,0.50,rule_new
Dłuto do betonu 35x410 Hex30,3DB35x410h30,,1.00,apilo
WERHE Profi SDS HEX Flachmeißel 35 x 410 mm Sechskant-Aufnahme 30 mm für Abbruchhammer Flach Breit Meißel Meissel,3DB35x410h30,WERHE,0.50,rule_new
WERHE profesjonalne sześciokątne dłuto sześciokątne 35 x 410 mm gniazdo sześciokątne 30 mm do szerokości młota rozbiórkowego,3DB35x410h30,WERHE,0.80,review
"Zestaw 35,50 x 410 Hex 30",3DB35x410h30,,1.00,apilo
Dłuto do betonu 40 x 150mm SDS Plus Czerwone,3DB40x150pP,,1.00,apilo
WERHE® Dłuto SDS Plus 40 x 150 - Dłuto płaskie do kucia betonu - Dłuto do usuwania płytek - Akcesoria do młotowiertarek i młotów wyburzeniowych,3DB40x150pP,WERHE,0.95,rule
Dłuto do betonu 40x250 SDS PLUS,3DB40x250p,,1.00,apilo
WERHE Dłuta SDS Plus 40 x 250 mm – Dłuto płaskie do kucia betonu i usuwania płytek – Solidne akcesorium do młotów udarowo-obrotowych i młotów wyburzeniowych,3DB40x250p,WERHE,0.50,rule_new
WERHE profesjonalne SDS Plus płaskie dłuto płaskie 40 x 250 mm szerokości dłuto płaskie,3DB40x250p,WERHE,0.50,rule_new
WERHE® Dłuto SDS Plus 40 x 250 mm - Dłuto płaskie do kucia betonu - Dłuto do usuwania płytek - Akcesoria do młotowiertarek i młotów wyburzeniowych,3DB40x250p,WERHE,0.50,rule_new
Dłuto do Betonu 40x250 SDS PLUS Czerwone,3DB40x250pP,,1.00,apilo
"WERHE dłuto SDS Hex, szpic dłuto płaskie, 410 mm, do młota wyburzeniowego",3DB410h30,WERHE,0.50,rule_new
WERHE dłuta SDS Plus 50 x 150 mm – Dłuto płaskie do kucia betonu i usuwania płytek – Solidne akcesorium do młotów udarowo-obrotowych i młotów wyburzeniowych,3DB50x150p,WERHE,0.50,rule_new
WERHE® Dłuto SDS Plus 50 x 150 mm - Dłuto płaskie do kucia betonu - Dłuto do usuwania płytek - Akcesoria do młotowiertarek i młotów wyburzeniowych,3DB50x150p,WERHE,0.50,rule_new
Dłuto do betonu 50 x 250 SDS PLUS,3DB50x250p,,1.00,apilo
WERHE Dłuta SDS Plus 50 x 250 mm – Dłuto płaskie do kucia betonu i usuwania płytek – Solidne akcesorium do młotów udarowo-obrotowych i młotów wyburzeniowych,3DB50x250p,WERHE,0.95,rule
WERHE Profi SDS Plus dłuto płaskie 50 x 250 mm dłuto płaskie,3DB50x250p,WERHE,0.95,rule
"WERHE dłuto szerokie SDS Plus 50x250 mm, dłuto płaskie ze stali hartowanej",3DB50x250p,WERHE,0.95,rule
WERHE® Dłuto SDS Plus 50 x 250 mm - Dłuto płaskie do kucia betonu - Dłuto do usuwania płytek - Akcesoria do młotowiertarek i młotów wyburzeniowych,3DB50x250p,WERHE,0.95,rule
Dłuto do betonu 50x400mm HEX28,3DB50x400h28,,1.00,apilo
"WERHE dłuto łopatkowe HEX28, 50x400 mm, do młota wyburzeniowego",3DB50x400h28,WERHE,0.95,rule
WERHE ® Dłuto łopatkowe Professional HEX28 50 x 400 mm Uchwyt sześciokątny 28 mm do młota wyburzeniowego Dłuto płaskie płaskie,3DB50x400h28,WERHE,0.95,rule
Dłuto do betonu 50x400 Sds max,3DB50x400m,,1.00,apilo
WERHE Profi SDS Max Flachmeißel Breitmeißel 50 x 400 mm Flach Breit Meissel Meißel,3DB50x400m,WERHE,0.95,rule
WERHE ® Profi SDS Max Meißel Spitz Set 2 Stück 18 50 x 400 mm Extra Lange und Hart Kaltspattspitzspitze Flachdüse für Abbruchhammer,3DB50x400m,WERHE,0.95,rule
WERHE ® Profi SDS Max Meißel Spitz Set 3 Stück 18 25 50 x 400 mm Extra Lange und Hart Kaltspattspitzspitze Flachdüse für Abbruchhammer,3DB50x400m,WERHE,0.95,rule
WERHE ® Profi SDS Max Meißel Spitz Set 3 Stück 18 25 50 x 400 mm Kaltspattspitzspitze Flachdüse für Abbruchhammer,3DB50x400m,WERHE,0.95,rule
WERKON SDS Max dłuto płaskie 50 x 400 mm dłuto szerokie płaskie szerokie dłuto,3DB50x400m,WERKON,0.95,rule
WERHE Dłuta płaskie SDS Plus 50 x 400 mm,3DB50x400p,WERHE,0.80,review
"WERHE dłuto łopatkowe SDS Plus 50x400 mm, dłuto płaskie ze stali hartowanej",3DB50x400p,WERHE,0.50,rule_new
WERHE profesjonalne dłuto łopatkowe SDS 50 x 410 mm sześciokątne gniazdo sześciokątne 30 mm płaskie do młota rozbiórkowego,3DB50x410h30,WERHE,0.80,review
Dłuto do betonu 50x600 Sds max,3DB50x600m,,1.00,apilo
"WERHE Profesjonalne dłuto łopatkowe SDS Max, płaskie, 50 x 600 mm szerokości",3DB50x600m,WERHE,0.95,rule
"WERHE dłuto płaskie SDS Max 50 x 600 mm, twarda stal do betonu i muru",3DB50x600m,WERHE,0.95,rule
WERHE ® Profi SDS Max Meißel Spitz Set 3 Stück 18 20 50 x 600 mm Extra Lang und Hart Kaltspattspitzspitze Flachdüse für Abbruchhammer,3DB50x600m,WERHE,0.95,rule
Dłuto do betonu 50x600 SDS Plus,3DB50x600p,,1.00,apilo
"Profesjonalne dłuto szpadowe SDS Plus dłuto płaskie 50 x 600 mm dłuto szerokie, płaskie, szerokie dłuto",3DB50x600p,,0.95,rule
"WERHE dłuto łopatkowe SDS Plus 50x600 mm, dłuto płaskie ze stali hartowanej",3DB50x600p,WERHE,0.95,rule
WERHE profesjonalne dłuto łopatkowe SDS Plus 50 x 600 mm szerokości dłuto płaskie szerokie,3DB50x600p,WERHE,0.95,rule
Dłuto do betonu 60 x 250 SDS PLUS,3DB60x250p,,1.00,apilo
"WERHE dłuto szerokie SDS Plus 60 x 250 mm, stal hartowana, płytki i tynk",3DB60x250p,WERHE,0.95,rule
WERHE profesjonalne SDS Plus płaskie dłuto płaskie 60 x 250 mm szerokości dłuto płaskie,3DB60x250p,WERHE,0.95,rule
"WERHE SDS Plus zakrzywione dłuto łopatkowe 75 x 165 mm – do płytek, tynku, kleju i prac podłogowych – ergonomiczne wygięcie do płaskiej pracy – stal hartowana",3DB75x165p,WERHE,0.50,rule_new
"WERHE dłuto łopatkowe SDS Plus 75x250 mm, dłuto płaskie, stal hartowana",3DB75x250p,WERHE,0.50,rule_new
Dłuto do betonu 75x400mm HEX28,3DB75x400h28,,1.00,apilo
WERHE dłuto łopatkowe HEX28 75x400 mm,3DB75x400h28,WERHE,0.95,rule
WERHE ® Professional HEX28 Dłuto płaskie 75 x 400 mm Uchwyt sześciokątny 28 mm do młota wyburzeniowego Dłuto płaskie płaskie,3DB75x400h28,WERHE,0.95,rule
Dłuto do betonu 75x400 sds max,3DB75x400m,,1.00,apilo
WERHE Profi SDS Max Flachmeißel Breitmeißel 75 x 400 mm Flach Breit Meissel Meißel,3DB75x400m,WERHE,0.95,rule
WERHE Profi SDS Max płaskie dłuto szerokie 75 x 400 mm płaskie dłuto szerokie,3DB75x400m,WERHE,0.95,rule
WERKON Profi SDS Max dłuto płaskie 75 x 400 mm szerokie dłuto płaskie szerokie dłuto,3DB75x400m,WERKON,0.95,rule
Dłuto do betonu 75x410 Hex 30mm,3DB75x410h30,,1.00,apilo
"WERHE dłuto łopatkowe SDS Hex 75x410 mm, do betonu, mur, młot wyburzeniowy",3DB75x410h30,WERHE,0.95,rule
WERHE ® Profi SDS HEX Spatmeißel 75 x 410 mm Sechskant-Aufnahme 30 mm für Abbruchhammer Flach Spat Meißel Meissel,3DB75x410h30,WERHE,0.80,review
WERHE® Professional SDS HEX Spade Sisel 75 x 410 mm – Dłuto płaskie do młotów wyburzeniowych – Wytrzymała stal narzędziowa,3DB75x410h30,WERHE,0.95,rule
Dłuto do betonu 75x600 Sds max,3DB75x600m,,1.00,apilo
"WERHE Dłuto płaskie SDS Max 75 x 600 mm – szerokie dłuto wykonane z hartowanej stali do betonu i muru, kompatybilne z młotami udarowo-obrotowymi",3DB75x600m,WERHE,0.95,rule
WERHE Profi SDS Max Dłuto płaskie Dłuto szerokie Dłuto płaskie szerokie 75 x 600 mm,3DB75x600m,WERHE,0.95,rule
WERHE Profi SDS Max Dłuto płaskie Dłuto szerokie Dłuto płaskie szerokie 75 x 600 mm Dłuto płaskie szerokie,3DB75x600m,WERHE,0.95,rule
WERHE Profi SDS Max Flachmeißel Breitmeißel 75 x 600 mm Flach Breit Meissel Meißel,3DB75x600m,WERHE,0.95,rule
"WERHE dłuto płaskie SDS Max 75 x 600 mm, dłuto szerokie do betonu i muru",3DB75x600m,WERHE,0.95,rule
Meissel Kunststoffkoffer,3DB?,,0.20,rule_new
WERHE® Bruzdownik Skrzydełkowy SDS PLUS 60 x 250 mm - Dłuto kanałowe do młotowiertarki - Dłuto do kucia w cegle i betonie,3DBR60x250p,WERHE,0.50,rule_new
WERHE® Bruzdownik Skrzydełkowy SDS MAX 60 x 300 mm - Dłuto kanałowe do młotowiertarki - Dłuto do kucia w cegle i betonie,3DBR60x300m,WERHE,0.50,rule_new
WERHE® Bruzdownik Skrzydełkowy SDS MAX 60 x 400 mm - Dłuto kanałowe do młotowiertarki - Dłuto do kucia w cegle i betonie,3DBR60x400m,WERHE,0.50,rule_new
WERHE® Bruzdownik Skrzydełkowy SDS PLUS 60 x 400 mm - Dłuto kanałowe do młotowiertarki - Dłuto do kucia w cegle i betonie,3DBR60x400p,WERHE,0.50,rule_new
WERHE® Bruzdownik Skrzydełkowy SDS MAX 60 x 600 mm - Dłuto kanałowe do młotowiertarki - Dłuto do kucia w cegle i betonie,3DBR60x600m,WERHE,0.50,rule_new
WERHE ® Profi SDS Max Spitz Schaufelmeißel 105 x 440 mm SDS Max Aufnahme 18 mm für Bohrmaschine Bohrhammer Meissel Kunststoffkoffer,3DBS105x440m,WERHE,0.50,rule_new
WERHE® Szpic SDS Plus 14 x 150 mm – Szpicak do kucia betonu - Dłuto do usuwania płytek - Akcesoria do młotowiertarek i młotów wyburzeniowych,3DBS14x150p,WERHE,0.50,rule_new
WERHE® Szpic SDS Plus 14 x 250 mm – Szpicak do kucia betonu - Dłuto do usuwania płytek - Akcesoria do młotowiertarek i młotów wyburzeniowych,3DBS14x250p,WERHE,0.50,rule_new
WERHE ® Profi HEX28 Spitzmeißel 28 x 400 mm Sechskant-Aufnahme 28 mm für Abbruchhammer spitz Meißel Meissel,3DBS28x400h28,WERHE,0.50,rule_new
WERHE Profesjonalne dłuto sześciokątne SDS z trzpieniem walcowym do młota rozbiórkowego 30 x 410 mm ze stali nierdzewnej,3DBS30x410h30,WERHE,0.80,review
WERHE Profesjonalne dłuto szpiczaste SDS z chwytem sześciokątnym do młota wyburzeniowego 30 x 410 mm ze stali nierdzewnej,3DBS30x410h30,WERHE,0.80,review
WERHE Profi SDS HEX Spitzmeißel Schaft zeigte Meißel für Abbruchhammer 30 x 410 mm Stahl,3DBS30x410h30,WERHE,0.50,rule_new
"WERHE szpicak SDS Hex do młota wyburzeniowego, Ø 30 mm, długość 410 mm",3DBS30x410h30,WERHE,0.50,rule_new
SDS Plus Bohrer 32mm Ø - Extra Lang 32x600 mm - Ideal zum schnellen Bohren in Beton - Hochwertige Hartmetall Spitze - Kein Einhacken in Armierungseisen 32x600mm,3DBS32x600p,,0.50,rule_new
WERHE ® Profi SDS Hex Spitz Meißel 35 x 410 mm Set 2 Stück Kaltspattspitzspitze Flachdüse für Abbruchhammer,3DBS35x410h30,WERHE,0.50,rule_new
WERHE Profi SDS Max Spitzmeißel 400 mm Spitz Meißel Meissel Abbruchhammer Meißelhammer,3DBS400m,WERHE,0.50,rule_new
WERHE ® Profi SDS Plus Spitzmeißel 400 mm Meissel Abbruchhammer Hammer Beton,3DBS400p,WERHE,0.50,rule_new
WERHE ® Profi SDS Hex Spitz Meißel 50 x 410 mm Set 2 Stück Kaltspattspitzspitze Flachdüse für Abbruchhammer,3DBS50x410h30,WERHE,0.50,rule_new
WERHE Profesjonalne dłuto ze szpicem SDS Max 400 mm szpiczastym dłuto dłuto udarowe młot dłuto,3DBSx400m,WERHE,0.80,review
"WERHE ® Profi SDS Plus dłuto spiczaste, 400 mm młotek udarowy beton",3DBSx400p,WERHE,0.80,review
Szpic do betonu Szpic x 410mm HEX30,3DBx410h30,,1.00,apilo
"WERHE Samoostrzący szpicak 410 mm HEX30 – do młota wyburzeniowego – punktowe kucie beton/kamień/cegła – spiralny kształt wyrzuca pył, mniej zakleszczeń",3DBx410h30,WERHE,0.80,rule
Dłuto Szpic kręcony Hex30 x410mm,3DBx410h30P,,1.00,apilo
Profesjonalny dłuto szpiczaste SDS Max 600 mm dłuto punktowe dłuto młot rozbiórki,3DBx600m,,0.80,review
Profi SDS Max Spitzmeißel 600 mm Spitz Meißel Meissel Abbruchhammer Meißelhammer,3DBx600m,,0.80,rule
Szpic do betonu 600mm SDS MAX,3DBx600m,,1.00,apilo
Profi SDS Plus Spitzmeißel 600 mm Spitz Meißel Meissel Abbruchhammer Meißelhammer,3DBx600p,,0.80,rule
Szpic do betonu 600mm SDS PLUS,3DBx600p,,1.00,apilo
"WERHE szpicak SDS Plus, 600 mm, stal hartowana, do betonu, mur",3DBx600p,WERHE,0.80,rule
WERHE ® Professional SDS Plus Spitz szpiczasty 600 mm młot rozbiórkowy beton,3DBx600p,WERHE,0.80,rule
WERHE ® Profi SDS Plus Spitzmeißel 600 mm Meissel Abbruchhammer Hammer Beton,3DBx600p,WERHE,0.80,rule
Dłuto z zębami 100x275 SDS PLUS,3DZB100x275p,,1.00,apilo
WERHE ® Professional SDS Max Dłuto szpiczaste 105 x 440 mm SDS Max Nagrywanie 18 mm do Wiertarka Młot Młotek Dłuto Plastikowa walizka,3S105x440m,WERHE,0.80,review
Szypa SDS Max 110x460mm,3S110m,,1.00,apilo
"WERHE Dłuto łopatkowe o szerokości 110 mm i długości 450 mm z uchwytem SDS-Max – do spulchniania i kopania w twardych glebach, ziemi, betonie i asfalcie – wykonane ze stali stopowej.",3S110m,WERHE,0.80,review
WERHE ® Profi SDS Max Schaufelmeißel 110 x 410 mm SDS Max Aufnahme 18 mm für Bohrmaschine Bohrhammer Meissel Kunststoffkoffer,3S110x410m,WERHE,0.50,rule_new
WERHE ® Profi HEX28 dłuto łopatkowe 135 x 410 mm gniazdo sześciokątne 28 mm do wyburzeń dłuto młotkowe walizka z tworzywa sztucznego,3S135h28,WERHE,0.80,review
Szypa HEX30 135x410mm,3S135h30,,1.00,apilo
WERHE Profesjonalne dłuto łopatkowe SDS HEX30 135 x 410 mm – Wytrzymałe dłuto do młotów wyburzeniowych – Beton i korzenie,3S135h30,WERHE,0.80,review
WERHE Professional SDS hex 135 x 410 mm łodyga sześciokątna łopata dłutowa do młotka rozbiórkowego 30 mm w plastikowej obudowie,3S135h30,WERHE,0.80,review
"WERHE dłuto łopatowe SDS Hex 30 mm, 135 x 410 mm, do betonu korzenie",3S135h30,WERHE,0.80,review
Szypa HEX30 440mm Szpiczasta,3S135h30s,,1.00,apilo
WERHE ® Professional SDS HEX Szpiczaste dłuto łopatkowe 135 x 440 mm Uchwyt sześciokątny 30 mm do młota wyburzeniowego Dłuto plastikowe etui,3S135h30s,WERHE,0.95,rule
WERHE ® Profi SDS HEX Spitz Schaufelmeißel 135 x 440 mm Sechskant-Aufnahme 30 mm für Abbruchhammer Meissel Kunststoffkoffer,3S135h30s,WERHE,0.95,rule
WERHE ® Profi HEX28 Schaufelmeißel 135 x 410 mm Sechskant-Aufnahme 28 mm für Abbruchhammer Meissel Kunststoffkoffer,3S135x410h28,WERHE,0.50,rule_new
WERHE ® Profi SDS HEX Schaufelmeißel 135 x 410 mm Sechskant-Aufnahme 30 mm für Abbruchhammer,3S135x410h30,WERHE,0.50,rule_new
WERHE ® Profi SDS HEX Schaufelmeißel 135 x 410 mm Sechskant-Aufnahme 30 mm für Abbruchhammer Meissel Kunststoffkoffer,3S135x410h30,WERHE,0.50,rule_new
WERHE Profi SDS Plus Spatmeißel Flachmeißel 20 x 250 mm Breitmeißel Spat Flach Meißel,3S20x250p,WERHE,0.50,rule_new
WERHE ® Profi HEX28 Spatmeißel 35 x 400 mm Sechskant-Aufnahme 28 mm für Abbruchhammer Flach Spat Meißel Meissel,3S35x400h28,WERHE,0.50,rule_new
WERHE Profi SDS Plus Spatmeißel Flachmeißel 40 x 250 mm Breitmeißel Spat Flach Meißel,3S40x250p,WERHE,0.50,rule_new
WERHE Profi SDS Plus Spatmeißel Flachmeißel 50 x 250 mm Breitmeißel Spat Flach Meißel,3S50x250p,WERHE,0.50,rule_new
WERKON Profi SDS Plus Spatmeißel Flachmeißel 50 x 250 mm Breitmeißel Spat Flach Meißel,3S50x250p,WERKON,0.50,rule_new
WERHE ® Profi HEX28 Spatmeißel 50 x 400 mm Sechskant-Aufnahme 28 mm für Abbruchhammer Flach Spat Meißel Meissel,3S50x400h28,WERHE,0.50,rule_new
WERHE SDS Max Fliesenmeißel 50 x 400 mm Breitmeißel Fliesen Flach Breit Meißel,3S50x400m,WERHE,0.50,rule_new
WERHE SDS Max Fliesenmeißel 50 x 400 mm Breitmeißel Fliesen Flach Breit Meißel – 16/22,3S50x400m,WERHE,0.50,rule_new
WERKON SDS Max Spatmeißel Flachmeißel 50 x 400 mm Breitmeißel Flach Breit Meißel,3S50x400m,WERKON,0.50,rule_new
WERHE Profi-Spatmeißel SDS Plus Flachmeißel 50 x 400 mm Flachmeißel,3S50x400p,WERHE,0.50,rule_new
WERHE Profi SDS HEX Spatmeißel 50 x 410 mm Sechskant-Aufnahme 30 mm für Abbruchhammer Flach Spat Meißel Meissel,3S50x410h30,WERHE,0.50,rule_new
WERHE Profi SDS Max Spatmeißel Flachmeißel 50 x 600 mm Breitmeißel Flach Breit Meißel,3S50x600m,WERHE,0.50,rule_new
Profi SDS Plus Spatmeißel Flachmeißel 50 x 600 mm Breitmeißel Flach Breit Meißel,3S50x600p,,0.50,rule_new
WERHE Profi-Spatmeißel SDS Plus Flachmeißel 50 x 600 mm Flachmeißel,3S50x600p,WERHE,0.50,rule_new
WERHE Profi SDS Plus Spatmeißel Flachmeißel 60 x 250 mm Breitmeißel Spat Flach Meißel,3S60x250p,WERHE,0.50,rule_new
WERHE Profi SDS Plus Spatmeißel Flachmeißel 75 x 250 mm Breitmeißel Spat Flach Meißel,3S75x250p,WERHE,0.50,rule_new
"WERKON 438430 Profi SDS Plus Spatmeißel, 75 x 250 mm",3S75x250p,WERKON,0.50,rule_new
WERHE ® Profi HEX28 Spatmeißel 75 x 400 mm Sechskant-Aufnahme 28 mm für Abbruchhammer Flach Spat Meißel Meissel,3S75x400h28,WERHE,0.50,rule_new
WERKON Profi SDS Max Spatmeißel Flachmeißel 75 x 400 mm Breitmeißel Flach Breit Meissel Meißel,3S75x400m,WERKON,0.50,rule_new
"WERHE ® Profi SDS Plus Meißel Spitz Meißelsatz Spitzsatz Satz Set 2 tlg 18, 20 x 250mm",3Zest250pn2,WERHE,0.50,rule_new
"WERHE SDS Plus Meißelsatz 250 mm 3 tlg. 20, 75 mm Meißelspitz",3Zest250pn3,WERHE,0.50,rule_new
"WERHE ® SDS Plus Meißelsatz 250 mm 3-tlg. 20, 40 mm Meißelspitz",3Zest250pn3,WERHE,0.50,rule_new
"WERKON SDS Plus Meißel Set 250 mm 3 tlg 20, 40, 60 mm Spatmeißel Breitmeißel Flachmeißel",3Zest250pn3,WERKON,0.50,rule_new
WERHE ® Professional SDS Max Moil Shank zestaw dłut punktowych 2 sztuki 18 25 x 400 mm płaski czubek z zimną końcówką do młotka rozbiórkowego,3Zest400mn2,WERHE,0.80,review
WERHE ® Professional SDS Max Moil Shank zestaw dłut punktowych 2 sztuki 18 50 x 400 mm płaski czubek szpiczasty na zimno do młotka rozbiórkowego,3Zest400mn2,WERHE,0.80,review
"Zestaw dłut , Szpic , 25 x 400 SDS MAX",3Zest400mn2,,0.80,review
WERHE ® Professional SDS Max Moil Shank Zestaw dłut trzcinowych 3 sztuki 18 25 50 x 400 mm płaski czubek z zimną końcówką do młotka do rozbiórki,3Zest400mn3,WERHE,0.80,review
"WERHE zestaw dłut SDS Plus, 400 mm, 3-częściowy",3Zest400pn3,WERHE,0.50,rule_new
"WERHE ® SDS Plus Meißelsatz 400 mm 3-teilig 20, 50 mm Meißelspitze",3Zest400pn3,WERHE,0.50,rule_new
"WERHE ® SDS Plus Meißelsatz 400 mm Extra Lange und Hart 3-teilig 20, 50 mm Meißelspitze",3Zest400pn3,WERHE,0.50,rule_new
"WERHE ® SDS Plus zestaw dłut 400 mm 3-częściowy 20, 50 mm dłuta",3Zest400pn3,WERHE,0.50,rule_new
"WERHE ® SDS Plus zestaw dłut 400 mm ekstra długi i twardy 3-częściowy 20, 50 mm końcówka dłuta",3Zest400pn3,WERHE,0.50,rule_new
"WERHE ® Zestaw dłut SDS Plus 400 mm 3-częściowy 20, 50 mm",3Zest400pn3,WERHE,0.50,rule_new
"Zestaw Dłut , Szpic , 25, 50 x 400mm SDS PLUS",3Zest400pn3,,0.80,review
"WERHE Profesjonalny zestaw dłut sześciokątnych SDS, 2 sztuki, 35, 50 mm, płaska krawędź ze stali stopowej, nasadka do młota wyburzeniowego",3Zest410h30n2,WERHE,0.80,review
"WERHE Profesjonalny zestaw dłut sześciokątnych SDS, 2 sztuki, 35, 50 x 410 mm, końcówka płaska do młota wyburzeniowego",3Zest410h30n2,WERHE,0.80,review
WERHE Profi SDS Hex Meißel Set 2 Stück 35 50 x 410 mm Kaltspattspitzspitze Flachdüse für Abbruchhammer,3Zest410h30n2,WERHE,0.50,rule_new
"WERHE Zestaw 2 dłut 35/50 x 410 mm, SDS Hex (trzpień sześciokątny) ze stali narzędziowej – Dłuta płaskie do kucia i usuwania materiału z betonu i muru za pomocą młota wyburzeniowego",3Zest410h30n2,WERHE,0.80,review
WERHE profesjonalny zestaw dłut sześciokątnych SDS 30 35 x 410 mm gniazdo z zimną końcówką płaskie szerokie do młota rozbiórkowego,3Zest410h30n2,WERHE,0.80,review
WERHE profesjonalny zestaw dłut sześciokątnych SDS 30 50 x 410 mm gniazdo z zimną końcówką płaskie szerokie do młota rozbiórkowego,3Zest410h30n2,WERHE,0.80,review
"WERHE zestaw dłut płaskich 35/50 x 410 mm, SDS Hex, do betonu i muru",3Zest410h30n2,WERHE,0.80,review
"Zestaw Szpic , 35 x 410 hex30",3Zest410h30n2,,0.80,review
"Profesjonalne dłuto SDS HEX zestaw 3-częściowy 35,50 x 410 mm płaskie dłuto łopatkowe dłuto szpiczaste sześciokątne mocowanie 30 mm płaski spat szpic do młotka łamanego",3Zest410h30n3,,0.80,review
WERHE Profi SDS Hex Meißel Set 3 Stück 30 35 50 x 410 mm Kaltspattspitzspitze Flachdüse für Abbruchhammer,3Zest410h30n3,WERHE,0.80,review
WERHE profesjonalny zestaw dłut sześciokątnych SDS 3 sztuki 30 35 50 x 410 mm płaski czubek z zimną końcówką do młotka do rozbiórki,3Zest410h30n3,WERHE,0.80,review
"WERHE zestaw dłut SDS Hex, płaskie i szpic i dłuto łopatkowe, 410 mm",3Zest410h30n3,WERHE,0.80,review
"WERKON zestaw dłut SDS Hex 3-częściowy, 410 mm",3Zest410h30n3,WERKON,0.80,review
"Zestaw szpic , 35 , 50x410 Hex30",3Zest410h30n3,,0.80,review
WERHE ® Professional SDS Max zestaw szpicaków dłutowych 3 sztuki 18 20 50 x 600 mm szpicak do cięcia na zimno dysza płaska do młota wyburzeniowego,3Zest600mn3,WERHE,0.80,review
"Zestaw dłut szpic, 20, 50 x 600 SDS MAX",3Zest600mn3,,0.80,review
"WERHE ® Profi SDS Plus Meißel Spitz Meißelsatz Spitzsatz Satz Set 2 tlg 18, 25 x 600mm",3Zest600pn2,WERHE,0.50,rule_new
"WERHE ® Profi SDS Plus Meißel Spitz Meißelsatz Spitzsatz Satz Set 2 tlg 18, 50 x 600mm",3Zest600pn2,WERHE,0.50,rule_new
WERHE SDS Plus zestaw dłut 600 mm – bardzo długi 3-częściowy zestaw z dłutami spiczastymi i płaskimi 25/50 mm – wytrzymała stal do betonu i muru,3Zest600pn3,WERHE,0.50,rule_new
"WERHE SDS Plus zestaw dłut 600 mm, 3-częściowy dłuto, 25, 50 mm, ostrze ze stali hartowanej, metalowy uchwyt, narzędzie do rozbiórki",3Zest600pn3,WERHE,0.50,rule_new
"WERHE zestaw dłut SDS Plus, 600 mm, 3-częściowy",3Zest600pn3,WERHE,0.50,rule_new
"WERHE® SDS Plus Meißelsatz 600 mm Extra Lang und Hart 3-teilig SpitzMeißel, 25, 50 mm,Meißelspitze",3Zest600pn3,WERHE,0.50,rule_new
"WERHE® SDS Plus dłuto zestaw 600 mm, 3-częściowy dłuto spiczaste, 25, 50 mm, końcówka dłuto",3Zest600pn3,WERHE,0.50,rule_new
"Zestaw Dłut , Szpic , 25 , 50 x 600mm SDS PLUS",3Zest600pn3,,0.80,review
WERHE zestaw dłut SDS Max 3-częściowy,3Zestmn3,WERHE,0.50,rule_new
Adapter MUFA 1.1/4 do 1/2,4A1.1/4-1/2,,1.00,apilo
"Adapter WERHE® 1 1/4"" UNC na gniazdo R 1/2"". Wiertło koronowe do otwornicy do betonu, wiertło koronowe do wiertarki puszkowej.",4A1.1/4-1/2,WERHE,0.90,agent
"Adapter WERHE® 1 1/4"" UNC na gniazdo R 1/2""BSPP. Wiertło koronowe do otwornicy do betonu, wiertło koronowe do wiertarki puszkowej.",4A1.1/4-1/2,WERHE,0.90,agent
"WERHE adapter gwintowany 1 1/4 UNC na R 1/2 GSPP mufa, do wiertnicy",4A1.1/4-1/2,WERHE,0.90,agent
"WERHE® Adapter 1 1/4"" UNC auf R 1/2"" Muffe. Für Kernbohrgerät zu betonlochsägen, Kernbohrmaschine zu Dosenbohrer.",4A1.1/4-1/2,WERHE,0.90,agent
"WERHE® Adapter 1 1/4"" UNC to R 1/2"" Sleeve. for core Drill for Concrete Hole saws, core Drill for can Drill.",4A1.1/4-1/2,WERHE,0.90,agent
"WERHE® Adapter redukcyjny 1/2"" BSPP do 1/2"" BSPP do wiertła rdzeniowego do otwornic do betonu. - Z otworem na płyn do wiercenia na mokro.",4A1.1/4-1/2,WERHE,0.50,agent
"WERHE® Adapter redukcyjny 1/2"" UNC do 1/2"" UNC do wiertła rdzeniowego do otwornic do betonu. - Z otworem na płyn do wiercenia na mokro.",4A1.1/4-1/2,WERHE,0.50,agent
WERHE® Adapter reduktion 1/2” UNC auf 1/2” UNC für Kernbohrgerät zu betonlochsägen. – mit Flüssigkeitsloch zum Nassbohren.,4A1.1/4-1/2,WERHE,0.50,agent
Adapter Mufa 1.1/4 do M18,4A1.1/4-M18,,1.00,apilo
"Adapter WERHE® 1 1/4” UNC do gniazda M18. Do połączenia wiertła koronowego z otwornicą do betonu, wiertła koronowego z wiertłem puszkowym.",4A1.1/4-M18,WERHE,0.55,agent
"Adapter Mufa 1.1/4"" do 20mm",4A1.1/4-WG,,1.00,apilo
WERHE adapter stalowy 1 1/4 UNC na 20 mm chwyt do wiertła koronowego,4A1.1/4-WG,WERHE,0.85,agent
"WERHE® Adapter 1 1/4” UNC do wiertła ziemnego do wiertarki. Do połączenia wiertła rdzeniowego z wiertłem do studni, wiertła rdzeniowego z wiertłem do pali.",4A1.1/4-WG,WERHE,0.85,agent
"WERHE® Adapter 1 1/4” UNC ziemnego do wiertarki. Do połączenia wiertła rdzeniowego, wiertła rdzeniowego z wiertłem do pali.",4A1.1/4-WG,WERHE,0.85,agent
"WERHE® adapter 1 1/4” UNC na trzpień 20 mm – Solidny adapter przejściowy wykonany z wysokiej jakości stali do wierteł rdzeniowych i wierteł ziemnych, kompatybilny z wiertłami diamentowymi.",4A1.1/4-WG,WERHE,0.90,agent
Adapter gwint 1/2-20unf zewnętrzny na m14 zewnętrzny (7),4A1/2-20UNF-M14,,1.00,apilo
Adapter gwintowy WERHE® 1/2-20UNF i gwint zewnętrzny M14 - do mieszadeł i uchwytów wiertarskich,4A1/2-20UNF-M14,WERHE,0.80,agent
"UNF WERHE adapter M14 na 1/2 20, stal, do uchwytu wiertarskiego i mieszadeł",4A1/2-20UNF-M14,WERHE,0.55,agent
WERHE® Gewinde Adapter 1/2-20UNF und M14 Außgewinde - Für Rührgeräte und Bohrfutter,4A1/2-20UNF-M14,WERHE,0.80,agent
"WERHE® M14 na 1/2""-20 UNF – Wysokiej jakości stalowy adapter do uchwytów wiertarskich i mieszadeł, wytrzymały i wszechstronnych",4A1/2-20UNF-M14,WERHE,0.55,agent
Adapter z 5/8 do m14,4A5/8-M14,,1.00,apilo
"Gwint adaptera WERHE® 5/8 na M14 - do mieszarek i betoniarek - pasuje do głowicy mieszającej M14 i mieszadeł 5/8""",4A5/8-M14,WERHE,0.90,agent
"WERHE® Adapter Gewinde 5/8 auf M14 - Für Rührgeräte und Beton Rührer - Passt zu Rührkorb m14 und Rührgeräte 5/8""",4A5/8-M14,WERHE,0.90,agent
Werhe® 10 tlg. SchnellwechselBolzen für Erdbohrer. Bohrerverschluss Sicherungsbolzen mit Splint. Hergestellt aus hochwertigem Federstahl Bolzen Passend für alle universell Erdbohrer,4ABolec10,WERHE,0.70,agent
Werhe® 5 tlg. SchnellwechselBolzen für Erdbohrer. Bohrerverschluss Sicherungsbolzen mit Splint. Hergestellt aus hochwertigem Federstahl Bolzen Passend für alle universell Erdbohrer,4ABolec5,WERHE,0.70,agent
Werhe® 5 tlg. Schnell FlügelBolzen für Erdbohrer. Bohrerverschluss Sicherungsbolzen mit Splint. Hergestellt aus hochwertigem Federstahl Bolzen Passend für alle universell Erdbohrer,4ABolecM5,WERHE,0.70,agent
Adapter Hex,4AHex,,1.00,apilo
HEX WERHE adapter do wiertnic ziemnych – sześciokątny adapter do wiertarek akumulatorowych – kompatybilny z wiertnicą ziemną 40–200 mm,4AHex,WERHE,0.90,agent
WERHE Adapter sześciokątny do wiertarek ziemnych – stalowy adapter sześciokątny do wiertarek akumulatorowych – kompatybilny z wiertarkami do otworów w ziemi 40-200 mm,4AHex,WERHE,0.90,agent
WERHE Profesjonalny otwór odpowiedni do wiertarki sześciokątnej akumulatorowa wkrętarka combi adapter biegunowy do wiertarki,4AHex,WERHE,0.85,agent
WERHE Professional Bore Suitable for Hex Drill Cordless Combi Drill Screwdriver Pole Adaptor for Drill,4AHex,WERHE,0.85,agent
WERHE Profi Adapter Shaft für Erdbohrer passend für Hex Bohrmaschine Akkubohrmaschine Akkuschrauber Pfahlbohrer,4AHex,WERHE,0.90,agent
"WERHE adapter do świdra ziemnego Hex, stal hartowana",4AHex,WERHE,0.90,agent
"WERKON adapter do świdra ziemnego, srebrny do wiertarki i świdra do słupków",4AHex,WERKON,0.45,agent
Adapter z HEX do 1.1/4,4AHex-1.1/4,,1.00,apilo
"WERHE® Adapter do diamentowych wierteł rdzeniowych - 1 1/4"" cala UNC na HEX - do wkrętarek akumulatorowych - dodatkowo z gwintem wewnętrznym 1/2˝ BSPP",4AHex-1.1/4,WERHE,0.90,agent
"WERHE® Adapter do diamentowych wierteł rdzeniowych - 1 1/4"" cala UNC na HEX - do wkrętarek akumulatorowych - dodatkowo z gwintem wewnętrznym 1/2˝ cala",4AHex-1.1/4,WERHE,0.90,agent
"WERHE® Adapter für Diamantbohrkrone Kernbohrkrone Kernbohrer - 1 1/4"" zoll UNC auf HEX - für akkuschrauber, bohrmashine mit einem Universal bohrfutter - Zusätzlich mit 1/2˝ zoll-Innengewinde",4AHex-1.1/4,WERHE,0.90,agent
"WERHE® adapter do wierteł diamentowych – 1 1/4"" UNC na HEX – do wkrętarek akumulatorowych i wiertarek z uchwytami uniwersalnymi – z gwintem wewnętrznym 1/2""",4AHex-1.1/4,WERHE,0.90,agent
"Adapter WERHE® HEX do gwintu wewnętrznego m14 - wytrzymały i stabilny, wykonany ze stali - pasuje do wszystkich wiertarek i wkrętarek akumulatorowych z uniwersalnym uchwytem wiertarskim",4AHex-M14wew,WERHE,0.55,agent
"WERHE® Adapter HEX auf m14 Innengewinde - robust und stabil, hergestellt aus Stahl - Passt auf alle Bohrmaschinen und Akkuschrauber mit einem Universal bohrfutter",4AHex-M14wew,WERHE,0.55,agent
Adapter HEX 8 mm na M14 Zewnętrzny,4AHex-M14zew,,1.00,apilo
"WERHE adapter M14 na chwycie sześciokątnym 8 mm, do wkrętarki, wiertarka",4AHex-M14zew,WERHE,0.55,agent
WERHE adapter M14 na chwycie sześciokątnym do wkrętarki i wiertarki,4AHex-M14zew,WERHE,0.50,agent
WERHE ® Profi Adapter 8 mm Schaft auf mit Aussen-Gewinde passend für Bohrmaschine Akkubohrmaschine,4AHex-M14zew,WERHE,0.65,agent
WERHE® Adapter M14 auf Sechskantschaft – Passend zum Akkuschrauber oder Bohrmaschine – für Diamant Lochsäge.,4AHex-M14zew,WERHE,0.70,agent
WERHE® Adapter M14 do trzpienia sześciokątnego - Odpowiedni do wkrętarki akumulatorowej lub wiertarki - do otwornicy diamentowej.,4AHex-M14zew,WERHE,0.70,agent
"Adapter WERHE® do obrotowych kluczy udarowych 1/2"" na 1/2-20UNF cala - Stosować we wszystkich uchwytach wiertarskich z gwintem wewnętrznym 1/2-20UNF.",4AK1/2-1/2-20UNF,WERHE,0.90,agent
"Adapter udar 1/2"" wewnętrzny do 1/2-20-UNF",4AK1/2-1/2-20UNF,,1.00,apilo
"WERHE® Adapter an Drehschlagschrauber 1/2"" auf 1/2-20UNF zoll - Verwendung in allen bohrfutter mit 1/2-20UNF Innengewinde",4AK1/2-1/2-20UNF,WERHE,0.90,agent
Adapter M14 + Zawleczka prosta,4AM14,unknown,0.70,agent
Adapter do Świdra M14 gwint męski,4AM14,,1.00,apilo
WERHE M14 adapter do świdra ziemnego,4AM14,WERHE,0.60,agent
"WERHE M14 adapter do świdra ziemnego, stal hartowana",4AM14,WERHE,0.60,agent
"WERHE adapter M14 do świdra ziemnego, stal hartowana",4AM14,WERHE,0.60,agent
"WERHE adapter M14 do świdra ziemnego, twarda stal, do mieszadeł i wiertarek",4AM14,WERHE,0.70,agent
"WERHE adapter M14 do świdrów ziemnych – Wytrzymały adapter do mieszadła ze stali hartowanej do wiertnic glebowych – Wszechstronne zastosowanie do ogrodzeń, słupków i drzew",4AM14,WERHE,0.75,agent
"WERHE® Adapter M14 do wiertarki ziemnej ze bolcem szybkomocującym, ADAPTER MIESZANIA M14 WIERTARKA DO GRUNTÓW, ŚRUBA, mieszadło do betonu",4AM14,WERHE,0.60,agent
"WERHE® Adapter M14 do wiertarki ziemnej, M14 ADAPTER, wiertarka ziemna, ślimak, mieszadło do betonu",4AM14,WERHE,0.80,agent
"WERHE® Adapter M14 do wiertła do gleby ze śrubą motylkową, ADAPTER do9 MIESZadła M14 WIERTARKA DO GRUNTÓW, ŚLIMAK, mieszadło do betonu",4AM14,WERHE,0.60,agent
"WERHE® Adapter M14 für Erdbohrer mit Schnell FlügelBolzen, M14 RÜHRWERKSADAPTER BODENBOHRMASCHINE, SCHNECKE, Betonrührer",4AM14,WERHE,0.60,agent
"WERHE® Adapter M14 für Erdbohrer mit SchnellwechselBolzen, M14 RÜHRWERKSADAPTER BODENBOHRMASCHINE, SCHNECKE, Betonrührer",4AM14,WERHE,0.60,agent
"WERHE® Adapter M14 für Erdbohrer, M14 RÜHRWERKSADAPTER BODENBOHRMASCHINE, SCHNECKE, Betonrührer",4AM14,WERHE,0.80,agent
WERHE®adapter M14 do świdrów ziemnych – adapter mieszający ze stali hartowanej,4AM14,WERHE,0.75,agent
"WERKON Adapter M14 für Erdbohrer, M14 RÜHRWERKSADAPTER, Rührgeräte, SCHNECKE",4AM14,WERKON,0.80,agent
"WERKON M14 adapter do ślimaków, M14 ADAPTER DO MIESZALNIKA, mieszadła, ŚLIMAK",4AM14,WERKON,0.80,agent
Adapter WERHE m14 do m22 - Do mieszadeł do zaprawy do wiercenia otworów piłą do betonu - ADAPTER SKOKOWY do wiertarek rdzeniowych z prętami łączącymi do murów z bloczków cementowych.,4AM14-M22,WERHE,0.60,agent
WERHE Adapter m14 auf m22 - Für Mörtelrührer zum Bohren mit der BetonLochsäge - RÜHRWERKSADAPTER für Kernbohrer mit Pleuelbohrern für Zementsteinmauer,4AM14-M22,WERHE,0.60,agent
WERHE adapter do mieszadła M14 na M22,4AM14-M22,WERHE,0.60,agent
WERHE® Adapter M14 auf 1/2-20UNF zoll - Verwendung in allen bohrfutter mit 1/2-20UNF Außengewinde,4AM14wew-1/2-20UNF,WERHE,0.50,agent
WERHE® Adapter M14 auf 1/2-20UNF zoll - für Winkelschleifer - Verwendung in allen bohrfutter mit 1/2-20UNF Außengewinde,4AM14wew-1/2-20UNF,WERHE,0.50,agent
WERHE® Adapter M14 na 1/2-20UNF cala - zastosowanie we wszystkich uchwytach wiertarskich z gwintem zewnętrznym 1/2-20UNF,4AM14wew-1/2-20UNF,WERHE,0.50,agent
Adapter do świdrów (20mm) - M14 Gwint Wewnętrzny,4AM14wew-WG,,1.00,apilo
"WERHE® Adapter M14 do świdra glebowego, gwint wewnętrzny M14, Wiertnica DO GLEBY, CIĘCIE, do maszyny polerującej",4AM14wew-WG,WERHE,0.80,agent
"WERHE® Adapter M14 für Erdbohrer, M14 Innengewinde, BODENBOHRMASCHINE, SCHNECKE, für Poliermaschine",4AM14wew-WG,WERHE,0.80,agent
"Adapter WERHE® 1 1/4"" UNC do tulei M16. Do wierteł rdzeniowych do otwornic do betonu, wiertła rdzeniowe do wierceń.",4AM16-1.1/4,WERHE,0.80,agent
Adapter z M16 do 1.1/4,4AM16-1.1/4,,1.00,apilo
"WERHE adapter M16 na 1 1/4 UNC z gwintem wewnętrznym 1/2"" – stal hartowana do wierteł diamentowych, wierteł i wiercenia na mokro w betonie i kamieniu",4AM16-1.1/4,WERHE,0.70,agent
"WERHE® Adapter 1 1/4"" UNC auf M16 Muffe. Für Kernbohrgerät zu betonlochsägen, Kernbohrmaschine zu Dosenbohrer.",4AM16-1.1/4,WERHE,0.80,agent
WERHE® Adapter do wiertła diamentowego wiertła rdzeniowego - 1 1/4 cala UNC na M16 - dodatkowo z gwintem wewnętrznym 1/2 BSPP,4AM16-1.1/4,WERHE,0.70,agent
WERHE® Adapter do wiertła diamentowego wiertła rdzeniowego - 1 1/4 cala UNC na M16 - dodatkowo z gwintem wewnętrznym 1/2 cala,4AM16-1.1/4,WERHE,0.70,agent
"WERHE® Adapter für Diamantbohrkrone Kernbohrkrone Kernbohrer - 1 1/4"" zoll UNC auf M16 - Zusätzlich mit 1/2˝ zoll-Innengewinde",4AM16-1.1/4,WERHE,0.70,agent
Adapter z M18 do 1.1/4,4AM18-1.1/4,,1.00,apilo
"WERHE adapter M18 na 1 1/4 cala UNC do koronek diamentowych, stal, 115 mm",4AM18-1.1/4,WERHE,0.65,agent
"WERHE® Adapter do wiertła diamentowego wiertła koronowego - 1 1/4"" cala UNC na M18 - dodatkowo z gwintem wewnętrznym 1/2"" cala",4AM18-1.1/4,WERHE,0.70,agent
"WERHE® Adapter do wiertła diamentowego wiertła koronowego - 1 1/4"" cala UNC na M18 - dodatkowo z gwintem wewnętrznym 1/2""BSPP cala",4AM18-1.1/4,WERHE,0.70,agent
"WERHE® Adapter für Diamantbohrkrone Kernbohrkrone Kernbohrer - 1 1/4"" zoll UNC auf M18 - Zusätzlich mit 1/2˝ zoll-Innengewinde",4AM18-1.1/4,WERHE,0.70,agent
"WERHE®adapter do wierteł diamentowych – gwint M18 na 1 1/4"" UNC i gwint wewnętrzny 1/2"" – solidne stalowe złącze do precyzyjnego wiercenia na mokro w betonie i kamieniu",4AM18-1.1/4,WERHE,0.70,agent
Adapter do świdra z 25mm do 20mm (makita),4AMakita,,1.00,apilo
"Adapter für den Übergang, geeignet für Ø25mm Makita/Hitachi-Bohrer mit Ø20mm Bohrerausgang",4AMakita,unknown,0.90,agent
Adapter Sds Max + zawleczka,4AMax,unknown,0.70,agent
Adapter do świdra SDS MAX,4AMax,,1.00,apilo
Profesjonalny adapter do wiertarki ziemnej pasujący do wiertarki SDS MAX wiertarki akumulatorowej młot udarowo-obrotowy wiertło do palu,4AMax,unknown,0.90,agent
Professional Adapter for Earth Drill Suitable for SDS MAX Drill Drills Drills Hammer Drill Pile Drills,4AMax,unknown,0.90,agent
Professional adapter for earth drill suitable for SDS MAX drill drills drills hammer drill pile drills,4AMax,unknown,0.90,agent
"WERHE Profesjonalny adapter do wiertnic ziemnych pasujący do wiertarki SDS MAX, wiertarki akumulatorowej, wiertarki udarowej, wiertarki palowej",4AMax,WERHE,0.90,agent
WERHE Profesjonalny adapter do świdrów pasujący do młotowiertarki SDS Max do wiercenia pali wiertarka akumulatorowa z Bolcem wykonany z wysokiej jakości stali sprężynowej,4AMax,WERHE,0.85,agent
WERHE Profesjonalny otwór odpowiedni do wiertarki udarowej SDS Max adapter do wiertarki udarowej do wiertarki biegunowej,4AMax,WERHE,0.70,agent
WERHE Professional Bore Suitable for SDS Max Hammer Drill Hammer Drill Adapter for Pole Drill,4AMax,WERHE,0.70,agent
WERHE Profi Adapter für Erdbohrer passend für SDS MAX Bohrmaschine Akkubohrmaschine Bohrhammer Pfahlbohrer,4AMax,WERHE,0.95,agent
WERHE Profi Adapter für Erdbohrer passend für SDS MAX Bohrmaschine Akkubohrmaschine Bohrhammer Pfahlbohrer – 69/65,4AMax,WERHE,0.90,agent
WERHE Profi Erdbohrer Adapter passend für SDS Max Bohrhammer Pfahlbohrer Akkubohrmaschine Mit Bolzen aus hochwertigem Federstahl,4AMax,WERHE,0.85,agent
WERHE Profi Erdbohrer Adapter passend für SDS Max Bohrhammer Pfahlbohrer Akkubohrmaschine Mit Schnell FlügelBolzen aus hochwertigem Federstahl,4AMax,WERHE,0.75,agent
"WERHE adapter SDS Max do wierteł ziemnych – łączy wiertarki z uchwytami SDS Max i wiertła ziemne WERHE (40-200 mm) – solidna konstrukcja stalowa, długość 140 mm",4AMax,WERHE,0.90,agent
"WERHE adapter do świdra ziemnego SDS Max, uchwyt 20 mm, stal",4AMax,WERHE,0.90,agent
WERHE profesjonalny adapter do świdrów odpowiedni do młotowiertarki SDS Max wiertarka do pali wiertarka akumulatorowa z szybką śrubą motylkową wykonany z wysokiej jakości stali sprężynowej,4AMax,WERHE,0.75,agent
Werkon Profi Adapter für Erdbohrer passend für SDS MAX Bohrmaschine Akkubohrmaschine Bohrhammer Pfahlbohrer,4AMax,WERKON,0.95,agent
Werkon Profi Adapter für Erdbohrer passend für SDS MAX Bohrmaschine Akkubohrmaschine Bohrhammer Pfahlbohrer – 73/71,4AMax,WERKON,0.90,agent
Adapter Sds Plus + Zawleczka,4APlus,unknown,0.70,agent
Adapter do świdra SDS PLUS,4APlus,,1.00,apilo
Professional Adapter for Earth Drill Suitable for SDS Plus Drill Battery Drill Electric Screwdriver Pile Driver,4APlus,unknown,0.90,agent
"WERHE Profesjonalny adapter SDS Plus do świdrów, do wiertarki",4APlus,WERHE,0.90,agent
WERHE Profesjonalny adapter do wierteł ziemnych – kompatybilny z SDS Plus – wytrzymały do ​​prac w ogrodzeniach i ogrodnictwie – szary,4APlus,WERHE,0.85,agent
WERHE Profi Adapter do wiertarki ziemnej odpowiedni do wiertarki SDS Plus Wiertarka akumulatorowa Wiertarka do pali z szybkozłączką wykonany z wysokiej jakości stali sprężynowej,4APlus,WERHE,0.75,agent
"WERHE Profi Adapter do wiertła glebowego pasuje do wiertarki SDS Plus Wiertarka akumulatorowa, Wiertło do pali. Wraz ze bolcem wykonaną z wysokiej jakości stali sprężynowej",4APlus,WERHE,0.85,agent
WERHE Profi Adapter für Erdbohrer passend für SDS Plus Bohrmaschine Akkubohrmaschine Akkuschrauber Pfahlbohrer,4APlus,WERHE,0.95,agent
WERHE Profi Adapter für Erdbohrer passend für SDS Plus Bohrmaschine Akkubohrmaschine Akkuschrauber Pfahlbohrer Mit Bolzen aus hochwertigem Federstahl,4APlus,WERHE,0.85,agent
WERHE Profi Adapter für Erdbohrer passend für SDS Plus Bohrmaschine Akkubohrmaschine Akkuschrauber Pfahlbohrer Mit Schnell FlügelBolzen aus hochwertigem Federstahl,4APlus,WERHE,0.75,agent
"WERHE adapter do świdra ziemnego SDS Plus, stal, do Bosch, Makita, Einhell",4APlus,WERHE,0.90,agent
"WERKON Profesjonalny adapter do wiertnic ziemnych, pasujący do wiertarki SDS Plus, wkrętarki akumulatorowej, wiertarki palowej",4APlus,WERKON,0.90,agent
WERKON Professional adapter for earth drill suitable for SDS Plus drill battery drill electric screwdriver pile driver,4APlus,WERKON,0.90,agent
"Werkon Profesjonalny adapter do wiertnic ziemnych pasujący do wiertarki SDS Plus wiertarki akumulatorowej, wkrętarki akumulatorowej, wiertarki palowej",4APlus,WERKON,0.90,agent
Werkon Profi Adapter für Erdbohrer passend für SDS Plus Bohrmaschine Akkubohrmaschine Akkuschrauber Pfahlbohrer,4APlus,WERKON,0.95,agent
Sprężyna Amortyzator sił skrętnych,4ASprezyna,,1.00,apilo
"WERHE sprężyna skrętna do świdra ręcznego, amortyzator ze siatki stalowej",4ASprezyna,WERHE,0.70,rule
"WERHE® Feder für Erdbohrer, Torsionsdämpfer für Erdbohrer.",4ASprezyna,WERHE,0.70,rule
"WERHE® Sprężyna do wiertnicy glebowej, amortyzator sił skrętnych do świdrów glebowych.",4ASprezyna,WERHE,0.70,rule
"Adapter do wiertnic ziemnych kompatybilny z wiertarkami pilarskimi Stihl BT 106 C, BT 120 C, BT 121, BT 130",4AStihl,unknown,0.85,agent
Adapter do świdra STIHL,4AStihl,,1.00,apilo
"Erdbohrer Adapter passend für Stihl BT 106 C, BT 120 C, BT 121, BT 130 Pfahlbohrer Erdbohrgerät",4AStihl,unknown,0.90,agent
"WERHE adapter do Stihl świder ziemny BT 106/120/121/130/131, stal, Ø 20 mm",4AStihl,WERHE,0.90,agent
"WERHE adapter do wierteł ziemnych STIHL BT 106 C, BT 120 C, BT 121, BT 130, BT 131 – Wysokiej jakości stal, uniwersalne zastosowanie",4AStihl,WERHE,0.90,agent
"WERHE ® Erdbohrer Adapter passend für Stihl BT 106 C, BT 120 C, BT 121, BT 130 BT 131 Pfahlbohrer Erdbohrgerät",4AStihl,WERHE,0.95,agent
"WERHE ® Erdbohrer Adapter passend für Stihl BT 106 C, BT 120 C, BT 121, BT 130 BT 131 Pfahlbohrer Erdbohrgerät…",4AStihl,WERHE,0.95,agent
WERHE ® Profesjonalny Adapter Śrubowy do Stihl BT 106 °C BT 120 °C BT 121 BT 130 BT 131 Wiertła Słupowego,4AStihl,WERHE,0.90,agent
WERHE ® Profesjonalny adapter ślimakowy do wiertarki Stihl BT 106°C BT 120°C BT 121 BT 130 BT 131 biegun,4AStihl,WERHE,0.90,agent
WERHE ® Profesjonalny adapter świder do Stihl BT 106°C BT 120°C BT 121 BT 130 BT 131 wiertło biegunowe,4AStihl,WERHE,0.90,agent
WERHE ® Professional Auger Adaptor for Stihl BT 106 °C BT 120 °C BT 121 BT 130 BT 131 Pole Drill,4AStihl,WERHE,0.95,agent
WERKON Profesjonalny adapter ślimakowy do wiertarki Stihl BT 106 BT 120 BT 121 BT 130 BT 131 biegun,4AStihl,WERKON,0.90,agent
Werkon Profesjonalny adapter ślimakowy do wiertarki Stihl BT 106 BT 120 BT 121 BT 130 BT 131 biegun,4AStihl,WERKON,0.90,agent
Werkon Professional Auger Adaptor for Stihl BT 106 BT 120 BT 121 BT 130 BT 131 Pole Drill,4AStihl,WERKON,0.95,agent
"WERHE Profesjonalny zestaw adapterów ślimakowych odpowiedni do wiertarki udarowej SDS Plus, a także do wiertarki akumulatorowej SDS Max z 2 szt.. Śruba wykonana z wysokiej jakości stali sprężynowej.",4AZest,WERHE,0.80,review
WERHE Profi Erdbohrer Adapter Set passend für SDS Plus Bohrhammer Pfahlbohrer und auch für SDS Max Akkubohrmaschine Mit 2tlg. Bolzen aus hochwertigem Federstahl,4AZest,WERHE,0.80,review
"WERHE zestaw adapterów do świdra ziemnego, SDS Plus/SDS Max młotowiertarka",4AZest,WERHE,0.80,review
"Zestaw Adapterów SDS Plus i SDS max , 2 bolce z zawleczką",4AZest,,0.80,review
Adapter SDS Max do 1.1/4,4Am-1.1/4,,1.00,apilo
Adapter WERHE® do wierteł diamentowych wiertło koronowe wiertło koronowe - 1 1/4 cala UNC na SDS Max - dodatkowo z gwintem wewnętrznym 1/2 BSPP,4Am-1.1/4,WERHE,0.90,agent
Adapter WERHE® do wierteł diamentowych wiertło koronowe wiertło koronowe - 1 1/4 cala UNC na SDS Max - dodatkowo z gwintem wewnętrznym 1/2 cala,4Am-1.1/4,WERHE,0.90,agent
"WERHE® Adapter für Diamantbohrkrone Kernbohrkrone Kernbohrer - 1 1/4"" zoll UNC auf SDS Max - Zusätzlich mit 1/2˝ zoll-Innengewinde",4Am-1.1/4,WERHE,0.90,agent
Adapter SDS Max do M14 wewnętrzny (żeński),4Am-M14wew,,1.00,apilo
WERHE Adapter SDS MAX auf M14I intern,4Am-M14wew,WERHE,0.95,agent
WERHE Adapter SDS MAX do M14I wewnętrzny,4Am-M14wew,WERHE,0.95,agent
WERHE Adapter SDS MAX to M14I Internal,4Am-M14wew,WERHE,0.95,agent
Adapter SDS Max do M14 Z Gwint Zewntętrzny (męski),4Am-M14zew,,1.00,apilo
WERHE Adapter SDS MAX auf M14e extern,4Am-M14zew,WERHE,0.95,agent
WERHE Adapter SDS MAX do M14e zewnętrzny,4Am-M14zew,WERHE,0.95,agent
Adapter Łącznik MAX do MAX,4Am-m,,1.00,apilo
"Max WERHE adapter SDS Max na SDS, przedłużka do wiertła 190 mm, ze stali",4Am-m,WERHE,0.75,agent
"WERHE ® Adapter SDS Max auf SDS Max aufnahme verbinder – robust und stabil, hergestellt aus Stahl – passend fur Bohrverlängerung, Bohrhämmer und werkzeuge mit SDS Max halterung",4Am-m,WERHE,0.85,agent
"WERHE ® Adapter SDS Max do złącza uchwytu SDS Max - wytrzymały i stabilny, wykonany ze stali - odpowiedni do przedłużaczy wiertarskich, młotów obrotowych i narzędzi z uchwytem SDS Max",4Am-m,WERHE,0.85,agent
WERHE® adapter SDS Max do SDS Max – Wytrzymały stalowy łącznik do przedłużek wiertniczych 190 mm,4Am-m,WERHE,0.80,agent
Adapter SDS Plus do 1.1/4,4Ap-1.1/4,,1.00,apilo
"Adapter WERHE® do diamentowych wierteł rdzeniowych Wiertło rdzeniowe - 1 1/4"" cala UNC do SDS Plus - dodatkowo z gwintem wewnętrznym 1/2˝ cala.",4Ap-1.1/4,WERHE,0.90,agent
"WERHE® Adapter do wierteł diamentowych SDS Plus na gwint 1 1/4"" UNC z gwintem 1/2"" – Wytrzymałe narzędzie do wiercenia",4Ap-1.1/4,WERHE,0.90,agent
"WERHE® Adapter für Diamantbohrkrone Kernbohrkrone Kernbohrer - 1 1/4"" zoll UNC auf SDS Plus - Zusätzlich mit 1/2˝ zoll-Innengewinde",4Ap-1.1/4,WERHE,0.90,agent
Adapter SDS PLUS do M14 wewnętrzny (żeński),4Ap-M14wew,,1.00,apilo
WERHE Profesjonalny adapter SDS Plus do M14 wewnętrzny,4Ap-M14wew,WERHE,0.95,agent
WERHE Profesjonalny adapter SDS Plus do wewnętrznego M14,4Ap-M14wew,WERHE,0.95,agent
WERHE Professional SDS Plus Adapter für M14 intern,4Ap-M14wew,WERHE,0.95,agent
"WERHE SDS Plus na M14 adapter, stal",4Ap-M14wew,WERHE,0.50,agent
WERHE adapter na SDS Plus M14 gwint wewnętrzny,4Ap-M14wew,WERHE,0.90,agent
Adapter SDS Plus do M14 Gwint Zewntętrzny (męski),4Ap-M14zew,,1.00,apilo
WERHE® Profesjonalny adapter SDS Plus do M14 do szczotki drucianej płyty trzymającej tarczę,4Ap-M14zew,WERHE,0.65,agent
WERHE® Professional SDS Plus auf M14 Adapter für Drahtbürsten Tellerhalterplatte,4Ap-M14zew,WERHE,0.65,agent
Adapter SDS Plus do SDS MAX,4Ap-m,,1.00,apilo
"WERHE Adapter SDS-Plus na SDS-Max – używaj osprzętu SDS-Max z młotem SDS-Plus – obrót i udar – wykonany ze stali narzędziowej, tworzywa sztucznego – długość 200 mm, 0,77 kg",4Ap-m,WERHE,0.90,agent
"WERHE SDS Max na SDS Plus adapter, stal chromowo-wanadowa",4Ap-m,WERHE,0.90,agent
"Werhe® Sds max auf Sds plus adapter. Adapter Sds Max hohe Qualität mit SDS Plus Aufnahme, bohrfutter adapter, für SDS Max Schlagbohrmaschine und SDS Plus Werkzeuge.",4Ap-m,WERHE,0.90,agent
"Werhe® Sds max do Sds plus Adapter. Wysokiej jakości adapter SDS Max z uchwytem SDS Plus, adapter uchwytu wiertarskiego, do wiertarki udarowej SDS Max i narzędzi SDS Plus.",4Ap-m,WERHE,0.90,agent
Adapter Głowka SDS Plus z 1/2-20UNF #1,4Ap1/2-20UNF,,1.00,apilo
"WERHE Adapter do uchwytu wiertarskiego SDS Plus 1/2-20UNF – adapter do wierteł do betonu, pił otwornic i wiertarek udarowych – Wysokiej jakości materiały zapewniają trwałość i wszechstronność",4Ap1/2-20UNF,WERHE,0.90,agent
WERHE® SDS Plus bohrfutter aus 1/2-20UNF Adapter - SDS Plus aufnahnme - Adapterstück zur benutzung von SDS Plus Betonbohrer oder Betonlochsäge,4Ap1/2-20UNF,WERHE,0.90,agent
WERHE® Uchwyt wiertarski SDS Plus z adapterem 1/2-20UNF - adapter SDS Plus do stosowania z wiertarką do betonu SDS Plus lub otwornicą do betonu,4Ap1/2-20UNF,WERHE,0.90,agent
Adapter przejście z Wiertnicy do M14W #2,4Aw-M14wew,,1.00,apilo
WERHE adapter do świdrów spalinowych do M14 gwint wewnętrzny,4Aw-M14wew,WERHE,0.85,agent
WERHE® Adapter Aus benzin Erdbohrer auf m14 innengewinde - Benzin Misher erdbohrer - Edbohrer adapter für mörtelrührer,4Aw-M14wew,WERHE,0.85,agent
WERHE® Adapter od wiertła benzynowego do gwintu wewnętrznego m14 - Wiertło benzynowe - Adapter do mieszarki do zapraw,4Aw-M14wew,WERHE,0.85,agent
Adapter Wiertnica WERHE do m22 - do wiertnicy wiertniczej do wiercenia otwornicą do betonu - adapter do świdra spalinowego lub elektrycznego do wierteł rdzeniowych z korbowodami do muru cementowego,4Aw-M22,WERHE,0.90,agent
Adapter z wiertnicy do gwintu m22 (8),4Aw-M22,,1.00,apilo
WERHE Adapter erdbohrer auf m22 - Für erdbohrmaschine zum Bohren mit der BetonLochsäge - Adapter für Benzin oder elektrisch erdbohrer für Kernbohrer mit Pleuelbohrern für Zementsteinmauer,4Aw-M22,WERHE,0.90,agent
Adapter WERHE® do świder ziemnych o średnicy do 1/2-20UNF - do stosowania w świdrach ziemnych benzynowych i elektrycznych - do wszystkich uchwytów wiertarskich z gwintem zewnętrznym 1/2 20UNF,4Aw1/2-1/2-20UNF,WERHE,0.85,agent
Adapter Z wiertnicy do 1/2 -20unf zew,4Aw1/2-1/2-20UNF,,1.00,apilo
WERHE® Adapter für erdbohrer auf 1/2-20UNF zoll - für den Einsatz auf benzin erdbohrer und elekrische erdbohrer - Verwendung in alle bohrfutter mit 1/2 20UNF Außgewinde,4Aw1/2-1/2-20UNF,WERHE,0.85,agent
Smar z dwusiarczkiem molibdenu - 100ml,4Smar100,,1.00,apilo
"WERHE smar MoS2 100 ml, smar uniwersalny",4Smar100,WERHE,0.80,rule
WERHE® Smar MOS2 100ml w plastikowym pojemniku – środek smarny do końcówek narzędzi i łożysk kulkowych – wodoodporny smar uniwersalny,4Smar100,WERHE,0.80,rule
"WERHE® smar MOS2 100 ml – Wodoodporny, uniwersalny smar do narzędzi i łożysk",4Smar100,WERHE,0.80,rule
Przedłużka 200mm do wiertnic 1.1/4,5PR1.1/4x200,,1.00,apilo
"WERHE przedłużka 200 mm, 1 1/4 cala UNC, do koronki wiertniczej, otwornica",5PR1.1/4x200,WERHE,0.80,rule
"WERHE® 1 1/4"" UNC Zoll - Verlängerung für Diamantbohrkrone 200mm Kernbohrkrone Kernbohrer - Aufnahme für Lochsäge oder Dosenbohrer",5PR1.1/4x200,WERHE,0.80,rule
"WERHE® 1 1/4"" UNC cal - przedłużenie do wiertła diamentowego Wiertło rdzeniowe 200 mm Wiertło rdzeniowe - uchwyt do piły walcowej lub wiertła skrzynkowego",5PR1.1/4x200,WERHE,0.80,review
Przedłużka do świdra 1000mm,5PR1000,,1.00,apilo
WERHE Profesjonalny słupek przedłużający 1000 mm wytrzymały,5PR1000,WERHE,0.80,review
WERHE Profi 1000 mm Verlängerung Erdbohrer Robust,5PR1000,WERHE,0.50,rule_new
WERHE Przedłużka do świdra ziemnego 1000 mm – solidna stalowa konstrukcja do głębszych wierceń – profesjonalna jakość,5PR1000,WERHE,0.50,rule_new
"WERHE przedłużka świdra ziemnego 1000 mm, stal, 20 mm uchwyt z zawleczką",5PR1000,WERHE,0.50,rule_new
Przedłużka 1000mm SDS Max do SDS Max,5PR1000m-m,,1.00,apilo
WERHE Przedłużacz do wierteł 1000 mm – adapter SDS Max do głębokich wierceń – wytrzymały i kompatybilny,5PR1000m-m,WERHE,0.80,rule
WERHE ® Bohrverlängerung 1000 mm SDS Max a   uf SDS Max Schaft zu Adapter Aufnahm,5PR1000m-m,WERHE,0.80,rule
WERHE ® Bohrverlängerung 1000 mm SDS Max auf SDS Max Schaft zu Adapter Aufnahme,5PR1000m-m,WERHE,0.80,rule
WERHE ® Przedłużenie wiercenia 1000 mm SDS Max do SDS Max chwyt do nagrywania adaptera,5PR1000m-m,WERHE,0.95,agent
WERHE ® Profi 10000 mm 10 x 100 cm Verlängerung Erdbohrer Robust,5PR100x1000,WERHE,0.50,rule_new
Przedłużka 1180mm SDS Max do SDS Max,5PR1180m-m,,1.00,apilo
WERHE Przedłużka do wiertarki 1180 mm – adapter SDS Max do głębokiego wiercenia – solidny i kompatybilny,5PR1180m-m,WERHE,0.80,rule
WERHE przedłużka do wiertła SDS Max 1180 mm do młotowiertarki,5PR1180m-m,WERHE,0.80,rule
WERHE ® Przedłużenie wiertła 1180 mm SDS Max do uchwytu adaptera SDS Max,5PR1180m-m,WERHE,0.95,agent
Przedłużka do świdra 200mm,5PR200,,1.00,apilo
WERHE Professional 200 mm drążek przedłużający wytrzymały,5PR200,WERHE,0.80,review
WERHE Profi 200 mm Verlängerung Erdbohrer Robust,5PR200,WERHE,0.50,rule_new
"WERHE Profi 200 mm Verlängerung Erdbohrer passend für Stihl BT 106 C, BT 120 C, BT 121, BT 130 BT 131 aus Vollstahl",5PR200,WERHE,0.50,rule_new
"WERHE przedłużka świdra ziemnego 20 cm, uchwyt 20 mm",5PR200,WERHE,0.50,rule_new
"Max WERHE przedłużka do wiertła SDS Max na SDS, 300 mm, stal",5PR300m-m,WERHE,0.80,rule
Przedłużka 300mm SDS Max do SDS Max,5PR300m-m,,1.00,apilo
WERHE ® Bohrverlängerung 300 mm SDS Max auf SDS Max Schaft zu Adapter Aufnahme,5PR300m-m,WERHE,0.80,rule
WERHE ® Przedłużenie wiercenia 300 mm SDS Max do SDS Max chwyt do nagrywania adaptera,5PR300m-m,WERHE,0.95,agent
WERHE ® przedłużenie wiercenia 300 mm SDS Max do SDS Max Shank do adaptera nagrywanie,5PR300m-m,WERHE,0.95,agent
Przedłużka do świdra 400mm,5PR400,,1.00,apilo
"WERHE 1 szt. Przedłużacz ślimaka ziemnego - stal 40 cm, spiralny flet, odpowiedni do uniwersalnych prowadnic wiertarskich, 0,5 kg, model 81334",5PR400,WERHE,0.50,rule_new
WERHE Profesjonalny słupek przedłużający 400 mm wytrzymały,5PR400,WERHE,0.80,review
WERHE Profi 400 mm Verlängerung Erdbohrer Robust,5PR400,WERHE,0.50,rule_new
"WERHE Profi 400 mm Verlängerung Erdbohrer passend für Stihl BT 106 C, BT 120 C, BT 121, BT 130 BT 131 aus Vollstahl",5PR400,WERHE,0.50,rule_new
"WERHE przedłużka do świdra ziemnego, 40 cm, uchwyt 20 mm, stal hartowana",5PR400,WERHE,0.50,rule_new
Przedłużka do świdra glebowego 5000mm,5PR5000,,0.50,rule_new
WERHE Professional 5000 mm drążek przedłużający wytrzymały,5PR5000,WERHE,0.80,review
WERHE Profi 5000 mm Verlängerung Erdbohrer Robust,5PR5000,WERHE,0.50,rule_new
Przedłużka 500mm SDS Max do SDS Max,5PR500m-m,,1.00,apilo
"WERHE przedłużka do wiertła SDS Max, 500 mm",5PR500m-m,WERHE,0.80,rule
WERHE ® Bohrverlängerung 500 mm SDS Max auf SDS Max Schaft zu Adapter Aufnahme,5PR500m-m,WERHE,0.80,rule
WERHE ® Przedłużenie wiertła 500 mm SDS Max na SDS Max trzpień do adaptera,5PR500m-m,WERHE,0.95,agent
60 cm Tiefe Verlängerung Erdbohrer Brunnenbohrer Brunnen Bohrer sehr Robust,5PR600,,0.50,rule_new
Przedłużka do świdra 600mm,5PR600,,1.00,apilo
WERHE Professional 600 mm Verlängerung Post robust,5PR600,WERHE,0.50,rule_new
WERHE Professional 600 mm solidne przedłużenie słupka,5PR600,WERHE,0.80,review
WERHE Profi 600 mm Verlängerung Erdbohrer Robust,5PR600,WERHE,0.50,rule_new
"WERHE Profi 600 mm Verlängerung Erdbohrer passend für Stihl BT 106 C, BT 120 C, BT 121, BT 130 BT 131 aus Vollstahl",5PR600,WERHE,0.50,rule_new
"WERHE przedłużka do świdra ziemnego, 600 mm, uchwyt 20 mm, stal z zawleczką",5PR600,WERHE,0.50,rule_new
Przedłużka 750mm SDS Max do SDS Max,5PR750m-m,,1.00,apilo
WERHE Przedłużacz do wiercenia 750 mm – SDS Max adapter do głębokich otworów – wytrzymały i kompatybilny,5PR750m-m,WERHE,0.80,rule
"WERHE przedłużka do wiertła 750 mm, adapter SDS Max, długość robocza 610 mm",5PR750m-m,WERHE,0.80,review
WERHE ® Bohrverlängerung 750 mm SDS Max auf SDS Max Schaft zu Adapter Aufnahme,5PR750m-m,WERHE,0.80,rule
WERHE ® Przedłużacz wiertła 750 mm SDS Max na SDS Max trzpień do adaptera uchwyt,5PR750m-m,WERHE,0.80,rule
Przedłużka do świdra 800mm,5PR800,,1.00,apilo
WERHE Przedłużenie wiertła do gleby 800 mm – wytrzymała konstrukcja stalowa do głębokich wiercenia – uniwersalne mocowanie 20 mm – dla profesjonalistów i majsterkowiczów,5PR800,WERHE,0.80,review
Przedłużka m14 12cm,5PRM14x120,,1.00,apilo
"WERHE M14 przedłużka 120 mm do szlifierki kątowej i polerek, twarda stal",5PRM14x120,WERHE,0.80,rule
WERHE Przedłużka M14 120 mm – do szlifierek kątowych i polerek – dociera do trudno dostępnych miejsc – wykonana z wytrzymałej stali,5PRM14x120,WERHE,0.80,rule
"WERHE® M14 Verlängerung - 120mm lang - Rotationsverlängerungswelle für Winkelschleifer - Verlängerungsstange für Rührer - M14 Gewinde Polieren Pads, Auto Polierer",5PRM14x120,WERHE,0.80,rule
"WERHE® Przedłużka M14 - długość 120 mm - wałek przedłużający obrót do szlifierki kątowej - pręt przedłużający do mieszadła - talerze polerskie do gwintu M14, polerka samochodowa",5PRM14x120,WERHE,0.80,rule
Przedłużka m14 25cm,5PRM14x250,,1.00,apilo
WERHE M14 przedłużka 250 mm z twardej stali do szlifierki kątowej/polerki,5PRM14x250,WERHE,0.80,rule
WERHE Przedłużka M14 250 mm – do szlifierek kątowych i polerek – dociera do głębokich i trudno dostępnych miejsc – wykonana z hartowanej stali,5PRM14x250,WERHE,0.80,rule
"WERHE® Przedłużka M14 - długość 250mm - przedłużka obrotowa do szlifierki kątowej - przedłużka do mieszadła - pady polerskie do gwintów M14, polerka samochodowa",5PRM14x250,WERHE,0.80,rule
GRYF ręczny do świdra glebowego,5gryf,,1.00,apilo
WERHE Handgriff für Erdbohrer Brunnenbohrer Brunnenbau 56 cm extra langer Griff,5gryf,WERHE,0.60,agent
WERHE uchwyt do ślimaka dobrze nawiercana konstrukcja 56 cm bardzo długi uchwyt,5gryf,WERHE,0.60,agent
"WERHE uchwyt typu T do świdra ziemnego, stal, długość 56 cm, uchwyt 20 mm",5gryf,WERHE,0.80,review
WERHE Handgriff für Erdbohrer Brunnenbohrer Brunnenbau 70 cm extra langer Griff,5gryf700,WERHE,0.50,agent
"WERHE Uchwyt do świdra ziemnego – bardzo długi, 70 cm, do bezpiecznego wiercenia ręcznego – kompatybilny z mocowaniem 20 mm",5gryf700,WERHE,0.80,review
WERHE uchwyt do ślimaka dobrze nawiercana konstrukcja 70 cm bardzo długi uchwyt,5gryf700,WERHE,0.50,agent
Groszkownik 150mm 12 zębów SDS Plus okrągły,6GR12x150p,,1.00,apilo
"WERHE groszkownik SDS Plus, 12 zębów z węglika, 150 mm",6GR12x150p,WERHE,0.80,review
"WERHE® Groszkownik SDS Plus 12 zębów dł. 150 mm, okrąg ⌀35 mm - Młoty nasadowe do młotowiertarek elektrycznych - Nasadki wyburzeniowe, do młotkowania betonu - Dłuto młotkowe",6GR12x150p,WERHE,0.80,review
Groszkownik 200mm 12 zębów SDS Max okrągły,6GR12x200m,,1.00,apilo
"WERHE® Groszkownik SDS MAX 12 zębów dł. 200 mm, okrąg ⌀35 mm - Młoty nasadowe do młotowiertarek elektrycznych - Nasadki wyburzeniowe, do młotkowania betonu - Dłuto młotkowe",6GR12x200m,WERHE,0.80,review
Groszkownik 270mm 12 zębów Hex 30,6GR12x270h30,,1.00,apilo
"WERHE® Groszkownik HEX30 12 zębów dł. 270 mm, okrąg ⌀45 mm - Młoty nasadowe do elektrycznych młotów wyburzeniowych - Nasadki wyburzeniowe, do młotkowania betonu - Dłuto młotkowe",6GR12x270h30,WERHE,0.80,review
Groszkownik 140mm 16 zębów SDS Plus kwadratowy,6GR16x140p,,1.00,apilo
"WERHE groszkownik SDS Plus 16 zębów, 140 mm, do betonu, granit i kamień",6GR16x140p,WERHE,0.95,rule
"WERHE® Groszkownik SDS Plus 16 zębów dł. 140 mm, kwadrat 32 mm - Młoty nasadowe do młotowiertarek elektrycznych - Nasadki wyburzeniowe, do młotkowania betonu - Dłuto młotkowe",6GR16x140p,WERHE,0.95,rule
"WERHE® Groszkownik SDS Plus, 16 zębów, 140 mm – do obróbki betonu i kamienia",6GR16x140p,WERHE,0.95,rule
Groszkownik 200mm 16 zębów SDS Max kwadratowy,6GR16x200m,,1.00,apilo
"WERHE Groszkownik SDS MAX, 12 zębów, 200 mm – dłuto do obróbki betonu i kamienia",6GR16x200m,WERHE,0.80,review
"WERHE® Groszkownik SDS MAX 16 zębów dł. 200 mm, kwadrat 32 mm - Młoty nasadowe do młotowiertarek elektrycznych - Nasadki wyburzeniowe, do młotkowania betonu - Dłuto młotkowe",6GR16x200m,WERHE,0.80,review
"WERHE® Groszkownik SDS MAX, 16 zębów, 200 mm – do obróbki betonu i kamienia",6GR16x200m,WERHE,0.80,review
Groszkownik 220mm 35x35mm 16 zębów Hex 28,6GR16x220h28,,1.00,apilo
WERHE® Groszkownik HEX28 16 zębów dł. 220 mm – Wytrzymałe dłuto do prac betonowych – Kwadratowe,6GR16x220h28,WERHE,0.80,review
"WERHE® Groszkownik HEX28 16 zębów dł. 220 mm, kwadrat 36 mm - Młoty nasadowe do elektrycznych młotów wyburzeniowych - Nasadki wyburzeniowe, do młotkowania betonu - Dłuto młotkowe",6GR16x220h28,WERHE,0.80,review
"WERHE® Groszkownik HEX30 16 zębów dł. 220 mm, Wytrzymałe dłuto do prac betonowych – Kwadratowe",6GR16x220h30,WERHE,0.80,review
"WERHE® Groszkownik HEX30 16 zębów dł. 220 mm, kwadrat 36 mm - Młoty nasadowe do elektrycznych młotów wyburzeniowych - Nasadki wyburzeniowe, do młotkowania betonu - Dłuto młotkowe",6GR16x220h30,WERHE,0.80,review
Groszkownik 220mm 35x35mm 16 zębów SDS Max,6GR16x220m,,1.00,apilo
"WERHE® Groszkownik SDS MAX 16 zębów dł. 220 mm, kwadrat 36 mm - Młoty nasadowe do młotowiertarek elektrycznych - Nasadki wyburzeniowe, do młotkowania betonu - Dłuto młotkowe",6GR16x220m,WERHE,0.80,review
"WERHE® Groszkownik SDS MAX, 16 zębów, 220 mm – do obróbki betonu i kamienia",6GR16x220m,WERHE,0.80,review
Groszkownik 220mm 35x35mm 16 zębów SDS Plus,6GR16x220p,,1.00,apilo
"WERHE® Groszkownik SDS Plus 16 zębów dł. 220 mm, kwadrat 36 mm - Młoty nasadowe do młotowiertarek elektrycznych - Nasadki wyburzeniowe, do młotkowania betonu - Dłuto młotkowe",6GR16x220p,WERHE,0.80,review
"WERHE® Groszkownik SDS Plus, 16 zębów, 220 mm – do obróbki betonu i kamienia",6GR16x220p,WERHE,0.80,review
Groszkownik 16Z 18x240 mm SDS MAX - Ostry - Kwadrat,6GR16x240m,,1.00,apilo
"WERHE SDS MAX dłuto 16 zębów, 240 mm, kwadrat 18 mm, do betonu i obróbki kamienia, stalowe zęby, chropowatość podłoża i usuwanie warstw",6GR16x240m,WERHE,0.80,review
Bruzdownik motylkowy 250mm SDS Plus,6GR250p,,1.00,apilo
"WERHE® Groszkownik HEX30 25 zębów dł. 300 mm, kwadrat 40 mm - Młoty nasadowe do elektrycznych młotów wyburzeniowych - Nasadki wyburzeniowe, do młotkowania betonu - Dłuto młotkowe",6GR25x300h30,WERHE,0.80,review
"WERHE® Groszkownik HEX30 25 zębów dł. 300 mm, kwadrat 40 mm Wytrzymałe dłuto do prac betonowych – Kwadratowe",6GR25x300h30,WERHE,0.80,review
Groszkownik 300mm 40x40mm 25 zębów SDS MAX,6GR25x300m,,1.00,apilo
"WERHE® Groszkownik SDS MAX 25 zębów dł. 300 mm, kwadrat 40 mm - Młoty nasadowe do młotowiertarek elektrycznych - Nasadki wyburzeniowe, do młotkowania betonu - Dłuto młotkowe",6GR25x300m,WERHE,0.80,review
"WERHE® Groszkownik SDS MAX 25 zębów dł. 300 mm, kwadrat 40 mm - do obróbki betonu i kamienia",6GR25x300m,WERHE,0.80,review
Groszkownik 300mm 40x40mm 25 zębów SDS PLUS,6GR25x300p,,1.00,apilo
"WERHE groszkownik SDS Plus, 25 zębów, 300 mm, do betonu, kamień i granit",6GR25x300p,WERHE,0.80,review
"WERHE® Groszkownik SDS Plus 25 zębów dł. 300 mm, kwadrat 40 mm - Młoty nasadowe do młotowiertarek elektrycznych - Nasadki wyburzeniowe, do młotkowania betonu - Dłuto młotkowe",6GR25x300p,WERHE,0.80,review
"WERHE® Groszkownik SDS Plus 25 zębów dł. 300 mm, kwadrat 40 mm – do obróbki betonu i kamienia",6GR25x300p,WERHE,0.80,review
Groszkownik 15/18Z x 240 mm SDS MAX - Ostry - Trójkąt,6GR33X250m,,1.00,apilo
"WERHE SDS MAX dłuto stojące, 33 zęby, 240 mm, trójkątny kształt 18 mm, do betonu i obróbki kamienia, 2 rodzaje zębów ze stali, chropowatość podłoża i usuwanie warstw",6GR33X250m,WERHE,0.80,review
Bruzdownik motylkowy 400mm SDS Plus,6GR400p,,1.00,apilo
Groszkownik 150mm 4 zębów SDS Plus,6GR4x150p,,1.00,apilo
"WERHE dłuto do młota SDS Plus 4 zęby, 150 mm, do betonu i obróbki kamienia",6GR4x150p,WERHE,0.80,review
"WERHE® Dłuto udarowe SDS PLUS, 4 zęby, 150 mm – do obróbki betonu i kamienia",6GR4x150p,WERHE,0.80,review
"WERHE® Groszkownik dłutowy SDS Plus 4 zęby dł. 150 mm, prostokąt 40x7 mm - Młoty nasadowe do młotowiertarek elektrycznych - Nasadki wyburzeniowe, do młotkowania betonu - Dłuto młotkowe",6GR4x150p,WERHE,0.80,review
Groszkownik 200mm 4 zębów SDS Max,6GR4x200m,,1.00,apilo
"WERHE dłuto do młota SDS Max 4 zęby, 200 mm, węglik spiekany",6GR4x200m,WERHE,0.80,review
"WERHE® Dłuto udarowe SDS MAX, 4 zęby, 200 mm – do obróbki betonu i kamienia",6GR4x200m,WERHE,0.80,review
"WERHE® Groszkownik dłutowy SDS MAX 4 zęby dł. 200 mm, prostokąt 40x7 mm - Młoty nasadowe do młotowiertarek elektrycznych - Nasadki wyburzeniowe, do młotkowania betonu - Dłuto młotkowe",6GR4x200m,WERHE,0.80,review
Bruzdownik motylkowy 600mm SDS MAX,6GR600m,,1.00,apilo
Groszkownik 270mm 9 zębów Hex 30 okrągły,6GR9x270h30,,1.00,apilo
"WERHE® Bushhammer HEX30 – 9 zębów, 270 mm – Wytrzymałe dłuto do prac betonowych – Okrągłe",6GR9x270h30,WERHE,0.80,review
"WERHE® Groszkownik HEX30 9 zębów dł. 270 mm, okrąg ⌀45 mm - Młoty nasadowe do elektrycznych młotów wyburzeniowych - Nasadki wyburzeniowe, do młotkowania betonu - Dłuto młotkowe",6GR9x270h30,WERHE,0.80,review
"Gwoździarka 10,5mm SDS Plus","6PO10,5pk",,1.00,apilo
"WERHE ® 10,5x14x160 Profesjonalny wbijak do gwoździ młot pneumatyczny SDS Plus","6PO10,5x14p",WERHE,0.50,rule_new
"WERHE ® 10,5x14x160 Professional Erdnageleintreiber Jack Hammer Picket Pfosten Driver Treiber SDS Plus","6PO10,5x14p",WERHE,0.50,rule_new
"WERHE® Kafar HEX30 do wbijania rur ze stali nierdzewnej Ø105mm 120x250mm do młota wyburzeniowego - wbijak do słupków, wbijak do słupków ogrodzeniowych - kafar do budowy ogrodzeń i zagęszczania gruntu",6PO105h30,WERHE,0.80,review
Wbijak do pali 105x125x235 HEX30,6PO105h30,,1.00,apilo
WERHE® SDS Plus Męski wbijak do kołków uziemiających Ø10 mm 125 mm – Solidne stalowe narzędzie do prętów uziemiających – Precyzyjne i trwałe,6PO10x125p,WERHE,0.50,rule_new
WERHE® Profesjonalny gwoździowkrętak SDS Max Ø10mm męski 150x18mm do wbijania gwoździ uziemiających Pobijak do wbijania gwoździ uziemiających,6PO10x150m,WERHE,0.50,rule_new
WERHE® Profesjonalny gwoździowkrętak HEX28 Ø10mm męski 270x28mm do wbijania gwoździ uziemiających Pobijak do wbijania gwoździ uziemiających,6PO10x270h28,WERHE,0.50,rule_new
WERHE® Profesjonalny gwoździowkrętak HEX30 Ø10mm męski 270x30mm do wbijania gwoździ uziemiających Pobijak do wbijania gwoździ uziemiających,6PO10x270h30,WERHE,0.50,rule_new
"WERHE® Kafar HEX30 do wbijania rur ze stali nierdzewnej Ø125mm 145x250mm do młota wyburzeniowego - wbijak do słupków, wbijak do słupków ogrodzeniowych - kafar do budowy ogrodzeń i zagęszczania gruntu",6PO125h30,WERHE,0.80,review
Wbijak do pali 125x145x235 HEX30,6PO125h30,,1.00,apilo
WERHE® SDS Plus Męski pobijak do uziomów Ø12 mm 125 mm – Wytrzymałe narzędzie stalowe do prętów uziemiających – Precyzyjne i trwałe,6PO12x125p,WERHE,0.50,rule_new
WERHE® Profesjonalny gwoździowkrętak SDS Max Ø12mm męski 150x18mm do wbijania gwoździ uziemiających Pobijak do wbijania gwoździ uziemiających,6PO12x150m,WERHE,0.50,rule_new
WERHE® Profesjonalny gwoździowkrętak HEX28 Ø12mm męski 270x28mm do wbijania gwoździ uziemiających Pobijak do wbijania gwoździ uziemiających,6PO12x270h28,WERHE,0.50,rule_new
WERHE® Profesjonalny gwoździowkrętak HEX30 Ø12mm męski 270x30mm do wbijania gwoździ uziemiających Pobijak do wbijania gwoździ uziemiających,6PO12x270h30,WERHE,0.50,rule_new
"Pobijak 13,5mm HEX30","6PO13,5h30",,1.00,apilo
"WERHE® Professional HEX30 Erdnageleintreiber zum Einstecken von Tiefenerder Erder Erdung Staberder – Innen durchmesser Ø 13,5 mm 257x22 mm – Jack Hammer Picket Pfosten Driver Treiber","6PO13,5h30",WERHE,0.90,rule
"Pobijak 13,5mm SDS Max","6PO13,5m",,1.00,apilo
"WERHE pobijak do uziomów SDS Max Ø 13,5 mm, długość 165 mm","6PO13,5m",WERHE,0.90,rule
"WERHE ® 13,5x34x162 Profesjonalny wbijak do gwoździ ziemnych Młot udarowy SDS Max","6PO13,5m",WERHE,0.95,review
"WERHE® Professional SDS Max Erdnageleintreiber zum Einstecken von Tiefenerder Erder Erdung Staberder – Innen durchmesser Ø 13,5 mm 162x22 mm – Jack Hammer Picket Pfosten Driver Treiber","6PO13,5m",WERHE,0.90,rule
"Pobijak 13,5x35x260mm SDS MAX Premium","6PO13,5mP",,1.00,apilo
"WERHE pobijak do uziomów do uziomów głębinowych, SDS Max, 13,5x35x260 mm","6PO13,5mP",WERHE,0.95,rule
"WERHE ® 13,5x22x145 Professional Nageleintreiber Jack Hammer - Nagler Driver Treiber SDS Max","6PO13,5mP",WERHE,0.95,rule
"WERHE ® 13,5x22x162 Professional Erdnageleintreiber Jack Hammer Picket Pfosten Driver Treiber SDS Max","6PO13,5mP",WERHE,0.95,rule
WERHE ® 13.5x35x260mm Profesjonalny wzmocniony wbijak do gwoździ do gleby Młot pneumatyczny Wbijak do słupków SDS Max,"6PO13,5mP",WERHE,0.95,rule
"WERHE ® Wbijak do kotew gruntowych SDS-Max 13,5 x 35 x 260 mm – Wytrzymała stal do prętów uziomowych i kołków uziemiających – Kompatybilny z młotami udarowo-obrotowymi – Profesjonalna jakość","6PO13,5mP",WERHE,0.95,rule
"WERHE® 13,5x22x162 Professional Erdnageleintreiber zum Einstecken von Tiefenerder Erder Erdung Staberder - Jack Hammer Picket Pfosten Driver Treiber SDS Max","6PO13,5mP",WERHE,0.95,rule
"Gwoździarka 13,5mm SDS Max","6PO13,5mk",,1.00,apilo
"Pobijak 13,5mm SDS Plus","6PO13,5p",,1.00,apilo
"WERHE ® 13,5x22x100 Professional Erdnageleintreiber Jack Hammer Picket Pfosten Driver Treiber SDS Plus","6PO13,5p",WERHE,0.90,rule
"WERHE ® 13,5x22x65 Professional Nageleintreiber Jack Hammer - Nagler Driver Treiber SDS Plus","6PO13,5p",WERHE,0.90,rule
"WERHE ® 13,5x34x223 Profesjonalny wbijak do gwoździ, młot udarowy, wbijak do słupków SDS Plus","6PO13,5p",WERHE,0.90,rule
"WERHE ® Pobijak do kotew gruntowych SDS Plus, średnica wewnętrzna 13,5 mm – długość 100 mm, grubość 22 mm – wbijak do prętów uziomowych do wiertarek SDS Plus – solidny precyzyjny","6PO13,5p",WERHE,0.90,rule
"WERHE ® Wbijak gwoździ SDS Plus 13,5 mm do młotowiertarek – Wydajne narzędzie do wbijania gwoździ i prętów – Wytrzymała stal chromowo-wanadowa","6PO13,5p",WERHE,0.95,rule
"WERHE® 13,5x22x100 Professional Erdnageleintreiber zum Einstecken von Tiefenerder Erder Erdung Staberder - Jack Hammer Picket Pfosten Driver Treiber SDS Plus","6PO13,5p",WERHE,0.90,rule
"WERHE® Professional SDS Plus Erdnageleintreiber zum Einstecken von Tiefenerder Erder Erdung Staberder – Innen durchmesser Ø 13,5 mm 100x22 mm – Jack Hammer Picket Pfosten Driver Treiber","6PO13,5p",WERHE,0.90,rule
"Gwoździarka 13,5mm SDS Plus","6PO13,5pk",,1.00,apilo
"WERHE ® 13,5x22x145 Profesjonalny wkrętak do gwoździ Jack Hammer - Wkrętak do gwoździarki SDS Max","6PO13,5x22x145m",WERHE,0.80,review
"WERHE ® 13,5x22x65 Profesjonalny młot udarowy z gwoździarką - gwoździarka SDS Plus","6PO13,5x22x65p",WERHE,0.80,review
"WERHE ® 13,5x30x257 Profesjonalny wbijak do gwoździ ziemnych Wbijak do słupów HEX Dłuto do rozbiórki Młot udarowy","6PO13,5x257h30",WERHE,0.80,review
"WERHE ® 13,5x30x257 Professional Erdnageleintreiber Pfosten Driver Treiber HEX Meißel Bit für Demolition Jackhammer Breaker","6PO13,5x257h30",WERHE,0.80,review
"WERHE ® 13,5x30x257 Professional Erdnageleintreiber zum Einstecken von Tiefenerder Erder Erdung Staberder Pfosten Driver Treiber HEX Meißel Bit für Demolition Jackhammer Breaker","6PO13,5x257h30",WERHE,0.80,review
"WERHE® Pobijak do kotew gruntowych HEX28 Ø13,5 mm 22x260 mm – Wytrzymała stal do prętów uziomowych i uziemień – Kompatybilny z młotami pneumatycznymi – Precyzyjne wbijanie dla profesjonalistów.","6PO13,5x260h28",WERHE,0.50,rule_new
"WERHE® Professional HEX28 Ø13,5mm 22x260mm gwoździarka do wbijania gwoździ uziemiających Gwoździarka do wbijania gwoździ uziemiający - Młotek udarowy Gwoździarka do wbijania sztyftów","6PO13,5x260h28",WERHE,0.50,rule_new
"Pobijak 16,5x25x260mm HEX28","6PO16,5h28",,1.00,apilo
"Pobijak 16,5mm HEX30","6PO16,5h30",,1.00,apilo
"WERHE® Professional HEX30 Erdnageleintreiber zum Einstecken von Tiefenerder Erder Erdung Staberder – Innen durchmesser Ø 16,5 mm 257x25 mm – Jack Hammer Picket Pfosten Driver Treiber","6PO16,5h30",WERHE,0.90,rule
"Pobijak 16,5mm SDS Max","6PO16,5m",,1.00,apilo
"WERHE pobijak do uziomów SDS Max 16,5 mm, stal hartowana do młotowiertarek","6PO16,5m",WERHE,0.95,rule
"WERHE ® 16,5x25x162 Profesjonalny sterownik kołkowy Jack Hammer Picket Driver Driver SDS Max","6PO16,5m",WERHE,0.80,review
"WERHE® Professional SDS Max Erdnageleintreiber zum Einstecken von Tiefenerder Erder Erdung Staberder – Innen durchmesser Ø 16,5 mm 162x25 mm – Jack Hammer Picket Pfosten Driver Treiber","6PO16,5m",WERHE,0.90,rule
"Pobijak 16,5x35x260mm SDS MAX Premium","6PO16,5mP",,1.00,apilo
"WERHE ® 16,5x25x145 Professional Nageleintreiber Jack Hammer - Nagler Driver Treiber SDS Max","6PO16,5mP",WERHE,0.95,rule
"WERHE ® 16,5x25x162 Professional Erdnageleintreiber Jack Hammer Picket Pfosten Driver Treiber SDS Max","6PO16,5mP",WERHE,0.95,rule
"WERHE ® 16,5x35x257 Profesjonalny wzmocniony młot udarowy do wbijania gwoździ w ziemię SDS Max","6PO16,5mP",WERHE,0.95,rule
"WERHE ® 16,5x35x257 Professional verstärkt Erdnageleintreiber Jack Hammer Picket Pfosten Driver Treiber SDS Max","6PO16,5mP",WERHE,0.95,rule
"WERHE® 16,5x25x162 Professional Erdnageleintreiber zum Einstecken von Tiefenerder Erder Erdung Staberder - Jack Hammer Picket Pfosten Driver Treiber SDS Max","6PO16,5mP",WERHE,0.95,rule
"Pobijak sds plus 16,5mm","6PO16,5p",,1.00,apilo
"WERHE ® 16,5x25x100 Professional Erdnageleintreiber Jack Hammer Picket Pfosten Driver Treiber SDS Plus","6PO16,5p",WERHE,0.90,rule
"WERHE ® 16,5x25x65 Professional Nageleintreiber Jack Hammer - Nagler Driver Treiber SDS Plus","6PO16,5p",WERHE,0.90,rule
"WERHE ® 16,5x34x223 Profesjonalny wbijak do gwoździ gruntowych Młot udarowy SDS Plus","6PO16,5p",WERHE,0.90,rule
"WERHE ® Wbijak do kotew gruntowych SDS Plus, średnica wewnętrzna 16,5 mm – długość 100 mm, grubość 25 mm – wkrętak do prętów uziomowych do wiertarek SDS-Plus – solidny i precyzyjny","6PO16,5p",WERHE,0.90,rule
"WERHE ® Wbijak gwoździ SDS Plus 16,5 mm do młotowiertarek WERHE – Wydajne narzędzie do wbijania gwoździ i prętów – Wytrzymała stal chromowo-wanadowa","6PO16,5p",WERHE,0.95,rule
"WERHE® 16,5x25x100 Professional Erdnageleintreiber Jack Hammer Picket Pfosten Driver Treiber SDS Plus","6PO16,5p",WERHE,0.90,rule
"WERHE® 16,5x25x100 Professional Erdnageleintreiber zum Einstecken von Tiefenerder Erder Erdung Staberder - Jack Hammer Picket Pfosten Driver Treiber SDS Plus","6PO16,5p",WERHE,0.90,rule
"WERHE® Professional SDS Plus Erdnageleintreiber zum Einstecken von Tiefenerder Erder Erdung Staberder – Innen durchmesser Ø 16,5 mm 100x25 mm – Jack Hammer Picket Pfosten Driver Treiber","6PO16,5p",WERHE,0.90,rule
"Gwoździarka 16,5mm SDS Plus","6PO16,5pk",,1.00,apilo
"WERHE ® 16,5x35x257 Profesjonalny wbijak do gwoździ, wbijak do słupów, dłutownica HEX do wyburzania, młot wyburzeniowy.","6PO16,5x257h30",WERHE,0.80,review
"WERHE ® 16,5x35x257 Professional Erdnageleintreiber Pfosten Driver Treiber HEX Meißel Bit für Demolition Jackhammer Breaker","6PO16,5x257h30",WERHE,0.80,review
"WERHE ® 16,5x35x257 Professional Erdnageleintreiber Pfosten Driver Treiber zum Einstecken von Tiefenerder Erder Erdung Staberder HEX Meißel Bit für Demolition Jackhammer Breaker","6PO16,5x257h30",WERHE,0.80,review
"WERHE ® 16,5x25x145 Profesjonalny wkrętak do gwoździ Jack Hammer - Wkrętak do gwoździ SDS Max","6PO16,5x25x145m",WERHE,0.80,review
"WERHE ® 16,5x25x65 Profesjonalny młot udarowy z gwoździarką - gwoździarka SDS Plus","6PO16,5x25x65p",WERHE,0.80,review
"WERHE pobijak do uziomów HEX28 Ø 16,5 mm, 25x260 mm","6PO16,5x260h28",WERHE,0.50,rule_new
"WERHE® Professional HEX28 Ø16,5mm 25x260mm gwoździarka do wbijania gwoździ uziemiających Gwoździarka do wbijania gwoździ uziemiających - Młotek udarowy Gwoździarka do wbijania sztyftów","6PO16,5x260h28",WERHE,0.50,rule_new
"WERHE® Wbijak do kotew gruntowych WERHE HEX28 Ø16,5 mm 25 x 260 mm – solidny wkrętak do prętów uziomowych i uziemień – kompatybilny z młotami wyburzeniowymi HEX28","6PO16,5x260h28",WERHE,0.50,rule_new
"Pobijak 20,2x28x260mm HEX28","6PO20,2h28",,1.00,apilo
"WERHE® Profesjonalny wbijak do kotew gruntowych HEX28 20,2 mm – solidna stal do prętów uziomowych - kompatybilny z młotami wyburzeniowymi HEX28","6PO20,2h28",WERHE,0.90,rule
"Pobijak 20,2mm HEX30","6PO20,2h30",,1.00,apilo
"WERHE® 20,2x35x257 Professional Erdnageleintreiber zum Einstecken von Tiefenerder Erder Erdung Staberder - Jack Hammer Picket Pfosten Driver Treiber Hex 30mm","6PO20,2h30",WERHE,0.90,rule
"WERHE® Professional HEX30 Erdnageleintreiber zum Einstecken von Tiefenerder Erder Erdung Staberder – Innen durchmesser Ø 20,2 mm 257x35 mm – Jack Hammer Picket Pfosten Driver Treiber","6PO20,2h30",WERHE,0.90,rule
"Pobijak 20,2mm SDS Max","6PO20,2m",,1.00,apilo
"WERHE pobijak do uziomów SDS Max 20,2 mm","6PO20,2m",WERHE,0.95,rule
"WERHE pobijak do uziomów SDS Max, średnica wewnętrzna 20,2 mm, 257 mm, stal","6PO20,2m",WERHE,0.90,rule
"WERHE ® 20,2x25x162 Professional Peg Driver Jack Hammer Picket Post Driver SDS Max","6PO20,2m",WERHE,0.80,review
"WERHE ® Profesjonalny wbijak do gwoździ uziemiających SDS Max–stal zbrojeniowa do słupków i prętów uziemiających – średnica wewnętrzna 20,2 mm, długość 257 mm – kompatybilna ze młotowiertarkami","6PO20,2m",WERHE,0.90,rule
"WERHE® Profesjonalny gwoździowkrętak SDS Max Ø20,2mm 165x30mm do wbijania głębokich uziomów Uziom prętowy Uziom prętowy Uziom prętowy - Młot udarowo-obrotowy Młot udarowo-obrotowy Gwoździowkrętak","6PO20,2m",WERHE,0.90,rule
"WERHE® Professional SDS Max Erdnageleintreiber zum Einstecken von Tiefenerder Erder Erdung Staberder – Innen durchmesser Ø 20,2 mm 162x28 mm – Jack Hammer Picket Pfosten Driver Treiber","6PO20,2m",WERHE,0.90,rule
"Pobijak 20,2x35x260mm SDS MAX Premium","6PO20,2mP",,1.00,apilo
"WERHE ® 20,2x25x162 Professional Erdnageleintreiber Jack Hammer Picket Pfosten Driver Treiber SDS Max","6PO20,2mP",WERHE,0.95,rule
"WERHE ® 20,2x28x145 Professional Nageleintreiber Jack Hammer - Nagler Driver Treiber SDS Max","6PO20,2mP",WERHE,0.95,rule
"WERHE ® 20,2x35x257 Professional verstärkt Erdnageleintreiber Jack Hammer Picket Pfosten Driver Treiber SDS Max","6PO20,2mP",WERHE,0.95,rule
WERHE ® 20.2x35x257 Profesjonalny wzmocniony młot do wbijania gwoździ w ziemię młot udarowy do wbijania pali SDS Max,"6PO20,2mP",WERHE,0.95,rule
"WERHE® 20,2x28x162 Professional Erdnageleintreiber zum Einstecken von Tiefenerder Erder Erdung Staberder - Jack Hammer Picket Pfosten Driver Treiber SDS Max","6PO20,2mP",WERHE,0.95,rule
"WERHE pobijak do uziomów SDS Plus Ø 20,2 mm ze stali do prętów","6PO20,2p",WERHE,0.50,rule_new
"WERHE ® 20,2x28x100 Professional Erdnageleintreiber Jack Hammer Picket Pfosten Driver Treiber SDS Plus","6PO20,2p",WERHE,0.80,review
"WERHE ® 20,2x28x65 Professional Nageleintreiber Jack Hammer - Nagler Driver Treiber SDS Plus","6PO20,2p",WERHE,0.80,review
WERHE ® 20.2x28x100 Professional Peg Driver Jack Hammer Picket Post Driver Driver SDS Plus,"6PO20,2p",WERHE,0.80,review
"WERHE ® Wbijak gwoździ SDS Plus 20,2 mm do młotowiertarek – Wydajne narzędzie do wbijania gwoździ i prętów – Wytrzymała stal chromowo-wanadowa","6PO20,2p",WERHE,0.50,rule_new
"WERHE® 20,2x28x100 Professional Erdnageleintreiber zum Einstecken von Tiefenerder Erder Erdung Staberder - Jack Hammer Picket Pfosten Driver Treiber SDS Plus","6PO20,2p",WERHE,0.80,review
"WERHE® 20,2x28x100 Professional Peg Driver Jack Hammer Picket Driver Post Driver SDS Plus","6PO20,2p",WERHE,0.80,review
"Gwoździarka 20,2mm SDS Plus","6PO20,2pk",,1.00,apilo
"WERHE® Professional SDS Plus Erdnageleintreiber zum Einstecken von Tiefenerder Erder Erdung Staberder – Innen durchmesser Ø 20,2 mm 100x25 mm – Jack Hammer Picket Pfosten Driver Treiber","6PO20,2x100p",WERHE,0.50,rule_new
"WERHE ® 20,2x35x257 Professional Erdnageleintreiber Pfosten Driver Treiber HEX Meißel Bit für Demolition Jackhammer Breaker","6PO20,2x257h30",WERHE,0.80,review
"WERHE ® 20.2x35x257 Profesjonalny wbijak do gwoździ, wbijak do słupów, przecinak HEX do młotów wyburzeniowych.","6PO20,2x257h30",WERHE,0.80,review
"WERHE® Professional HEX28 Ø20,2mm 28x260mm wbijak do gwoździ uziemiających - wbijak młotkowy do gwoździ wbijak do gwoździ","6PO20,2x260h28",WERHE,0.50,rule_new
WERHE ® 20.2x28x145 Profesjonalny wkrętak do gwoździ Jack Hammer - Wkrętak do gwoździarki SDS Max,"6PO20,2x28x145m",WERHE,0.80,review
"WERHE ® 20,2x28x65 Profesjonalny młot udarowy z gwoździarką - gwoździarka SDS Plus","6PO20,2x28x65p",WERHE,0.80,review
"Pobijak 25,5x35x260mm HEX28","6PO25,5h28",,1.00,apilo
"Pobijak 25,5mm HEX30","6PO25,5h30",,1.00,apilo
"WERHE® 25,5x35x260 mm Professional Erdnageleintreiber zum Einstecken von Tiefenerder Erder Erdung Staberder - Jack Hammer Picket Pfosten Driver Treiber Hex 30mm","6PO25,5h30",WERHE,0.90,rule
"WERHE® Professional HEX30 Erdnageleintreiber zum Einstecken von Tiefenerder Erder Erdung Staberder – Innen durchmesser Ø 25,5 mm 257x35 mm – Jack Hammer Picket Pfosten Driver Treiber","6PO25,5h30",WERHE,0.90,rule
"Pobijak 25,5mm SDS Max","6PO25,5m",,1.00,apilo
"WERHE® 25,5x35,5x160 mm Professional Erdnageleintreiber zum Einstecken von Tiefenerder Erder Erdung Staberder - Jack Hammer Picket Pfosten Driver Treiber SDS Max","6PO25,5m",WERHE,0.90,rule
"WERHE® Profesjonalny wkrętak do gwoździ 25,5 x 35,5 x 160 mm do wbijania prętów do gruntów głębinowych - Jack Hammer Picket Post Driver Driver SDS Max","6PO25,5m",WERHE,0.80,rule
"WERHE® Professional SDS Max Erdnageleintreiber zum Einstecken von Tiefenerder Erder Erdung Staberder – Innen durchmesser Ø 25,5 mm 162x35,5 mm – Jack Hammer Picket Pfosten Driver Treiber","6PO25,5m",WERHE,0.90,rule
"Pobijak do uziomów 25,5mm SDS Plus","6PO25,5p",,1.00,apilo
"WERHE pobijak do uziomów SDS Plus, Ø 25,5 mm, do prętów uziemiających, stal","6PO25,5p",WERHE,0.95,rule
"WERHE® 25,5x35,5x100 mm Professional Erdnageleintreiber zum Einstecken von Tiefenerder Erder Erdung Staberder - Jack Hammer Picket Pfosten Driver Treiber SDS Plus","6PO25,5p",WERHE,0.90,rule
"WERHE® Profesjonalny wkrętak do gwoździ 25,5 x 35,5 x 100 mm do wbijania prętów do gruntów głębinowych - Jack Hammer Picket Post Driver Driver SDS Plus","6PO25,5p",WERHE,0.80,rule
"WERHE® Professional SDS Plus Erdnageleintreiber zum Einstecken von Tiefenerder Erder Erdung Staberder – Innen durchmesser Ø 25,5 mm 100x35,5 mm – Jack Hammer Picket Pfosten Driver Treiber","6PO25,5p",WERHE,0.90,rule
"WERHE® Professional HEX28 Ø25,5mm 35x260mm gwoździarka do wbijania gwoździ uziemiających uziomy prętowe uziomy prętowe - młotek podnośnikowy wbijak gwoździarka do gwoździ uziemiających","6PO25,5x260h28",WERHE,0.50,rule_new
"WERHE® 25,5x35x260 mm profesjonalny wkrętak do gwoździ szlifowanych do wbijania prętów do głębokiego uziemienia - młotek pneumatyczny wkrętarka słupkowa sześciokątna 30 mm","6PO25,5x260h30",WERHE,0.80,review
"Pobijak 32,5mm HEX30","6PO32,5h30",,1.00,apilo
"WERHE pobijak do uziomów HEX30 Ø wewnętrzna 32,5 mm","6PO32,5h30",WERHE,0.95,rule
"WERHE® 32,5x42x260 mm Professional Erdnageleintreiber zum Einstecken von Tiefenerder Erder Erdung Staberder - Jack Hammer Picket Pfosten Driver Treiber Hex 30mm","6PO32,5h30",WERHE,0.90,rule
"WERHE® 32,5x42x260 mm profesjonalny wkrętak do gwoździ szlifowanych do wbijania prętów do głębokiego uziemienia - młotek pneumatyczny wkrętarka słupkowa sześciokątna 30 mm","6PO32,5h30",WERHE,0.80,review
"WERHE® Professional HEX30 Erdnageleintreiber zum Einstecken von Tiefenerder Erder Erdung Staberder – Innen durchmesser Ø 32,5 mm 257x42 mm – Jack Hammer Picket Pfosten Driver Treiber","6PO32,5h30",WERHE,0.90,rule
"Pobijak 32,5 SDS Max","6PO32,5m",,1.00,apilo
"WERHE pobijak do uziomów SDS Max Ø 32,5 mm, do prętów uziemiających","6PO32,5m",WERHE,0.95,rule
"WERHE® 32,5 x 45 x 160 mm profesjonalny wkrętak do gwoździ szlifowanych do wbijania prętów do głębokiego uziemienia, prętów uziemiających - Jack Hammer Picket Post Driver Driver SDS Max","6PO32,5m",WERHE,0.80,rule
"WERHE® 32,5x45x160 mm Professional Erdnageleintreiber zum Einstecken von Tiefenerder Erder Erdung Staberder - Jack Hammer Picket Pfosten Driver Treiber SDS Max","6PO32,5m",WERHE,0.90,rule
"WERHE® Professional SDS Max Erdnageleintreiber zum Einstecken von Tiefenerder Erder Erdung Staberder – Innen durchmesser Ø 32,5 mm 162x45 mm – Jack Hammer Picket Pfosten Driver Treiber","6PO32,5m",WERHE,0.90,rule
"Pobijak do uziomów 32,5mm SDS Plus","6PO32,5p",,1.00,apilo
"WERHE pobijak do uziomów SDS Plus, 32,5 mm, do prętów uziemiających, stal","6PO32,5p",WERHE,0.95,rule
"WERHE® 32,5x45x100 mm Professional Erdnageleintreiber zum Einstecken von Tiefenerder Erder Erdung Staberder - Jack Hammer Picket Pfosten Driver Treiber SDS Plus","6PO32,5p",WERHE,0.90,rule
"WERHE® Profesjonalny wkrętak do gwoździ 32,5 x 45 x 100 mm do wbijania prętów do gruntów głębinowych - Jack Hammer Picket Post Driver Driver SDS Plus","6PO32,5p",WERHE,0.80,rule
"WERHE® Professional SDS Plus Erdnageleintreiber zum Einstecken von Tiefenerder Erder Erdung Staberder – Innen durchmesser Ø 32,5 mm 100x45 mm – Jack Hammer Picket Pfosten Driver Treiber","6PO32,5p",WERHE,0.90,rule
"WERHE® Profesjonalny wbijak do gwoździ uziemiających HEX28 Ø32,5mm 45x260mm do wbijania elektrod uziemiających Elektrody uziemiające - wbijak młotkowy wbijak sztyftowy wbijak sztyftowy","6PO32,5x260h28",WERHE,0.50,rule_new
Pobijak 50mm hex30,6PO50x220h30,,1.00,apilo
WERHE ® 65 A 50 x 70 x 220 Jack Hammer Star Picket Post Driver Bit do rozbiórki młota pneumatycznego,6PO50x220h30,WERHE,0.80,review
WERHE ® 65 A 50x70x220 Jack Hammer Star Picket Pfosten Driver Treiber Meißel Bit für Demolition Jackhammer Breaker,6PO50x220h30,WERHE,0.80,review
Wbijak do pali 50x70x220mm HEX30,6PO50x220h30,,1.00,apilo
Pobijak SDS Max 50x70x220 mm,6PO50x220m,,1.00,apilo
WERHE pobijak do słupków SDS Max 50 mm do Star Pickets i słupków,6PO50x220m,WERHE,0.80,review
WERHE® SDS Max 50 mm – Do szybkiego wbijania palików Star-Pitch młotem wyburzeniowym – Wytrzymała konstrukcja ze stali chromowo-wanadowej,6PO50x220m,WERHE,0.90,rule
Werhe SDS Max 50 mm – Wytrzymały wkrętak ze stali chromowo-wanadowej do pali i słupków – Kompatybilny z młotami wyburzeniowymi dla profesjonalistów i majsterkowiczów,6PO50x220m,WERHE,0.90,review
WERHE® 50x70x210 Jack Hammer Star Picket Pfosten Driver Treiber Meißel Bit für Demolition SDS Max hammer Breaker,6PO50x70m,WERHE,0.50,rule_new
WERHE® 55x70x220 Młot udarowy gwiazdkowy do wbijania słupków z dłutem do wyburzeń Młot udarowy SDS Max,6PO55x200m,WERHE,0.80,review
WERHE® 55x75x210 Jack Hammer Star Picket Pfosten Driver Treiber Meißel Bit für Demolition SDS Max hammer Breaker,6PO55x200m,WERHE,0.95,rule
WERHE® 55x75x210 Jack Hammer Star Picket Post Driver Driver Dłuto do wyburzeń SDS Max młot udarowy,6PO55x200m,WERHE,0.95,rule
WERHE® SDS Max 55 mm wbijak do słupków – Do szybkiego wbijania palików Star-Pitch młotem wyburzeniowym – Wytrzymała konstrukcja ze stali chromowo-wanadowej,6PO55x200m,WERHE,0.90,rule
Wbijak do pali 55x75x220mm SDS Max,6PO55x200m,,1.00,apilo
"WERHE pobijak do uziomów HEX28, Ø 55 mm, długość 260 mm",6PO55x260h28,WERHE,0.50,rule_new
WERHE® Professional HEX28 Ø55mm 70x260mm gwoździarka do wbijania gwoździ uziemiających - wbijak młotkowy do gwoździ wbijakowych,6PO55x260h28,WERHE,0.50,rule_new
Wbijak do pali 55x70x260mm HEX28,6PO55x260h28,,1.00,apilo
"WERHE pobijak do pali HEX30, Ø 65 mm, do pali i rur, budowa ogrodzeń",6PO65x235h30,WERHE,0.90,rule
WERHE ® 65 A 65x80x235mm Młot udarowy gwiazdkowy do młotów wyburzeniowych Dłuto do młotów wyburzeniowych,6PO65x235h30,WERHE,0.80,review
Wbijak do pali 65x80x235 HEX30,6PO65x235h30,,1.00,apilo
WERHE® 65x85x210 Młot udarowy z głowicą gwiazdową do młotów wyburzeniowych SDS Max Młotowiertarka,6PO65x235m,WERHE,0.80,review
WERHE® SDS Max 65 mm wbijak do słupków – Do szybkiego wbijania palików Star-Pitch młotem wyburzeniowym – Wytrzymała konstrukcja ze stali chromowo-wanadowej,6PO65x235m,WERHE,0.80,review
Wbijak do pali 65x85x220 Max,6PO65x235m,,1.00,apilo
"WERHE pobijak do słupków HEX30, Ø 70 mm, do młota wyburzeniowego, pale",6PO70h30,WERHE,0.50,rule_new
WERHE ® 66 A 85x105x234 Jack Hammer Star Picket Pfosten Driver Treiber Meißel Bit für Demolition Jackhammer Breaker,6PO85x234h30,WERHE,0.80,review
WERHE® 66 A 85x105x234 Jack młotek gwiazda picket post driver dłuto do rozbiórki jackhammer wyłącznik automatyczny,6PO85x234h30,WERHE,0.80,review
Wbijak do pali 85x105x234 mm HEX30,6PO85x234h30,,1.00,apilo
"WERHE pobijak do słupków SDS Max, Ø 85 mm, do Star Pickets",6PO85x234m,WERHE,0.90,rule
WERHE® 85x105x234 Jack Hammer Star Picket Pfosten Driver Treiber Meißel Bit für Demolition SDS Max hammer Breaker,6PO85x234m,WERHE,0.95,rule
WERHE® 85x105x234 Jack Hammer Star Picket Post Driver Bit dłuta do rozbiórki SDS Max hammer Breaker,6PO85x234m,WERHE,0.95,rule
WERHE® SDS Max 85 mm – Do szybkiego wbijania palików Star-Pitch młotem wyburzeniowym – Wytrzymała konstrukcja ze stali chromowo-wanadowej,6PO85x234m,WERHE,0.80,review
Wbijak do pali 85x105x234mm SDS Max,6PO85x234m,,1.00,apilo
"WERHE pobijak do uziomów HEX28, 85 mm, do słupków i prętów uziemiających",6PO85x260h28,WERHE,0.80,review
WERHE® Professional HEX28 Ø85mm 100x260mm wbijak do gwoździ uziemiających Elektrody uziemiające - Młotek udarowy Wbijak do gwoździ uziemiających,6PO85x260h28,WERHE,0.50,rule_new
Wbijak do pali 85x100x260mm HEX28,6PO85x260h28,,1.00,apilo
"WERHE® młot do palowania HEX30 Ø95mm – Solidny zbijak do budowy ogrodzeń i instalacji solarnych – Łącznik HEX30, 110x250mm",6PO95x250h30,WERHE,0.80,review
"WERHE pobijak do uziomów HEX30, do prętów uziemiających",6POh30,WERHE,0.50,rule_new
WERHE pobijak do uziomów do uziomów głębinowych SDS Max,6POm,WERHE,0.50,rule_new
Młotek Gumowy SDS MAX,6POmg,,1.00,apilo
WERHE Alésage professionnel approprié pour la perceuse marteau perforateur SDS max,6POmg,WERHE,0.90,rule
"WERHE® Młotek gumowy SDS Max do młota udarowego o średnicy ⌀36 mm – gumowy bijak idealny do prac przy blachach, kostce brukowej, palach",6POmg,WERHE,0.70,rule
Młotek Gumowy SDS PLUS,6POpg,,1.00,apilo
WERHE Professional SDS Plus Adaptateur pour M14 interne,6POpg,WERHE,0.90,rule
WERHE ® SDS Plus Lot de 5 forets à béton 6/8/10/12/14 x 210 mm,6POpg,WERHE,0.70,rule
"WERHE® Gumowy młotek SDS Plus do młotowiertarki o średnicy ⌀ 36 mm - gumowy młotek idealny do obróbki blachy, kostki brukowej, pali",6POpg,WERHE,0.70,rule
"WERHE® SDS Plus Gummihammer für bohrhammer mit ⌀ 36mm durchmesser – Gummi Fäustel ideal für Arbeiten an Blechen, Pflastersteine, Pfähle",6POpg,WERHE,0.70,rule
WERKON Profi Adaptateur pour perceuse de Sol adapté à la perceuse SDS Plus perceuse sans Fil Tournevis Tournevis sans Fil,6POpg,WERKON,0.90,rule
WERHE Ubijak podłogowy ze stali Ø250 mm HEX30 – okrągła płyta ubijająca do zagęszczania podłoża – przygotowanie powierzchni – ubijak do betonu – narzędzie do młotów wyburzeniowych,6U250h30,WERHE,0.50,rule_new
Ubijaczka Czarna Hex 250x200mm HEX30,"6U6,6h30",,1.00,apilo
"WERHE płyta ubijająca do młotów elektrycznych, 30 mm sześciokąt, 26 cm","6U6,6h30",WERHE,0.80,review
Ubijaczka Srebrna Hex 150x150mm HEX30,"6U8,6h30",,1.00,apilo
"WERHE płyta ubijająca HEX30 do młota wyburzeniowego, 150x150 mm","6U8,6h30",WERHE,0.80,review
Ubijaczka okrągła 250mm HEX30,"6U9,9h30",,1.00,apilo
WERHE ® Jack Hammer Compactor Anti Shock Hex Spline Rammer Tamping Shaft Plate Tamper Packer Beton Landscaper Builder Narzędzia do robót ziemnych do rozbiórki młota pneumatycznego,6Uh30,WERHE,0.80,review
WERHE ® Jack Hammer Verdichter Anti Schock Hex Spline Stampferplatte Tampingwelle Shaft Platte Tamper,6Uh30,WERHE,0.80,review
WERHE ® Jack Hammer Verdichter Anti Schock Hex Spline Stampferplatte Tampingwelle Shaft Platte Tamper Packer Beton Landschaftsbauer Bauherr Grundlegung Werkzeuge für Demolition Jackhammer Breaker,6Uh30,WERHE,0.80,review
"WERHE ® Professional – 5 x Wood & Metal Jigsaw Blades – 200mm S1022VFN Extra Durable - Quick Palette and Plastic Nail Foxtail Saw Leaf Cutting - Compatible with Bosch, Makita Jigsaws",7NS1022VFN,WERHE,0.70,agent
WERHE ® Profi – 5 x Holz & Metal Stichsägeblätt – C 200mm S1022VFN Extra Robust – Schnelle Palette und Kunststoff Nagelschneiden Fuchsschwanz,7NS1022VFN,WERHE,0.70,agent
"WERHE ® Profesjonalny brzeszczot do piły szablastej do kamienia - C 305 mm S1243HM najmocniejszy brzeszczot do lisa – idealny do nacinania na ścianie w cegle, gazobetonie, drewnie – kompatybilny z",7NS1243HM,WERHE,0.80,agent
"WERHE ® Profi - 1 x Stein Säbelsägeblatt - C 305 mm S1243HM Stärkste Fuchsschwanz Sägeblatter - Perfekt um Wand Einschneiden in Ziegelstein, Gasbeton, Holz - Kompatibel mit Dewalt, Bosch Sägen",7NS1243HM,WERHE,0.80,agent
Brzeszczot do piły szablastej S1531L Do drewna i Gałęzi,7NS1531L,,1.00,apilo
"WERHE ® Profesjonalna – 5 x brzeszczoty do piły szablastej do drewna i gałęzi – C 240 mm S1531L bardzo długie – wysokiej jakości stal HCS – szybkie cięcie grubych warstw – kompatybilne z Bosch, Makita lisi ogon",7NS1531L,WERHE,0.85,agent
WERHE ® Profesjonalne 5 x brzeszczoty do piły szablastej do drewna i gałęzi – C 240 mm S1531L – bardzo długie – wysokiej jakości stal HCS – szybkie cięcie grubych warstw,7NS1531L,WERHE,0.85,agent
"WERHE ® Profi – 5 x Holz & Äste Säbelsägeblätter – C 240mm S1531L Extra Lang – Hochwertiges HCS Stahl – Schnelles Schneiden dicker Schichten – Kompatibel mit Bosch, Makita Fuchsschwanz",7NS1531L,WERHE,0.85,agent
"WERHE ® Profi - 1 x Stein Säbelsägeblatt - C 240 mm S1543HM Stärkste Fuchsschwanz Sägeblatter - Perfekt um Wand Einschneiden in Ziegelstein, Gasbeton, Holz - Kompatibel mit Dewalt, Bosch Sägen",7NS1543HM,WERHE,0.80,agent
"WERHE brzeszczot do piły szablastej do cegły, węglik spiekany, 305 mm",7NS305,WERHE,0.50,rule_new
"WERHE® Brzeszczoty do piły szablastej długość 305 mm 8TPI - brzeszczot z węglików spiekanych - do cięcia żeliwa, stali stopowej, grubego metalu",7NS305,WERHE,0.50,rule_new
"WERHE ® Professional – 5 x drewno i metal ostrza do wyrzynarki – 200 mm S1022VFN bardzo trwałe – szybkie paleta i plastikowe piły do piły do paznokci – kompatybilne z wyrzynarkami Bosch, Makita",7NSS1022VFNn5,WERHE,0.80,review
"WERHE ® Profi – 1 x kamienny brzeszczot do piły szablastycznej – C 240 mm S1543HM najmocniejszy brzeszczot w lisie ogon – idealny do cięcia na ścianie w cegle, gazbetonie, drewnie – kompatybilny z Dewalt, piłami Bosch",7NSS1543HM,WERHE,0.80,review
"WERHE Profesjonalny brzeszczot do piły szablastej do kamienia - C 455 mm S2243HM najmocniejszy brzeszczot do lisa – idealnie nadaje się do nacinania na ścianie w cegle, gazobetonie, drewnie",7NSS2243HM,WERHE,0.50,rule_new
"WERHE ® Profesjonalny brzeszczot do piły szablastej do kamienia - C 455 mm S2243HM najmocniejszy brzeszczot do lisa – idealnie nadaje się do nacinania na ścianie w cegle, gazobetonie, drewnie –",7NSS2243HM,WERHE,0.50,rule_new
"WERHE ® Profesjonalny brzeszczot do piły szablastej do kamienia C 455 mm S2243HM – najmocniejszy brzeszczot do lisa – idealnie nadaje się do nacinania na ścianie w cegle, gazobetonie, drewnie",7NSS2243HM,WERHE,0.50,rule_new
"WERHE ® Profi - 1 x Stein Säbelsägeblatt - C 455 mm S2243HM Stärkste Fuchsschwanz Sägeblatter - Perfekt um Wand Einschneiden in Ziegelstein, Gasbeton, Holz - Kompatibel mit Dewalt, Bosch Sägen",7NSS2243HMn1,WERHE,0.50,rule_new
WERHE® Sägeblattsatz 5tlg S1022VFN/S1531L/S1543HM Metall/Holz/Matrize,7NSZestn5,WERHE,0.80,review
WERHE® Zestaw brzeszczotów 5 cz. S1022VFN/S1531L/S1543HM metal/drewno/matryca,7NSZestn5,WERHE,0.80,review
"WERHE ® Profi – 5 x Holz Stichsägeblätt – C 100mm T101B Fein – Schnelles Schneiden dicker Schichten – Kompatibel mit Bosch, Metabo, Milwaukee, Makita Stichsägen",7NT101B,WERHE,0.80,agent
5 x Profi Stichsägeblatt 100 mm T-Schaft T101D Holz Stichsägeblätter,7NT101D,WERKON,0.70,agent
"WERHE ® Profi – 5 x Holz Stichsägeblätt – C 100mm T101D Extra Lang – Schnelles Schneiden dicker Schichten – Kompatibel mit Bosch, Metabo, Milwaukee, Makita Stichsägen",7NT101D,WERHE,0.80,agent
Nożyki T1044D,7NT1044D,,1.00,apilo
"WERHE 2 x brzeszczoty do wyrzynarki do drewna 250 mm T1044D Jumbo długie – szybkie cięcie grubych warstw – kompatybilne z wyrzynarkami Bosch, Makita",7NT1044D,WERHE,0.80,agent
"WERHE Profesjonalny brzeszczot do wyrzynarki do drewna, C 250 mm, T1044D Jumbo podłużny, szybkie cięcie grubych warstw, kompatybilne z wyrzynarkami Bosch, Metabo, Milwaukee, Makita",7NT1044D,WERHE,0.75,agent
"WERHE ® Profesjonalne - 2 x drewniane ostrza do wyrzynarki - C 250 mm T1044D Jumbo Long - Szybkie cięcie grubych warstw - kompatybilne z wyrzynarkami Bosch, Metabo, Milwaukee, Makita",7NT1044D,WERHE,0.80,review
"WERHE ® Profesjonalne - 2 x drewniane ostrza do wyrzynarki - C 250 mm T1044D Jumbo Long - szybkie cięcie grubych warstw - kompatybilne z wyrzynarkami Bosch, Metabo, Milwaukee, Makita",7NT1044D,WERHE,0.80,review
"WERHE ® Professional - 2 x Wood Jigsaw Blades - C 250mm T1044D Jumbo Long - Fast Cutting Thick Layers - Compatible with Bosch, Metabo, Milwaukee, Makita Jigsaws",7NT1044D,WERHE,0.80,agent
"WERHE ® Profi – 2 x Holz Stichsägeblätt – C 250mm T1044D Jumbo Lang – Schnelles Schneiden dicker Schichten – Kompatibel mit Bosch, Metabo, Milwaukee, Makita Stichsägen",7NT1044D,WERHE,0.80,agent
WERHE® Brzeszczot do wyrzynarki T118A 5 szt. do cięcia metalu - do precyzyjnego cięcia cienkich blach (1-3 mm) - brzeszczot do metalu do wyrzynarki z uchwytem w kształcie litery T,7NT118A,WERHE,0.80,agent
"T118AHM WERHE® brzeszczot do wyrzynarki do cięcia metalu - do precyzyjnego cięcia cienkich blach (1,6-3,2mm) - brzeszczot do wyrzynarki",7NT118AHM,WERHE,0.70,agent
"WERHE® Zestaw 5 brzeszczotów WERHE® T118A do wyrzynarki – Precyzyjne cięcie cienkich blach (1-3 mm) – Brzeszczot HSS do metalu z trzpieniem T, trwały i wszechstronny",7NT118An5,WERHE,0.80,review
"WERHE Brzeszczoty do wyrzynarki T118B HSS – do grubych blach 2,5–6,0 mm – czyste cięcia metalu bez gratu – 5-pak – trzpień T, 92 mm, podziałka zęba 2,0 mm",7NT118B,WERHE,0.80,agent
"WERHE® Brzeszczot do wyrzynarki T118G 5 szt. do cięcia metalu - do precyzyjnego cięcia bardzo cienkich blach, płyt (0.5-1.5 mm) - brzeszczot do metalu do wyrzynarki z uchwytem w kształcie litery T",7NT118G,WERHE,0.80,agent
"WERHE Brzeszczoty do wyrzynarki T119A HCS – do czystych cięć prostych w drewnie 1,5–15 mm – drobna podziałka 1,2 mm, mało wyrwań – 5-pak – trzpień T, 76 mm",7NT119A,WERHE,0.80,agent
"WERHE Brzeszczoty do wyrzynarki T119B HCS – do czystych cięć prostych w drewnie do 15 mm – 5-pak – trzpień T, 76 mm, podziałka 2,0 mm",7NT119B,WERHE,0.80,agent
Nożyk T119BO,7NT119BO,,1.00,apilo
"WERHE® Brzeszczot do wyrzynarki do drewna T119BO – do cięcia krzywizn, miękkie drewno (2-15 mm), brzeszczoty do wyrzynarki z uchwytem T – akcesoria do wyrzynarki",7NT119BO,WERHE,0.80,agent
WERHE® Brzeszczot do wyrzynarki T127D 5 szt. do cięcia metalu - do precyzyjnego cięcia aluminiowych blach (3-15 mm) - brzeszczot do metalu do wyrzynarki z uchwytem w kształcie litery T,7NT127D,WERHE,0.80,agent
Nożyki T218A,7NT218A,,1.00,apilo
WERHE® Brzeszczot do wyrzynarki T218A 5 szt. do cięcia metalu - do cięcia po łukach cienkich blach (1-3 mm) - brzeszczot do metalu do wyrzynarki z uchwytem w kształcie litery T,7NT218A,WERHE,0.85,agent
"WERHE® Brzeszczot do wyrzynarki T218A, opakowanie 5 szt. – Precyzyjne brzeszczoty do metalu do cięcia po łuku cienkich blach (1-3 mm)",7NT218A,WERHE,0.85,agent
Nożyki T225B,7NT225B,,1.00,apilo
"WERHE Profesjonalny brzeszczot do wyrzynarki do drewna, C 250 mm, T225B, smukły, długi, szeroki, grubszy warstw, kompatybilny z wyrzynarkami Bosch, Metabo, Milwaukee, Makita",7NT225B,WERHE,0.75,agent
"WERHE ® Profi – 2 x Holz Stichsägeblätt – C 250mm T225B Schlank lang – Weit Leben dicker Schichten – Kompatibel mit Bosch, Metabo, Milwaukee, Makita Stichsägen",7NT225B,WERHE,0.80,agent
"WERHE ® Profesjonalne - 2 x drewniane ostrza do wyrzynarki - C 250 mm T225B Slim Long - Gruba warstwa o dużej żywotności - kompatybilna z wyrzynarkami Bosch, Metabo, Milwaukee, Makita",7NT225Bn2,WERHE,0.80,review
WERHE® Brzeszczot do wyrzynarek do cięcia drewna 2379/1 - do giętych cięć w laminacie i płytach wiórowych - brzeszczoty do pił do wyrzynarek z uchwytem T - akcesoria do wyrzynarek,7NT2379,WERHE,0.80,review
Nożyki 2379-1,7NT2379/2,,1.00,apilo
Nożyki 2379,7NT2379/3,,1.00,apilo
WERHE® brzeszczot do wyrzynarki drewno 2379 - do precyzyjnego cięcia w laminacie i płytach wiórowych - brzeszczoty do wyrzynarek z uchwytem osi T - akcesoria do wyrzynarek,7NT2379/3,WERHE,0.70,agent
Nożyki 2379/5,7NT2379/5,,1.00,apilo
WERHE® Brzeszczot do wyrzynarki drewno 2379-5 - do giętego i precyzyjnego cięcia w laminacie i płytach wiórowych - brzeszczoty do wyrzynarek z uchwytem na oś T - akcesoria do wyrzynarek,7NT2379/5,WERHE,0.75,agent
WERHE® Brzeszczot do wyrzynarki T318BF 5 szt. do cięcia metalu - do precyzyjnego cięcia średnich i grubych blach (2.5-6 mm) - brzeszczot do metalu do wyrzynarki z uchwytem w kształcie litery T,7NT318BF,WERHE,0.80,agent
Nożyki do wyrzynarki T344CB,7NT344CB,,1.00,apilo
"WERHE brzeszczoty do wyrzynarki T344CB, chwyt typu T, 116 mm",7NT344CB,WERHE,0.80,agent
"WERHE ® Profi – 2 x Holz Doppelseitig Stichsägeblätt – C 116mm T344CB – Verschiedenen Formen schnelles enge Schneiden sauber Schichten – Für Ehrgeizig Künstler, Konstrukteur, Ingenieure",7NT344CB,WERHE,0.80,agent
"WERHE Profesjonalne - 2 x drewniane dwustronne ostrza do wyrzynarki - C 116 mm T344CB - różne kształty, szybkie, ciasne cięcie, czyste warstwy - dla ambitnych artystów, projektantów, inżynierów",7NT344CBn2,WERHE,0.80,review
"WERHE ® Profesjonalne - 2 x drewniane dwustronne ostrza do wyrzynarki - C 116 mm T344CB - różne kształty szybkie ciasne cięcie czyste warstwy - dla ambitnych artystów, projektantów, inżynierów",7NT344CBn2,WERHE,0.80,review
Nożyki T344D,7NT344D,,1.00,apilo
"WERHE ® Professional - 5 x drewniane ostrza do wyrzynarki - C 132 mm T344D długi - szybkie cięcie grube warstwy - kompatybilne z wyrzynarkami Bosch, Metabo, Milwaukee, Makita",7NT344D,WERHE,0.80,review
"WERHE ® Professionnel - 5 x Lames de puzzle en bois - C 132mm T344D Long - Couches épaisses de coupe rapide - Compatible avec Bosch, Metabo, Milwaukee, Makita puzzles",7NT344D,WERHE,0.80,review
"WERHE ® Profi – 5 x Holz Stichsägeblätt – C 132mm T344D Lang – Schnelles Schneiden dicker Schichten – Kompatibel mit Bosch, Metabo, Milwaukee, Makita Stichsägen",7NT344D,WERHE,0.80,agent
WERKON 5 x WERKON Stichsägeblatt 152 mm T-Schaft T344D Extra Lang Holz Stichsägeblätter,7NT344D,WERKON,0.80,agent
WERKON 5 x brzeszczot do wyrzynarki WERKON 152 mm trzpień T T344D ekstra długie brzeszczoty do wyrzynarki,7NT344D,WERKON,0.80,agent
Nożyki T544D,7NT544D,,1.00,apilo
"WERHE brzeszczoty do wyrzynarki T544D, HCS, 152 mm, do drewna, chwyt typu T",7NT544D,WERHE,0.75,agent
"WERHE ® Profesjonalne - 5 x brzeszczoty do wyrzynarki do drewna - C 152 mm T544D bardzo długie - szybkie cięcie grubych warstw - kompatybilne z wyrzynarkami Bosch, Metabo, Milwaukee, Makita",7NT544D,WERHE,0.85,agent
"WERHE ® Profesjonalne, 5 x drewniane brzeszczoty do wyrzynarki - C 152 mm T544D bardzo długie - szybkie cięcie grube warstwy - kompatybilne z wyrzynarkami Bosch, Metabo, Milwaukee, Makita",7NT544D,WERHE,0.85,agent
"WERHE ® Profi – 5 x Holz Stichsägeblätt – C 152mm T544D Extra Lang – Schnelles Schneiden dicker Schichten – Kompatibel mit Bosch, Metabo, Milwaukee, Makita Stichsägen",7NT544D,WERHE,0.85,agent
"WERHE ® Profi – 10 x Holz Stichsägeblätt – C 152mm T544D Extra Lang – Schnelles Schneiden dicker Schichten – Kompatibel mit Bosh, Metabo, Makita Stichsägen",7NT544D10,WERHE,0.80,agent
"WERHE ® Professional - 10 x drewniane ostrza do wyrzynarki - C 152 mm T544D bardzo długi - szybkie cięcie grube warstwy - kompatybilne z wyrzynarkami Bosch, Metabo, Milwaukee, Makita",7NT544Dn10,WERHE,0.80,review
"WERHE ® Profesjonalne - 5 x drewniane ostrza do wyrzynarki, C 152 mm, T544D, bardzo długie, szybkie cięcie, grube warstwy, kompatybilne z wyrzynarkami Bosch, Metabo, Milwaukee, Makita",7NT544Dn5,WERHE,0.80,review
"WERHE ® Professionnel - 5 x Lames de puzzle en bois - C 152mm T544D Supplémentaire long - Couches épaisses de coupe rapide - Compatible avec Bosch, Metabo, Milwaukee, Makita puzzles",7NT544Dn5,WERHE,0.80,review
Nożyki T718GF,7NT718GF,,1.00,apilo
WERHE ® Professional - 2 x Metal Jigsaw Blades - C185 180mm T718GF Extra Long - Fast Cutting Hard Work Endurance - for Ambitious Artists,7NT718GF,WERHE,0.80,agent
WERHE ® Profi – 2 x Metal Stichsägeblätt – C185 180mm T718GF Extra Lang – Schnelles Schneiden harte Arbeitsausdauer – Für Ehrgeizig Künstler,7NT718GF,WERHE,0.80,agent
WERHE ® Professional – 2 x metalowe ostrza do wyrzynarki – C185 180 mm T718GF bardzo długie – szybkie cięcie ciężkiej pracy – dla ambitnych artystów,7NT718GFn2,WERHE,0.80,review
Nożyki T744D,7NT744D,,1.00,apilo
Pack of 5 Jig Saw Blade 180 mm T Shank T744D Extra Long Wood Jigsaw Blade,7NT744D,WERKON,0.75,agent
"WERHE Profesjonalne brzeszczoty do wyrzynarki T744D zestaw 5 sztuk, 180 mm, bardzo długie ostrza do precyzyjnego cięcia drewna, kompatybilne z wyrzynarkami Bosch, METABO, MAKITA i chwytem T",7NT744D,WERHE,0.85,agent
"WERHE Profesjonalny brzeszczot do wyrzynarki do drewna, C 180 mm, T744D, ekstra długie, szybkie cięcie grubych warstw, kompatybilne z wyrzynarkami Bosh, Metabo, Makita",7NT744D,WERHE,0.75,agent
"WERHE Zestaw 5 brzeszczotów do wyrzynarek Professional T744D 180 mm – Bardzo długie brzeszczoty do precyzyjnych cięć w drewnie, kompatybilne z wyrzynarkami BOSCH, METABO, MAKITA oraz z chwytem T.",7NT744D,WERHE,0.80,review
"WERHE brzeszczoty do wyrzynarki T744D, 180 mm, HCS, zestaw 5 szt.",7NT744D,WERHE,0.85,agent
"WERHE ® Profesjonalne - 5 x brzeszczoty do wyrzynarki do drewna - C 180 mm T744D bardzo długie - szybkie cięcie grubych warstw - kompatybilne z wyrzynarkami Bosch, Metabo, Milwaukee, Makita",7NT744D,WERHE,0.85,agent
"WERHE ® Professional - 5 x Wood Jigsaw Blades - C 180mm T744D Extra Long - Fast Cutting thick layers - Compatible with Bosch, Metabo, Milwaukee, Makita Jigsaws",7NT744D,WERHE,0.85,agent
"WERHE ® Profi – 5 x Holz Stichsägeblätt – C 180mm T744D Extra Lang – Schnelles Schneiden dicker Schichten – Kompatibel mit Bosch, Metabo, Milwaukee, Makita Stichsägen",7NT744D,WERHE,0.85,agent
WERKON 5 x Stichsägeblatt 180 mm T-Schaft T744D Extra Lang Holz Stichsägeblätter,7NT744D,WERKON,0.85,agent
WERKON 5 x brzeszczot do wyrzynarki 180 mm trzpień T T744D bardzo długie brzeszczoty do wyrzynarki do drewna,7NT744D,WERKON,0.85,agent
"WERKON Zestaw 5 brzeszczotów do wyrzynarek Professional T744D 180 mm – Bardzo długie brzeszczoty do precyzyjnych cięć w drewnie, kompatybilne z wyrzynarkami BOSCH, METABO, MAKITA oraz z chwytem T.",7NT744D,WERKON,0.80,review
"WERKON brzeszczoty do wyrzynarki T744D, HCS, 180 mm, do Bosch, Metabo",7NT744D,WERKON,0.70,agent
"WERHE Zestaw 10 brzeszczotów do wyrzynarki Professional T744D 180 mm – Bardzo długie brzeszczoty do precyzyjnych cięć w drewnie, kompatybilne z wyrzynarkami BOSCH, METABO, MAKITA oraz z chwytem T.",7NT744D10,WERHE,0.85,agent
WERHE brzeszczoty do wyrzynarki T744D 10-częściowy 180 mm,7NT744D10,WERHE,0.85,agent
"WERHE ® Profi – 10 x Holz Stichsägeblätt – C 180mm T744D Extra Lang – Schnelles Schneiden dicker Schichten – Kompatibel mit Bosh, Metabo, Makita Stichsägen",7NT744D10,WERHE,0.85,agent
WERKON 10 x Profi Stichsägeblatt 180 mm T-Schaft T744D Extra Lang Holz Stichsägeblätter,7NT744D10,WERKON,0.85,agent
WERKON 10 x profesjonalny brzeszczot do wyrzynarki 180 mm trzonek T T744D ekstra długi brzeszczoty do drewna,7NT744D10,WERKON,0.85,agent
"WERKON Zestaw 10 brzeszczotów do wyrzynarki Professional T744D 180 mm – Bardzo długie brzeszczoty do precyzyjnych cięć w drewnie, kompatybilne z wyrzynarkami BOSCH, METABO, MAKITA oraz z chwytem T.",7NT744D10,WERKON,0.85,agent
"WERKON brzeszczoty do wyrzynarki T744D, 180 mm, HCS stal, zestaw 10 szt.",7NT744D10,WERKON,0.85,agent
Nożyki T744D 2op,7NT744D2op,unknown,0.50,agent
"WERHE ® Professional - 10 x drewniane ostrza do wyrzynarki - C 180 mm T744D bardzo długi - szybkie cięcie grube warstwy - kompatybilne z wyrzynarkami Bosch, Metabo, Milwaukee, Makita",7NT744Dn10,WERHE,0.80,review
"WERHE brzeszczoty do wyrzynarki do drewna, zestaw 2 szt., chwyt typu T, HCS",7NT_UNKNOWN2,WERHE,0.30,agent
"WERHE tarcza pilarska 115 x 22,23 mm, 40 zębów, węglik spiekany, do metalu",7TP115x22,WERHE,0.80,review
"WERHE ® Profi Multisägeblatt 115 x 22,23 mm 40Z Universalsägeblatt Kreissägeblatt",7TP115x22,WERHE,0.80,review
Tarcza uniwersalna 210x30 mm 60Z,7TP210x30,,0.80,review
WERHE ® profesjonalne ostrze wielofunkcyjne 210 x 30 mm 60Z zębatka uniwersalna piła okrągła,7TP210x30,WERHE,0.80,review
"Profi Multisägeblatt 190 x 30 mm, 60Z uiverselles Sägeblatt / Kreissägeblatt",7TP?,,0.20,rule_new
Profi Multisägeblatt Universalsägeblatt Kreissägeblatt 190 x 30 mm 60Z,7TP?,,0.20,rule_new
"WERHE ® Profi Multisägeblatt 125 x 22,23 mm 40Z Universalsägeblatt Kreissägeblatt",7TP?,WERHE,0.20,rule_new
WERHE ® Profi Multisägeblatt 190 x 30 mm 60Z Universalsägeblatt Kreissägeblatt,7TP?,WERHE,0.20,rule_new
WERHE ® Profi Multisägeblatt 210 x 30 mm 60Z Universalsägeblatt Kreissägeblatt,7TP?,WERHE,0.20,rule_new
"WERKON Profi Multisägeblatt 125 x 22,23 mm 40Z Universalsägeblatt Kreissägeblatt",7TP?,WERKON,0.20,rule_new
WERKON Profi Multisägeblatt 210 x 30 mm 60Z Universalsägeblatt Kreissägeblatt,7TP?,WERKON,0.20,rule_new
"WERHE ® Profi – 12 tlg. x Holz 1 tlg. Metal Stichsägeblätt Set T-Schaft – 100mm 116mm 132mm 152mm 180mm 250mm – Schnelles dicker Schneiden – Kompatibel mit Bosch, Metabo, Milwaukee Stichsägen",7ZNT13,WERHE,0.60,agent
Sznur Murarski 150m Czerwony,9Lin150,,0.80,review
"WERHE Sznur murarski na szpuli Ø1,8 mm długość 150 m z uchwytem – sznur brukarski czerwony – sznur budowlany z plecionego polipropylenu – odporny na węzły, zerwanie i obciążenia",9Lin150,WERHE,0.80,review
"WERHE Sznur murarski na szpuli Ø1,8 mm długość 150 m z uchwytem – sznur brukarski żółty – sznur budowlany z plecionego polipropylenu – odporny na węzły, zerwanie i obciążenia",9Lin150,WERHE,0.80,review
"WERHE sznurek murarski na szpuli Ø1,8 mm, długość 150 m z uchwytem – czerwony sznurek brukarski – pleciona polipropylenowa żyłka budowlana – odporna na sęki, rozdarcia i trwała",9Lin150,WERHE,0.80,review
"WERHE sznurek na szpuli Ø1,8 mm, długość 150 m z uchwytem – żółta żyłka brukarska – pleciony polipropylenowy sznurek budowlany – odporny na sęki, rozdarcia i trwały",9Lin150,WERHE,0.80,review
WERHE sworzeń szybkiej wymiany z zawleczką do świdra ziemnego,9Sw,WERHE,0.80,review
"WERHE szybki sworzeń do świdra ziemnego z zawleczką, stal sprężynowa",9Sw,WERHE,0.80,review
Werhe® 10 szt. Szybka wymiana śrub do wierteł ziemnych. Śruba zabezpieczająca z zawleczką. Wykonany z wysokiej jakości stali sprężynowej. Śruba nadaje się do wszystkich uniwersalnych wierteł ziemnych.,9Swn10,WERHE,0.50,rule_new
Zawleczka bolec 10 Sztuk,9Swn10,,0.50,rule_new
WERHE bolce szybkozłączne WERHE do świdrów ziemnych – zestaw 5 bolców blokujących ze stali sprężynowej z zawleczką – uniwersalne do stabilnego mocowania wiertła,9Swn5,WERHE,0.80,review
Werhe® 5 szt. Szybka wymiana śrub do wierteł ziemnych. Śruba bezpieczeństwa z zawleczką. Wykonany z wysokiej jakości stali sprężynowej. Śruba nadaje się do wszystkich uniwersalnych wierteł ziemnych.,9Swn5,WERHE,0.50,rule_new
Werhe® 5 szt. szybkośrubek do wierteł do ziemi. Wiertło zabezpieczające z przetyczką. Wykonane z wysokiej jakości stali sprężynowej. Śruba Pasuje do wszystkich uniwersalnych wierteł do ziemi.,9Swn5,WERHE,0.80,review
Zawleczka bolec 5 Sztuk,9Swn5,,0.50,rule_new
Zawleczki szybkie 5sztuk,9Swn5,,0.50,rule_new
"Adaptateur WERHE® 1 1/4"" UNC vers manchon R 1/2"". Pour perceuse à carotter pour scies cloches à béton, perceuse à carotter pour perceuse à canette.",9X1.1/4,WERHE,0.50,rule_new
"WERHE ® Profi Diamantscheibe 125 mm Feinsteinzeug Fliesen Granit Diamant-Trennscheibe 1,2mm",9X125,WERHE,0.50,rule_new
"WERKON Diamantscheibe 125 mm Feinsteinzeug Fliesen Granit Diamant-Trennscheibe 1,2mm",9X125,WERKON,0.50,rule_new
"WERHE ® Professionnel - 5 x Lames de puzzle en bois - C 180mm T744D Supplémentaire long - Couches épaisses de coupe rapide - Compatible avec Bosch, Metabo, Milwaukee, Makita puzzles",9X180,WERHE,0.50,rule_new
FBA15F7P0GHJ – CANCELLED ? Sprawa do wyjaśnienia,9X?,,0.20,rule_new
Hartmetall eco Farbe,9X?,,0.20,rule_new
"Meister Kerbschnitzwerkzeug-Satz 12-teilig, 7702000",9X?,,0.20,rule_new
Nie została Wysłana,9X?,,0.20,rule_new
Packer Beton Landschaftsbauer Bauherr Grundlegung Werkzeuge für Demolition Jackhammer Breaker,9X?,,0.20,rule_new
WERHE Adaptateur tarière pour STIHL BT 106 ° c BT 120 ° c BT 121/130 foret à perche,9X?,WERHE,0.20,rule_new
"\FBA (21.09.21, 13:15)",9X?,,0.20,rule_new
M14 Perceuse à percussion,9XM14,,0.50,rule_new
"M14 RÜHRWERKSADAPTER BODENBOHRMASCHINE, SCHNECKE",9XM14,,0.50,rule_new
